version 2
JvmtiExport can_access_local_variables 0
JvmtiExport can_hotswap_or_post_breakpoint 1
JvmtiExport can_post_on_exceptions 0
# 644 ciObject found
instanceKlass org/eclipse/jdt/internal/compiler/lookup/BinaryTypeBinding
ciInstanceKlass java/lang/Cloneable 1 0 7 100 1 100 1 1 1
instanceKlass org/eclipse/jdt/internal/compiler/codegen/LongCache
instanceKlass  @bci org/eclipse/jdt/internal/compiler/ast/Javadoc resolveParamTags (Lorg/eclipse/jdt/internal/compiler/lookup/MethodScope;ZZ)V 82 <appendix> member <vmtarget> ; # org/eclipse/jdt/internal/compiler/ast/Javadoc$$Lambda+0x000001513468fcf0
instanceKlass  @bci org/eclipse/jdt/internal/compiler/ast/Javadoc resolveParamTags (Lorg/eclipse/jdt/internal/compiler/lookup/MethodScope;ZZ)V 74 <appendix> form vmentry <vmtarget> ; # java/lang/invoke/LambdaForm$DMH+0x0000015134691400
instanceKlass  @bci org/eclipse/jdt/internal/compiler/ast/Javadoc resolveParamTags (Lorg/eclipse/jdt/internal/compiler/lookup/MethodScope;ZZ)V 74 <appendix> member <vmtarget> ; # org/eclipse/jdt/internal/compiler/ast/Javadoc$$Lambda+0x000001513468faa8
instanceKlass  @cpi org/eclipse/jdt/internal/compiler/ast/Javadoc 1043 form vmentry <vmtarget> ; # java/lang/invoke/LambdaForm$DMH+0x0000015134691000
# instanceKlass java/lang/invoke/LambdaForm$MH+0x0000015134690c00
instanceKlass  @bci org/eclipse/jdt/internal/compiler/ast/SwitchStatement$SwitchTranslator initializeLabels (Lorg/eclipse/jdt/internal/compiler/codegen/CodeStream;)V 27 <appendix> argL0 ; # org/eclipse/jdt/internal/compiler/ast/SwitchStatement$SwitchTranslator$$Lambda+0x000001513468f4e0
# instanceKlass java/lang/invoke/LambdaForm$MH+0x0000015134690800
# instanceKlass java/lang/invoke/LambdaForm$MH+0x0000015134690400
# instanceKlass java/lang/invoke/LambdaForm$MH+0x0000015134690000
instanceKlass  @bci org/eclipse/jdt/internal/compiler/ClassFile generateNestMembersAttribute ()I 20 <appendix> argL0 ; # org/eclipse/jdt/internal/compiler/ClassFile$$Lambda+0x000001513468f2a0
# instanceKlass java/lang/invoke/LambdaForm$MH+0x000001513468bc00
# instanceKlass java/lang/invoke/LambdaForm$MH+0x000001513468b800
# instanceKlass java/lang/invoke/LambdaForm$MH+0x000001513468b400
# instanceKlass java/lang/invoke/LambdaForm$MH+0x000001513468b000
# instanceKlass java/lang/invoke/LambdaForm$MH+0x000001513468ac00
# instanceKlass java/lang/invoke/LambdaForm$MH+0x000001513468a800
# instanceKlass java/lang/invoke/LambdaForm$MH+0x000001513468a400
# instanceKlass java/lang/invoke/LambdaForm$MH+0x000001513468a000
# instanceKlass java/lang/invoke/LambdaForm$MH+0x0000015134689c00
# instanceKlass java/lang/invoke/LambdaForm$MH+0x0000015134689800
instanceKlass  @bci org/eclipse/jdt/internal/compiler/ast/LambdaExpression generateCode (Lorg/eclipse/jdt/internal/compiler/ClassFile;)V 456 <appendix> argL0 ; # org/eclipse/jdt/internal/compiler/ast/LambdaExpression$$Lambda+0x000001513468e748
instanceKlass  @bci org/eclipse/jdt/internal/compiler/lookup/SyntheticMethodBinding <init> (Lorg/eclipse/jdt/internal/compiler/ast/LambdaExpression;[CLorg/eclipse/jdt/internal/compiler/lookup/SourceTypeBinding;)V 153 <appendix> argL0 ; # org/eclipse/jdt/internal/compiler/lookup/SyntheticMethodBinding$$Lambda+0x000001513468e528
instanceKlass  @bci org/eclipse/jdt/internal/compiler/lookup/SyntheticMethodBinding <init> (Lorg/eclipse/jdt/internal/compiler/ast/LambdaExpression;[CLorg/eclipse/jdt/internal/compiler/lookup/SourceTypeBinding;)V 143 <appendix> argL0 ; # org/eclipse/jdt/internal/compiler/lookup/SyntheticMethodBinding$$Lambda+0x000001513468e2d8
instanceKlass  @bci org/eclipse/jdt/internal/compiler/lookup/SyntheticMethodBinding <init> (Lorg/eclipse/jdt/internal/compiler/ast/LambdaExpression;[CLorg/eclipse/jdt/internal/compiler/lookup/SourceTypeBinding;)V 111 <appendix> argL0 ; # org/eclipse/jdt/internal/compiler/lookup/SyntheticMethodBinding$$Lambda+0x000001513468e088
instanceKlass  @bci org/eclipse/jdt/internal/compiler/ast/SynchronizedStatement generateCode (Lorg/eclipse/jdt/internal/compiler/lookup/BlockScope;Lorg/eclipse/jdt/internal/compiler/codegen/CodeStream;)V 167 <appendix> member <vmtarget> ; # org/eclipse/jdt/internal/compiler/ast/SynchronizedStatement$$Lambda+0x000001513468de30
instanceKlass  @bci org/eclipse/jdt/internal/compiler/lookup/ParameterizedTypeBinding capture (Lorg/eclipse/jdt/internal/compiler/lookup/Scope;II)Lorg/eclipse/jdt/internal/compiler/lookup/ParameterizedTypeBinding; 157 <appendix> member <vmtarget> ; # org/eclipse/jdt/internal/compiler/lookup/ParameterizedTypeBinding$$Lambda+0x000001513468dc08
instanceKlass  @bci org/eclipse/jdt/internal/compiler/lookup/InferenceContext18 pushBoundsTo (Lorg/eclipse/jdt/internal/compiler/lookup/InferenceContext18;)V 43 <adapter> ; # java/lang/invoke/LambdaForm$MH+0x0000015134689400
# instanceKlass java/lang/invoke/LambdaForm$DMH+0x0000015134689000
instanceKlass  @bci org/eclipse/jdt/internal/compiler/lookup/InferenceContext18 pushBoundsTo (Lorg/eclipse/jdt/internal/compiler/lookup/InferenceContext18;)V 43 <appendix> form vmentry <vmtarget> ; # java/lang/invoke/LambdaForm$DMH+0x0000015134688c00
instanceKlass  @bci org/eclipse/jdt/internal/compiler/lookup/InferenceContext18 pushBoundsTo (Lorg/eclipse/jdt/internal/compiler/lookup/InferenceContext18;)V 43 <appendix> member <vmtarget> ; # org/eclipse/jdt/internal/compiler/lookup/InferenceContext18$$Lambda+0x0000015134687dc0
instanceKlass  @bci org/eclipse/jdt/internal/compiler/ast/ArrayTypeReference internalResolveType (Lorg/eclipse/jdt/internal/compiler/lookup/Scope;I)Lorg/eclipse/jdt/internal/compiler/lookup/TypeBinding; 18 <appendix> member <vmtarget> ; # org/eclipse/jdt/internal/compiler/ast/ArrayTypeReference$$Lambda+0x0000015134686a58
# instanceKlass java/lang/invoke/LambdaForm$MH+0x0000015134688800
# instanceKlass java/lang/invoke/LambdaForm$MH+0x0000015134688400
# instanceKlass java/lang/invoke/LambdaForm$MH+0x0000015134688000
instanceKlass  @bci java/lang/String stripIndent ()Ljava/lang/String; 73 <appendix> member <vmtarget> ; # java/lang/String$$Lambda+0x0000015134661cc8
instanceKlass  @cpi java/lang/String 1423 form vmentry <vmtarget> ; # java/lang/invoke/LambdaForm$DMH+0x0000015134683c00
instanceKlass java/lang/StringLatin1$LinesSpliterator
instanceKlass  @bci org/eclipse/jdt/internal/compiler/ast/FakedTrackingVariable getCloseTrackingVariable (Lorg/eclipse/jdt/internal/compiler/ast/Expression;Lorg/eclipse/jdt/internal/compiler/flow/FlowInfo;Lorg/eclipse/jdt/internal/compiler/flow/FlowContext;Z)Lorg/eclipse/jdt/internal/compiler/ast/FakedTrackingVariable; 60 <appendix> member <vmtarget> ; # org/eclipse/jdt/internal/compiler/ast/FakedTrackingVariable$$Lambda+0x0000015134686810
# instanceKlass java/lang/invoke/LambdaForm$MH+0x0000015134683800
# instanceKlass java/lang/invoke/LambdaForm$MH+0x0000015134683400
# instanceKlass java/lang/invoke/LambdaForm$MH+0x0000015134683000
# instanceKlass java/lang/invoke/LambdaForm$MH+0x0000015134682c00
# instanceKlass java/lang/invoke/LambdaForm$MH+0x0000015134682800
# instanceKlass java/lang/invoke/LambdaForm$MH+0x0000015134682400
# instanceKlass java/lang/invoke/LambdaForm$MH+0x0000015134682000
instanceKlass  @bci org/eclipse/jdt/internal/compiler/ast/FakedTrackingVariable reportError (Lorg/eclipse/jdt/internal/compiler/problem/ProblemReporter;Lorg/eclipse/jdt/internal/compiler/ast/ASTNode;I)I 108 <appendix> member <vmtarget> ; # org/eclipse/jdt/internal/compiler/ast/FakedTrackingVariable$$Lambda+0x0000015134685e00
instanceKlass org/eclipse/jdt/internal/compiler/flow/LoopingFlowContext$EscapingExceptionCatchSite
instanceKlass  @bci org/eclipse/jdt/internal/compiler/ast/FakedTrackingVariable$1 handle (Lorg/eclipse/jdt/internal/compiler/ast/FakedTrackingVariable;Lorg/eclipse/jdt/internal/compiler/flow/FlowInfo;Lorg/eclipse/jdt/internal/compiler/ast/ASTNode;Lorg/eclipse/jdt/internal/compiler/lookup/BlockScope;)Z 47 <appendix> member <vmtarget> ; # org/eclipse/jdt/internal/compiler/ast/FakedTrackingVariable$1$$Lambda+0x00000151346859b8
instanceKlass  @cpi org/eclipse/jdt/internal/compiler/ast/FakedTrackingVariable$1 123 form vmentry <vmtarget> ; # java/lang/invoke/LambdaForm$DMH+0x0000015134681c00
# instanceKlass java/lang/invoke/LambdaForm$MH+0x0000015134681800
# instanceKlass java/lang/invoke/LambdaForm$MH+0x0000015134681400
# instanceKlass java/lang/invoke/LambdaForm$MH+0x0000015134681000
# instanceKlass java/lang/invoke/LambdaForm$MH+0x0000015134680c00
# instanceKlass java/lang/invoke/LambdaForm$MH+0x0000015134680800
# instanceKlass java/lang/invoke/LambdaForm$MH+0x0000015134680400
instanceKlass org/eclipse/jdt/internal/compiler/codegen/StackMapFrameCodeStream$ExceptionMarker
instanceKlass  @bci org/eclipse/jdt/internal/compiler/ast/SwitchStatement$SwitchTranslator$StringSwitchTranslator initializeLabels (Lorg/eclipse/jdt/internal/compiler/codegen/CodeStream;)V 27 <appendix> argL0 ; # org/eclipse/jdt/internal/compiler/ast/SwitchStatement$SwitchTranslator$StringSwitchTranslator$$Lambda+0x0000015134684248
instanceKlass org/eclipse/jdt/internal/compiler/ast/FakedTrackingVariable$IteratorForReporting
instanceKlass  @bci org/eclipse/jdt/internal/compiler/ast/FakedTrackingVariable markPassedToOutside (Lorg/eclipse/jdt/internal/compiler/lookup/BlockScope;Lorg/eclipse/jdt/internal/compiler/ast/Expression;Lorg/eclipse/jdt/internal/compiler/flow/FlowInfo;Lorg/eclipse/jdt/internal/compiler/flow/FlowContext;Z)Lorg/eclipse/jdt/internal/compiler/flow/FlowInfo; 54 <adapter> ; # java/lang/invoke/LambdaForm$MH+0x0000015134680000
# instanceKlass java/lang/invoke/LambdaForm$DMH+0x000001513465dc00
instanceKlass  @bci org/eclipse/jdt/internal/compiler/ast/FakedTrackingVariable markPassedToOutside (Lorg/eclipse/jdt/internal/compiler/lookup/BlockScope;Lorg/eclipse/jdt/internal/compiler/ast/Expression;Lorg/eclipse/jdt/internal/compiler/flow/FlowInfo;Lorg/eclipse/jdt/internal/compiler/flow/FlowContext;Z)Lorg/eclipse/jdt/internal/compiler/flow/FlowInfo; 54 <appendix> form vmentry <vmtarget> ; # java/lang/invoke/LambdaForm$DMH+0x000001513465d800
instanceKlass  @bci org/eclipse/jdt/internal/compiler/ast/FakedTrackingVariable markPassedToOutside (Lorg/eclipse/jdt/internal/compiler/lookup/BlockScope;Lorg/eclipse/jdt/internal/compiler/ast/Expression;Lorg/eclipse/jdt/internal/compiler/flow/FlowInfo;Lorg/eclipse/jdt/internal/compiler/flow/FlowContext;Z)Lorg/eclipse/jdt/internal/compiler/flow/FlowInfo; 54 <appendix> member <vmtarget> ; # org/eclipse/jdt/internal/compiler/ast/FakedTrackingVariable$$Lambda+0x000001513465f958
instanceKlass  @cpi org/eclipse/jdt/internal/compiler/ast/FakedTrackingVariable 1056 form vmentry <vmtarget> ; # java/lang/invoke/LambdaForm$DMH+0x000001513465d400
instanceKlass  @bci org/eclipse/jdt/internal/compiler/ast/FakedTrackingVariable markClose (Lorg/eclipse/jdt/internal/compiler/flow/FlowInfo;Lorg/eclipse/jdt/internal/compiler/flow/FlowContext;)V 3 <appendix> member <vmtarget> ; # org/eclipse/jdt/internal/compiler/ast/FakedTrackingVariable$$Lambda+0x000001513465f720
instanceKlass org/eclipse/jdt/internal/compiler/ast/NullAnnotationMatching
instanceKlass  @bci org/eclipse/jdt/internal/compiler/ast/FakedTrackingVariable markNullStatus (Lorg/eclipse/jdt/internal/compiler/flow/FlowInfo;Lorg/eclipse/jdt/internal/compiler/flow/FlowContext;I)V 4 <appendix> member <vmtarget> ; # org/eclipse/jdt/internal/compiler/ast/FakedTrackingVariable$$Lambda+0x000001513465ece0
instanceKlass  @cpi org/eclipse/jdt/internal/compiler/ast/FakedTrackingVariable 1046 form vmentry <vmtarget> ; # java/lang/invoke/LambdaForm$DMH+0x000001513465d000
instanceKlass  @bci org/eclipse/jdt/internal/compiler/ast/CaseStatement peeledLabelExpressions ()[Lorg/eclipse/jdt/internal/compiler/ast/Expression; 80 <appendix> argL0 ; # org/eclipse/jdt/internal/compiler/ast/CaseStatement$$Lambda+0x000001513465bd00
instanceKlass org/eclipse/jdt/internal/compiler/ast/CaseStatement$LabelExpression
instanceKlass org/eclipse/jdt/internal/compiler/ast/SwitchStatement$SwitchTranslator
instanceKlass  @bci org/eclipse/jdt/internal/compiler/parser/Scanner$Goal <clinit> ()V 468 <appendix> argL0 ; # org/eclipse/jdt/internal/compiler/parser/Scanner$Goal$$Lambda+0x00000151346596b8
instanceKlass java/util/stream/Nodes$IntArrayNode
instanceKlass java/util/stream/Node$Builder$OfInt
instanceKlass  @bci java/util/stream/IntPipeline toArray ()[I 1 <appendix> argL0 ; # java/util/stream/IntPipeline$$Lambda+0x0000015134660a08
instanceKlass  @bci org/eclipse/jdt/internal/compiler/parser/Scanner$Goal <clinit> ()V 444 <appendix> argL0 ; # org/eclipse/jdt/internal/compiler/parser/Scanner$Goal$$Lambda+0x0000015134659498
instanceKlass org/eclipse/jdt/internal/compiler/parser/Scanner$Goal
instanceKlass org/eclipse/jdt/internal/compiler/codegen/IntegerCache
instanceKlass org/eclipse/jdt/internal/compiler/codegen/DoubleCache
instanceKlass org/eclipse/core/runtime/SlicedProgressMonitor
instanceKlass  @bci org/eclipse/core/internal/resources/File internalSetMultipleContents (Ljava/util/concurrent/ConcurrentMap;IZLorg/eclipse/core/runtime/IProgressMonitor;Ljava/util/concurrent/ExecutorService;)V 63 <adapter> ; # java/lang/invoke/LambdaForm$MH+0x000001513465cc00
# instanceKlass java/lang/invoke/LambdaForm$DMH+0x000001513465c800
instanceKlass  @bci org/eclipse/core/internal/resources/File internalSetMultipleContents (Ljava/util/concurrent/ConcurrentMap;IZLorg/eclipse/core/runtime/IProgressMonitor;Ljava/util/concurrent/ExecutorService;)V 63 <appendix> form vmentry <vmtarget> ; # java/lang/invoke/LambdaForm$DMH+0x000001513465c400
instanceKlass  @bci org/eclipse/core/internal/resources/File internalSetMultipleContents (Ljava/util/concurrent/ConcurrentMap;IZLorg/eclipse/core/runtime/IProgressMonitor;Ljava/util/concurrent/ExecutorService;)V 63 <appendix> member <vmtarget> ; # org/eclipse/core/internal/resources/File$$Lambda+0x000001513439ab98
instanceKlass  @cpi org/eclipse/core/internal/resources/File 783 form vmentry <vmtarget> ; # java/lang/invoke/LambdaForm$DMH+0x000001513465c000
instanceKlass  @bci org/eclipse/core/internal/resources/Workspace createMultiple (Ljava/util/concurrent/ConcurrentMap;ILorg/eclipse/core/runtime/IProgressMonitor;Ljava/util/concurrent/ExecutorService;)V 115 <appendix> argL0 ; # org/eclipse/core/internal/resources/Workspace$$Lambda+0x000001513439a978
instanceKlass  @bci org/eclipse/core/internal/resources/Workspace createMultiple (Ljava/util/concurrent/ConcurrentMap;ILorg/eclipse/core/runtime/IProgressMonitor;Ljava/util/concurrent/ExecutorService;)V 105 <appendix> member <vmtarget> ; # org/eclipse/core/internal/resources/Workspace$$Lambda+0x000001513439a730
instanceKlass org/eclipse/jdt/internal/core/builder/NameSet
instanceKlass org/eclipse/jdt/internal/core/builder/QualifiedNameSet
instanceKlass org/eclipse/jdt/internal/compiler/ClassFile$1
instanceKlass org/eclipse/jdt/internal/compiler/ast/FunctionalExpression$1BridgeCollector
instanceKlass org/eclipse/jdt/internal/compiler/ClassFile$3
instanceKlass org/eclipse/jdt/internal/compiler/codegen/VerificationTypeInfo
instanceKlass org/eclipse/jdt/internal/compiler/codegen/StackMapFrame
instanceKlass  @bci org/eclipse/jdt/internal/compiler/lookup/Scope initializeCommonTypeBindings ()Ljava/util/Map; 515 <appendix> member <vmtarget> ; # org/eclipse/jdt/internal/compiler/lookup/Scope$$Lambda+0x0000015134657dc8
instanceKlass  @bci org/eclipse/jdt/internal/compiler/lookup/Scope initializeCommonTypeBindings ()Ljava/util/Map; 492 <appendix> member <vmtarget> ; # org/eclipse/jdt/internal/compiler/lookup/Scope$$Lambda+0x0000015134657ba0
instanceKlass  @bci org/eclipse/jdt/internal/compiler/lookup/Scope initializeCommonTypeBindings ()Ljava/util/Map; 469 <appendix> member <vmtarget> ; # org/eclipse/jdt/internal/compiler/lookup/Scope$$Lambda+0x0000015134657978
instanceKlass  @bci org/eclipse/jdt/internal/compiler/lookup/Scope initializeCommonTypeBindings ()Ljava/util/Map; 446 <appendix> member <vmtarget> ; # org/eclipse/jdt/internal/compiler/lookup/Scope$$Lambda+0x0000015134657750
instanceKlass  @bci org/eclipse/jdt/internal/compiler/lookup/Scope initializeCommonTypeBindings ()Ljava/util/Map; 423 <appendix> member <vmtarget> ; # org/eclipse/jdt/internal/compiler/lookup/Scope$$Lambda+0x0000015134657528
instanceKlass  @bci org/eclipse/jdt/internal/compiler/lookup/Scope initializeCommonTypeBindings ()Ljava/util/Map; 400 <appendix> member <vmtarget> ; # org/eclipse/jdt/internal/compiler/lookup/Scope$$Lambda+0x0000015134657300
instanceKlass  @bci org/eclipse/jdt/internal/compiler/lookup/Scope initializeCommonTypeBindings ()Ljava/util/Map; 377 <appendix> member <vmtarget> ; # org/eclipse/jdt/internal/compiler/lookup/Scope$$Lambda+0x00000151346570d8
instanceKlass  @bci org/eclipse/jdt/internal/compiler/lookup/Scope initializeCommonTypeBindings ()Ljava/util/Map; 354 <appendix> member <vmtarget> ; # org/eclipse/jdt/internal/compiler/lookup/Scope$$Lambda+0x0000015134656eb0
instanceKlass  @bci org/eclipse/jdt/internal/compiler/lookup/Scope initializeCommonTypeBindings ()Ljava/util/Map; 331 <appendix> member <vmtarget> ; # org/eclipse/jdt/internal/compiler/lookup/Scope$$Lambda+0x0000015134656c88
instanceKlass  @bci org/eclipse/jdt/internal/compiler/lookup/Scope initializeCommonTypeBindings ()Ljava/util/Map; 308 <appendix> member <vmtarget> ; # org/eclipse/jdt/internal/compiler/lookup/Scope$$Lambda+0x0000015134656a60
instanceKlass  @bci org/eclipse/jdt/internal/compiler/lookup/Scope initializeCommonTypeBindings ()Ljava/util/Map; 285 <appendix> member <vmtarget> ; # org/eclipse/jdt/internal/compiler/lookup/Scope$$Lambda+0x0000015134656838
instanceKlass  @bci org/eclipse/jdt/internal/compiler/lookup/Scope initializeCommonTypeBindings ()Ljava/util/Map; 262 <appendix> member <vmtarget> ; # org/eclipse/jdt/internal/compiler/lookup/Scope$$Lambda+0x0000015134656610
instanceKlass  @bci org/eclipse/jdt/internal/compiler/lookup/Scope initializeCommonTypeBindings ()Ljava/util/Map; 239 <appendix> member <vmtarget> ; # org/eclipse/jdt/internal/compiler/lookup/Scope$$Lambda+0x00000151346563e8
instanceKlass  @bci org/eclipse/jdt/internal/compiler/lookup/Scope initializeCommonTypeBindings ()Ljava/util/Map; 216 <appendix> member <vmtarget> ; # org/eclipse/jdt/internal/compiler/lookup/Scope$$Lambda+0x00000151346561c0
instanceKlass  @bci org/eclipse/jdt/internal/compiler/lookup/Scope initializeCommonTypeBindings ()Ljava/util/Map; 193 <appendix> member <vmtarget> ; # org/eclipse/jdt/internal/compiler/lookup/Scope$$Lambda+0x0000015134655f98
instanceKlass  @bci org/eclipse/jdt/internal/compiler/lookup/Scope initializeCommonTypeBindings ()Ljava/util/Map; 170 <appendix> member <vmtarget> ; # org/eclipse/jdt/internal/compiler/lookup/Scope$$Lambda+0x0000015134655d70
instanceKlass  @bci org/eclipse/jdt/internal/compiler/lookup/Scope initializeCommonTypeBindings ()Ljava/util/Map; 147 <appendix> member <vmtarget> ; # org/eclipse/jdt/internal/compiler/lookup/Scope$$Lambda+0x0000015134655b48
instanceKlass  @bci org/eclipse/jdt/internal/compiler/lookup/Scope initializeCommonTypeBindings ()Ljava/util/Map; 124 <appendix> member <vmtarget> ; # org/eclipse/jdt/internal/compiler/lookup/Scope$$Lambda+0x0000015134655920
instanceKlass  @bci org/eclipse/jdt/internal/compiler/lookup/Scope initializeCommonTypeBindings ()Ljava/util/Map; 101 <appendix> member <vmtarget> ; # org/eclipse/jdt/internal/compiler/lookup/Scope$$Lambda+0x00000151346556f8
instanceKlass  @bci org/eclipse/jdt/internal/compiler/lookup/Scope initializeCommonTypeBindings ()Ljava/util/Map; 78 <appendix> member <vmtarget> ; # org/eclipse/jdt/internal/compiler/lookup/Scope$$Lambda+0x00000151346554d0
instanceKlass  @bci org/eclipse/jdt/internal/compiler/lookup/Scope initializeCommonTypeBindings ()Ljava/util/Map; 55 <appendix> member <vmtarget> ; # org/eclipse/jdt/internal/compiler/lookup/Scope$$Lambda+0x00000151346552a8
instanceKlass  @bci org/eclipse/jdt/internal/compiler/lookup/Scope initializeCommonTypeBindings ()Ljava/util/Map; 32 <appendix> member <vmtarget> ; # org/eclipse/jdt/internal/compiler/lookup/Scope$$Lambda+0x0000015134655080
instanceKlass  @bci org/eclipse/jdt/internal/compiler/ast/AbstractMethodDeclaration generateCode (Lorg/eclipse/jdt/internal/compiler/ClassFile;)V 295 <appendix> argL0 ; # org/eclipse/jdt/internal/compiler/ast/AbstractMethodDeclaration$$Lambda+0x0000015134654e30
instanceKlass  @bci org/eclipse/jdt/internal/compiler/ClassFile completeMethodInfo (Lorg/eclipse/jdt/internal/compiler/lookup/MethodBinding;II)V 437 <appendix> member <vmtarget> ; # org/eclipse/jdt/internal/compiler/ClassFile$$Lambda+0x0000015134654c08
instanceKlass  @bci org/eclipse/jdt/internal/compiler/ClassFile completeMethodInfo (Lorg/eclipse/jdt/internal/compiler/lookup/MethodBinding;II)V 430 <appendix> member <vmtarget> ; # org/eclipse/jdt/internal/compiler/ClassFile$$Lambda+0x00000151346549b8
instanceKlass  @bci org/eclipse/jdt/internal/compiler/ClassFile generateTypeAnnotationsOnCodeAttribute ()I 245 <appendix> member <vmtarget> ; # org/eclipse/jdt/internal/compiler/ClassFile$$Lambda+0x0000015134654790
instanceKlass  @bci org/eclipse/jdt/internal/compiler/ClassFile generateTypeAnnotationsOnCodeAttribute ()I 239 <appendix> member <vmtarget> ; # org/eclipse/jdt/internal/compiler/ClassFile$$Lambda+0x0000015134654540
instanceKlass  @bci org/eclipse/jdt/internal/compiler/codegen/CodeStream exitUserScope (Lorg/eclipse/jdt/internal/compiler/lookup/BlockScope;)V 2 <appendix> argL0 ; # org/eclipse/jdt/internal/compiler/codegen/CodeStream$$Lambda+0x00000151346542f0
instanceKlass  @bci org/eclipse/jdt/internal/compiler/ast/ConstructorDeclaration internalGenerateCode (Lorg/eclipse/jdt/internal/compiler/lookup/ClassScope;Lorg/eclipse/jdt/internal/compiler/ClassFile;)V 700 <appendix> argL0 ; # org/eclipse/jdt/internal/compiler/ast/ConstructorDeclaration$$Lambda+0x00000151346540a0
instanceKlass org/eclipse/jdt/internal/compiler/codegen/StackMapFrameCodeStream$FramePosition
instanceKlass org/eclipse/jdt/internal/compiler/codegen/CachedIndexEntry
instanceKlass  @bci org/eclipse/jdt/internal/compiler/ClassFile addFieldAttributes (Lorg/eclipse/jdt/internal/compiler/lookup/FieldBinding;I)I 220 <appendix> member <vmtarget> ; # org/eclipse/jdt/internal/compiler/ClassFile$$Lambda+0x0000015134653620
instanceKlass  @bci org/eclipse/jdt/internal/compiler/ClassFile addFieldAttributes (Lorg/eclipse/jdt/internal/compiler/lookup/FieldBinding;I)I 213 <appendix> member <vmtarget> ; # org/eclipse/jdt/internal/compiler/ClassFile$$Lambda+0x00000151346533d0
instanceKlass org/eclipse/jdt/internal/compiler/util/HashtableOfInteger
instanceKlass org/eclipse/jdt/internal/compiler/codegen/CharArrayCache
instanceKlass org/eclipse/jdt/internal/compiler/codegen/OperandStack
instanceKlass  @bci org/eclipse/jdt/internal/compiler/ast/MethodDeclaration analyseCode (Lorg/eclipse/jdt/internal/compiler/lookup/ClassScope;Lorg/eclipse/jdt/internal/compiler/flow/FlowContext;Lorg/eclipse/jdt/internal/compiler/flow/FlowInfo;)V 273 <appendix> argL0 ; # org/eclipse/jdt/internal/compiler/ast/MethodDeclaration$$Lambda+0x000001513464e9f8
instanceKlass org/eclipse/jdt/internal/compiler/ast/UnlikelyArgumentCheck
instanceKlass org/eclipse/jdt/internal/compiler/lookup/InferenceContext18$3
instanceKlass org/eclipse/jdt/internal/compiler/lookup/InferenceContext18$2
# instanceKlass java/lang/invoke/LambdaForm$MH+0x000001513464e400
instanceKlass  @bci org/eclipse/jdt/internal/compiler/lookup/ReferenceBinding getFunctionalInterfaceAbstractContracts (Lorg/eclipse/jdt/internal/compiler/lookup/Scope;Z)[Lorg/eclipse/jdt/internal/compiler/lookup/MethodBinding; 252 <appendix> argL0 ; # org/eclipse/jdt/internal/compiler/lookup/ReferenceBinding$$Lambda+0x000001513464a4f8
instanceKlass  @bci org/eclipse/jdt/internal/compiler/lookup/ReferenceBinding getFunctionalInterfaceAbstractContracts (Lorg/eclipse/jdt/internal/compiler/lookup/Scope;Z)[Lorg/eclipse/jdt/internal/compiler/lookup/MethodBinding; 242 <appendix> argL0 ; # org/eclipse/jdt/internal/compiler/lookup/ReferenceBinding$$Lambda+0x000001513464a2a8
instanceKlass  @bci org/eclipse/jdt/internal/compiler/lookup/ReferenceBinding getFunctionalInterfaceAbstractContracts (Lorg/eclipse/jdt/internal/compiler/lookup/Scope;Z)[Lorg/eclipse/jdt/internal/compiler/lookup/MethodBinding; 40 <appendix> argL0 ; # org/eclipse/jdt/internal/compiler/lookup/ReferenceBinding$$Lambda+0x000001513464a088
instanceKlass  @bci org/eclipse/jdt/internal/compiler/lookup/ReferenceBinding getFunctionalInterfaceAbstractContracts (Lorg/eclipse/jdt/internal/compiler/lookup/Scope;Z)[Lorg/eclipse/jdt/internal/compiler/lookup/MethodBinding; 30 <appendix> argL0 ; # org/eclipse/jdt/internal/compiler/lookup/ReferenceBinding$$Lambda+0x0000015134649df0
instanceKlass  @bci org/eclipse/jdt/internal/compiler/lookup/ReferenceBinding collateFunctionalInterfaceContracts (Lorg/eclipse/jdt/internal/compiler/lookup/Scope;ZLjava/util/Set;)Ljava/util/stream/Stream; 47 <appendix> member <vmtarget> ; # org/eclipse/jdt/internal/compiler/lookup/ReferenceBinding$$Lambda+0x0000015134649ba8
instanceKlass  @cpi org/eclipse/jdt/internal/compiler/lookup/ReferenceBinding 1656 form vmentry <vmtarget> ; # java/lang/invoke/LambdaForm$DMH+0x000001513464e000
instanceKlass  @bci org/eclipse/jdt/internal/compiler/lookup/ReferenceBinding collateFunctionalInterfaceContracts (Lorg/eclipse/jdt/internal/compiler/lookup/Scope;ZLjava/util/Set;)Ljava/util/stream/Stream; 34 <appendix> member <vmtarget> ; # org/eclipse/jdt/internal/compiler/lookup/ReferenceBinding$$Lambda+0x0000015134649950
instanceKlass  @bci org/eclipse/jdt/internal/compiler/lookup/ReferenceBinding collateFunctionalInterfaceContracts (Lorg/eclipse/jdt/internal/compiler/lookup/Scope;ZLjava/util/Set;)Ljava/util/stream/Stream; 19 <appendix> member <vmtarget> ; # org/eclipse/jdt/internal/compiler/lookup/ReferenceBinding$$Lambda+0x00000151346496f8
# instanceKlass java/lang/invoke/LambdaForm$MH+0x000001513464dc00
# instanceKlass java/lang/invoke/LambdaForm$MH+0x000001513464d800
# instanceKlass java/lang/invoke/LambdaForm$MH+0x000001513464d400
# instanceKlass java/lang/invoke/LambdaForm$MH+0x000001513464d000
instanceKlass lombok/launch/PatchFixesHider$Val
instanceKlass lombok/eclipse/agent/PatchExtensionMethod$Reflection
# instanceKlass java/lang/invoke/LambdaForm$MH+0x000001513464cc00
# instanceKlass java/lang/invoke/LambdaForm$MH+0x000001513464c800
# instanceKlass java/lang/invoke/LambdaForm$MH+0x000001513464c400
# instanceKlass java/lang/invoke/LambdaForm$MH+0x000001513464c000
instanceKlass lombok/eclipse/agent/PatchExtensionMethod$PostponedError
instanceKlass lombok/eclipse/agent/PatchExtensionMethod
instanceKlass lombok/launch/PatchFixesHider$ExtensionMethod
instanceKlass  @bci org/eclipse/jdt/internal/compiler/lookup/BoundSet properTypesByInferenceVariable ([Lorg/eclipse/jdt/internal/compiler/lookup/TypeBound;[Lorg/eclipse/jdt/internal/compiler/lookup/TypeBound;)Ljava/util/Map; 34 <appendix> argL0 ; # org/eclipse/jdt/internal/compiler/lookup/BoundSet$$Lambda+0x00000151346490c0
instanceKlass  @bci org/eclipse/jdt/internal/compiler/lookup/BoundSet properTypesByInferenceVariable ([Lorg/eclipse/jdt/internal/compiler/lookup/TypeBound;[Lorg/eclipse/jdt/internal/compiler/lookup/TypeBound;)Ljava/util/Map; 26 <appendix> argL0 ; # org/eclipse/jdt/internal/compiler/lookup/BoundSet$$Lambda+0x0000015134648e80
instanceKlass  @bci org/eclipse/jdt/internal/compiler/lookup/BoundSet properTypesByInferenceVariable ([Lorg/eclipse/jdt/internal/compiler/lookup/TypeBound;[Lorg/eclipse/jdt/internal/compiler/lookup/TypeBound;)Ljava/util/Map; 16 <appendix> argL0 ; # org/eclipse/jdt/internal/compiler/lookup/BoundSet$$Lambda+0x0000015134648c30
instanceKlass  @bci org/eclipse/jdt/internal/compiler/lookup/BoundSet properTypesByInferenceVariable ([Lorg/eclipse/jdt/internal/compiler/lookup/TypeBound;[Lorg/eclipse/jdt/internal/compiler/lookup/TypeBound;)Ljava/util/Map; 6 <appendix> argL0 ; # org/eclipse/jdt/internal/compiler/lookup/BoundSet$$Lambda+0x00000151346489e0
instanceKlass org/eclipse/jdt/internal/compiler/lookup/BoundSet$ThreeSets
instanceKlass org/eclipse/jdt/internal/compiler/lookup/InferenceVariable$InferenceVarKey
instanceKlass org/eclipse/jdt/internal/compiler/lookup/BoundSet
instanceKlass org/eclipse/jdt/internal/compiler/lookup/ParameterizedMethodBinding$1
instanceKlass org/eclipse/jdt/internal/compiler/lookup/Scope$2
instanceKlass org/eclipse/jdt/internal/compiler/util/Sorting
instanceKlass lombok/var
instanceKlass lombok/val
instanceKlass org/eclipse/jdt/internal/compiler/DefaultErrorHandlingPolicies$5
instanceKlass lombok/eclipse/agent/PatchVal
instanceKlass  @bci org/eclipse/jdt/internal/compiler/ProcessTaskManager <init> (Lorg/eclipse/jdt/internal/compiler/Compiler;I)V 37 <appendix> member <vmtarget> ; # org/eclipse/jdt/internal/compiler/ProcessTaskManager$$Lambda+0x0000015134644000
instanceKlass  @bci org/eclipse/jdt/internal/compiler/ProcessTaskManager <clinit> ()V 10 <appendix> argL0 ; # org/eclipse/jdt/internal/compiler/ProcessTaskManager$$Lambda+0x000001513463fc08
instanceKlass org/eclipse/jdt/internal/compiler/ProcessTaskManager
instanceKlass org/eclipse/jdt/internal/compiler/lookup/ExtendedTagBits
instanceKlass org/eclipse/jdt/internal/compiler/lookup/SourceTypeBinding$1
instanceKlass  @bci org/eclipse/jdt/internal/compiler/ast/TypeDeclaration protoFieldDeclarations ()[Lorg/eclipse/jdt/internal/compiler/ast/AbstractVariableDeclaration; 30 <appendix> argL0 ; # org/eclipse/jdt/internal/compiler/ast/TypeDeclaration$$Lambda+0x000001513463da58
instanceKlass lombok/eclipse/agent/PatchDelegate$EclipseOnlyMethods
# instanceKlass java/lang/invoke/LambdaForm$MH+0x0000015134640800
# instanceKlass java/lang/invoke/LambdaForm$MH+0x0000015134640400
instanceKlass lombok/eclipse/agent/PatchDelegatePortal$Reflection
instanceKlass lombok/eclipse/agent/PatchDelegate$BindingTuple
instanceKlass lombok/eclipse/agent/PatchDelegate
instanceKlass lombok/eclipse/agent/PatchDelegatePortal
instanceKlass lombok/launch/PatchFixesHider$Delegate
instanceKlass org/eclipse/jdt/internal/compiler/lookup/CapturingContext
instanceKlass  @bci org/eclipse/jdt/internal/compiler/lookup/TypeSystem$HashedParameterizedTypes$PTBKey <init> (Lorg/eclipse/jdt/internal/compiler/lookup/TypeSystem$HashedParameterizedTypes;Lorg/eclipse/jdt/internal/compiler/lookup/ReferenceBinding;[Lorg/eclipse/jdt/internal/compiler/lookup/TypeBinding;Lorg/eclipse/jdt/internal/compiler/lookup/ReferenceBinding;Lorg/eclipse/jdt/internal/compiler/lookup/LookupEnvironment;)V 118 <appendix> member <vmtarget> ; # org/eclipse/jdt/internal/compiler/lookup/TypeSystem$HashedParameterizedTypes$PTBKey$$Lambda+0x000001513463d1d0
instanceKlass  @cpi org/eclipse/jdt/internal/compiler/lookup/TypeSystem$HashedParameterizedTypes$PTBKey 181 form vmentry <vmtarget> ; # java/lang/invoke/LambdaForm$DMH+0x0000015134640000
instanceKlass  @bci org/eclipse/jdt/internal/compiler/lookup/LookupEnvironment askForType ([[CLorg/eclipse/jdt/internal/compiler/lookup/ModuleBinding;)Lorg/eclipse/jdt/internal/compiler/lookup/ReferenceBinding; 48 <appendix> member <vmtarget> ; # org/eclipse/jdt/internal/compiler/lookup/LookupEnvironment$$Lambda+0x000001513463cf88
instanceKlass org/eclipse/jdt/internal/compiler/lookup/ReferenceBindingSetWrapper
instanceKlass org/eclipse/jdt/internal/compiler/classfmt/TypeAnnotationWalker
instanceKlass org/eclipse/jdt/internal/compiler/lookup/AnnotationHolder
instanceKlass org/eclipse/jdt/internal/compiler/classfmt/ElementValuePairInfo
instanceKlass org/eclipse/jdt/internal/compiler/lookup/TypeSystem$HashedParameterizedTypes$PTBKey
instanceKlass  @bci org/eclipse/jdt/internal/compiler/lookup/LookupEnvironment getTypeArgumentsFromSignature (Lorg/eclipse/jdt/internal/compiler/lookup/SignatureWrapper;[Lorg/eclipse/jdt/internal/compiler/lookup/TypeVariableBinding;Lorg/eclipse/jdt/internal/compiler/lookup/ReferenceBinding;Lorg/eclipse/jdt/internal/compiler/lookup/ReferenceBinding;[[[CLorg/eclipse/jdt/internal/compiler/env/ITypeAnnotationWalker;)[Lorg/eclipse/jdt/internal/compiler/lookup/TypeBinding; 72 <appendix> argL0 ; # org/eclipse/jdt/internal/compiler/lookup/LookupEnvironment$$Lambda+0x0000015134639a70
instanceKlass org/eclipse/jdt/internal/compiler/lookup/SignatureWrapper
instanceKlass org/eclipse/jdt/internal/compiler/classfmt/JavaBinaryNames
instanceKlass org/eclipse/jdt/internal/compiler/env/ITypeAnnotationWalker$1
instanceKlass org/eclipse/jdt/internal/compiler/lookup/BinaryTypeBinding$VariableBindingInitialization
instanceKlass org/eclipse/jdt/internal/compiler/env/ITypeAnnotationWalker
instanceKlass  @bci org/eclipse/jdt/internal/compiler/lookup/CompilationUnitScope checkAndSetImports ()V 310 <appendix> member <vmtarget> ; # org/eclipse/jdt/internal/compiler/lookup/CompilationUnitScope$$Lambda+0x0000015134633a30
instanceKlass  @bci java/util/function/Predicate negate ()Ljava/util/function/Predicate; 1 <appendix> member <vmtarget> ; # java/util/function/Predicate$$Lambda+0x000001513437eba0
instanceKlass  @cpi java/util/function/Predicate 75 form vmentry <vmtarget> ; # java/lang/invoke/LambdaForm$DMH+0x0000015134631000
instanceKlass  @bci org/eclipse/jdt/internal/compiler/lookup/CompilationUnitScope checkAndSetImports ()V 295 <appendix> argL0 ; # org/eclipse/jdt/internal/compiler/lookup/CompilationUnitScope$$Lambda+0x00000151346337e0
instanceKlass  @bci org/eclipse/jdt/internal/compiler/util/JrtFileSystem hasClassFile (Ljava/lang/String;Ljava/lang/String;)Z 92 <appendix> argL0 ; # org/eclipse/jdt/internal/compiler/util/JrtFileSystem$$Lambda+0x0000015134633398
instanceKlass  @bci java/nio/file/Files asUncheckedRunnable (Ljava/io/Closeable;)Ljava/lang/Runnable; 1 <appendix> member <vmtarget> ; # java/nio/file/Files$$Lambda+0x000001513437e978
instanceKlass java/nio/file/Files$2
instanceKlass  @bci org/eclipse/jdt/internal/compiler/lookup/ModuleBinding collectTransitiveDependencies (Ljava/util/Set;)V 6 <appendix> member <vmtarget> ; # org/eclipse/jdt/internal/compiler/lookup/ModuleBinding$$Lambda+0x0000015134633160
instanceKlass  @bci org/eclipse/jdt/internal/compiler/lookup/ModuleBinding lambda$6 ()Ljava/util/Collection; 15 <appendix> argL0 ; # org/eclipse/jdt/internal/compiler/lookup/ModuleBinding$$Lambda+0x0000015134632f30
instanceKlass  @bci org/eclipse/jdt/internal/compiler/lookup/ModuleBinding lambda$6 ()Ljava/util/Collection; 10 <appendix> argL0 ; # org/eclipse/jdt/internal/compiler/lookup/ModuleBinding$$Lambda+0x0000015134632d00
instanceKlass  @bci org/eclipse/jdt/internal/compiler/lookup/ModuleBinding lambda$6 ()Ljava/util/Collection; 5 <appendix> argL0 ; # org/eclipse/jdt/internal/compiler/lookup/ModuleBinding$$Lambda+0x0000015134632ae0
instanceKlass  @bci org/eclipse/jdt/internal/compiler/lookup/ModuleBinding dependencyCollector ()Ljava/util/function/Supplier; 1 <appendix> member <vmtarget> ; # org/eclipse/jdt/internal/compiler/lookup/ModuleBinding$$Lambda+0x00000151346328b8
instanceKlass org/eclipse/jdt/internal/core/builder/ModulePathEntry
instanceKlass  @bci org/eclipse/jdt/internal/compiler/lookup/LookupEnvironment askForType (Lorg/eclipse/jdt/internal/compiler/lookup/PackageBinding;[CLorg/eclipse/jdt/internal/compiler/lookup/ModuleBinding;)Lorg/eclipse/jdt/internal/compiler/lookup/ReferenceBinding; 63 <appendix> member <vmtarget> ; # org/eclipse/jdt/internal/compiler/lookup/LookupEnvironment$$Lambda+0x0000015134632478
instanceKlass org/eclipse/jdt/internal/compiler/env/NameEnvironmentAnswer
# instanceKlass java/lang/invoke/LambdaForm$MH+0x0000015134630c00
instanceKlass org/eclipse/jdt/internal/compiler/parser/NullMarkdownHelper
instanceKlass org/eclipse/jdt/internal/compiler/parser/IMarkdownCommentHelper
# instanceKlass java/lang/invoke/LambdaForm$MH+0x0000015134630800
# instanceKlass java/lang/invoke/LambdaForm$MH+0x0000015134630400
instanceKlass lombok/core/TypeResolver
# instanceKlass java/lang/invoke/LambdaForm$MH+0x0000015134630000
instanceKlass lombok/core/AST$FieldAccess
instanceKlass org/eclipse/jdt/internal/compiler/lookup/InferenceContext18
instanceKlass org/eclipse/jdt/core/dom/PrimitiveType$Code
instanceKlass org/eclipse/jdt/core/dom/ASTConverter$ISetJavaDoc
instanceKlass org/eclipse/jdt/core/dom/ASTConverter$IGetJavaDoc
instanceKlass org/eclipse/jdt/core/dom/InfixExpression$Operator
instanceKlass org/eclipse/jdt/core/dom/ModuleModifier$ModuleModifierKeyword
instanceKlass org/eclipse/jdt/core/dom/ASTConverter
instanceKlass  @bci org/eclipse/m2e/core/internal/embedder/MavenImpl getMirror (Lorg/apache/maven/artifact/repository/ArtifactRepository;)Lorg/apache/maven/settings/Mirror; 6 <appendix> member <vmtarget> ; # org/eclipse/m2e/core/internal/embedder/MavenImpl$$Lambda+0x0000015134610e10
instanceKlass  @bci org/eclipse/m2e/core/internal/embedder/MavenImpl addDefaultRepository (Ljava/util/List;)V 6 <appendix> argL0 ; # org/eclipse/m2e/core/internal/embedder/MavenImpl$$Lambda+0x0000015134610bc0
instanceKlass org/apache/commons/codec/CharEncoding
instanceKlass org/apache/commons/codec/binary/Hex
instanceKlass org/apache/commons/codec/BinaryDecoder
instanceKlass org/apache/commons/codec/Decoder
instanceKlass org/apache/commons/codec/BinaryEncoder
instanceKlass org/apache/commons/codec/Encoder
instanceKlass sun/security/provider/ByteArrayAccess$LE
instanceKlass org/apache/commons/codec/binary/StringUtils
instanceKlass org/apache/commons/codec/digest/DigestUtils
instanceKlass lombok/eclipse/agent/PatchValEclipse$Reflection
instanceKlass org/eclipse/m2e/core/internal/embedder/ReadonlyMavenExecutionRequest
# instanceKlass java/lang/invoke/LambdaForm$MH+0x0000015134614400
# instanceKlass java/lang/invoke/LambdaForm$MH+0x0000015134614000
instanceKlass org/eclipse/jdt/ls/core/internal/JobHelpers$InitializeJobMatcher
instanceKlass org/eclipse/m2e/core/internal/embedder/AbstractTransferListenerAdapter
instanceKlass org/apache/maven/session/scope/internal/SessionScope$CachingProvider
instanceKlass  @bci org/apache/maven/session/scope/internal/SessionScope seed (Ljava/lang/Class;Ljava/lang/Object;)V 3 <appendix> member <vmtarget> ; # org/apache/maven/session/scope/internal/SessionScope$$Lambda+0x0000015134608000
instanceKlass  @bci org/eclipse/lsp4j/jsonrpc/RemoteEndpoint handleRequest (Lorg/eclipse/lsp4j/jsonrpc/messages/RequestMessage;)V 142 <appendix> member <vmtarget> ; # org/eclipse/lsp4j/jsonrpc/RemoteEndpoint$$Lambda+0x00000151344897e8
instanceKlass org/apache/maven/settings/RuntimeInfo
instanceKlass  @bci org/eclipse/lsp4j/jsonrpc/RemoteEndpoint handleRequest (Lorg/eclipse/lsp4j/jsonrpc/messages/RequestMessage;)V 132 <appendix> member <vmtarget> ; # org/eclipse/lsp4j/jsonrpc/RemoteEndpoint$$Lambda+0x00000151344895a0
instanceKlass org/apache/maven/execution/DefaultMavenExecutionResult
instanceKlass org/eclipse/aether/AbstractForwardingRepositorySystemSession
# instanceKlass java/lang/invoke/LambdaForm$MH+0x0000015134604800
instanceKlass org/eclipse/jdt/core/dom/Modifier$ModifierKeyword
instanceKlass org/eclipse/aether/internal/impl/Utils
instanceKlass org/eclipse/aether/internal/impl/LocalPathPrefixComposerFactorySupport$LocalPathPrefixComposerSupport
instanceKlass org/eclipse/aether/internal/impl/SimpleLocalRepositoryManager
instanceKlass org/eclipse/aether/internal/impl/PrioritizedComponent
instanceKlass org/eclipse/lsp4j/FileOperationPatternOptions
instanceKlass org/eclipse/sisu/wire/EntrySetAdapter$ValueIterator
instanceKlass org/eclipse/aether/internal/impl/PrioritizedComponents
instanceKlass org/eclipse/lsp4j/FileOperationPattern
instanceKlass org/eclipse/jdt/core/dom/IExtendedModifier
instanceKlass  @bci org/apache/maven/RepositoryUtils toRepos (Ljava/util/List;)Ljava/util/List; 18 <appendix> argL0 ; # org/apache/maven/RepositoryUtils$$Lambda+0x0000015134606210
instanceKlass org/eclipse/lsp4j/FileOperationFilter
instanceKlass org/eclipse/aether/repository/RemoteRepository$Builder
instanceKlass org/eclipse/lsp4j/FileOperationOptions
instanceKlass org/eclipse/jdt/core/dom/AST
instanceKlass org/eclipse/lsp4j/FileOperationsServerCapabilities
instanceKlass org/eclipse/aether/util/ConfigUtils
instanceKlass org/eclipse/aether/util/repository/DefaultAuthenticationSelector
instanceKlass org/eclipse/aether/util/repository/DefaultProxySelector
instanceKlass org/eclipse/jdt/core/dom/IDocElement
instanceKlass org/eclipse/aether/util/repository/DefaultMirrorSelector
instanceKlass org/apache/maven/settings/crypto/DefaultSettingsDecryptionResult
instanceKlass lombok/eclipse/agent/PatchValEclipse
instanceKlass org/apache/maven/settings/crypto/DefaultSettingsDecryptionRequest
instanceKlass org/apache/maven/RepositoryUtils$MavenArtifactTypeRegistry
instanceKlass org/apache/maven/RepositoryUtils
instanceKlass lombok/eclipse/agent/PatchValEclipsePortal$Reflection
# instanceKlass java/lang/invoke/LambdaForm$MH+0x0000015134604400
# instanceKlass java/lang/invoke/LambdaForm$MH+0x0000015134604000
instanceKlass org/eclipse/aether/util/repository/SimpleResolutionErrorPolicy
instanceKlass lombok/eclipse/agent/PatchValEclipsePortal
instanceKlass  @bci org/apache/maven/internal/aether/DefaultRepositorySystemSessionFactory getPropertiesFromRequestedProfiles (Lorg/apache/maven/execution/MavenExecutionRequest;)Ljava/util/Map; 59 <appendix> argL0 ; # org/apache/maven/internal/aether/DefaultRepositorySystemSessionFactory$$Lambda+0x00000151345fe308
instanceKlass  @bci org/apache/maven/internal/aether/DefaultRepositorySystemSessionFactory getPropertiesFromRequestedProfiles (Lorg/apache/maven/execution/MavenExecutionRequest;)Ljava/util/Map; 54 <appendix> argL0 ; # org/apache/maven/internal/aether/DefaultRepositorySystemSessionFactory$$Lambda+0x00000151345fe0c8
instanceKlass  @bci org/apache/maven/internal/aether/DefaultRepositorySystemSessionFactory getPropertiesFromRequestedProfiles (Lorg/apache/maven/execution/MavenExecutionRequest;)Ljava/util/Map; 49 <appendix> argL0 ; # org/apache/maven/internal/aether/DefaultRepositorySystemSessionFactory$$Lambda+0x00000151345fde88
instanceKlass  @bci org/apache/maven/internal/aether/DefaultRepositorySystemSessionFactory getPropertiesFromRequestedProfiles (Lorg/apache/maven/execution/MavenExecutionRequest;)Ljava/util/Map; 39 <appendix> argL0 ; # org/apache/maven/internal/aether/DefaultRepositorySystemSessionFactory$$Lambda+0x00000151345fdc48
instanceKlass lombok/launch/PatchFixesHider$ValPortal
instanceKlass  @bci org/apache/maven/internal/aether/DefaultRepositorySystemSessionFactory getPropertiesFromRequestedProfiles (Lorg/apache/maven/execution/MavenExecutionRequest;)Ljava/util/Map; 29 <appendix> argL0 ; # org/apache/maven/internal/aether/DefaultRepositorySystemSessionFactory$$Lambda+0x00000151345fda08
instanceKlass  @bci org/apache/maven/internal/aether/DefaultRepositorySystemSessionFactory getPropertiesFromRequestedProfiles (Lorg/apache/maven/execution/MavenExecutionRequest;)Ljava/util/Map; 19 <appendix> member <vmtarget> ; # org/apache/maven/internal/aether/DefaultRepositorySystemSessionFactory$$Lambda+0x00000151345fd7b0
instanceKlass org/eclipse/aether/util/repository/SimpleArtifactDescriptorPolicy
instanceKlass org/eclipse/aether/artifact/DefaultArtifactType
instanceKlass org/eclipse/lsp4j/CompletionItemOptions
instanceKlass org/eclipse/aether/util/artifact/SimpleArtifactTypeRegistry
instanceKlass org/eclipse/aether/util/graph/transformer/JavaDependencyContextRefiner
instanceKlass org/eclipse/aether/util/graph/transformer/ChainedDependencyGraphTransformer
instanceKlass org/eclipse/lsp4j/NotebookSelectorCell
instanceKlass org/eclipse/lsp4j/NotebookDocumentFilter
instanceKlass org/eclipse/aether/util/graph/transformer/ConflictResolver
instanceKlass org/eclipse/lsp4j/NotebookSelector
instanceKlass org/eclipse/aether/graph/Exclusion
instanceKlass org/eclipse/aether/util/graph/selector/ExclusionDependencySelector
instanceKlass org/eclipse/jdt/internal/compiler/util/HashtableOfType
instanceKlass org/eclipse/aether/util/graph/selector/OptionalDependencySelector
instanceKlass org/eclipse/aether/util/graph/selector/ScopeDependencySelector
instanceKlass org/eclipse/aether/util/graph/selector/AndDependencySelector
instanceKlass org/eclipse/lsp4j/DocumentOnTypeFormattingOptions
instanceKlass org/eclipse/aether/util/graph/manager/ClassicDependencyManager
instanceKlass org/eclipse/aether/util/graph/traverser/FatArtifactTraverser
instanceKlass  @bci org/eclipse/jdt/internal/compiler/util/SortedCharArrays <clinit> ()V 8 <appendix> argL0 ; # org/eclipse/jdt/internal/compiler/util/SortedCharArrays$$Lambda+0x00000151345f86a0
instanceKlass org/eclipse/aether/DefaultSessionData
instanceKlass  @bci org/eclipse/jdt/internal/compiler/util/SortedCharArrays <clinit> ()V 0 <appendix> argL0 ; # org/eclipse/jdt/internal/compiler/util/SortedCharArrays$$Lambda+0x00000151345f8408
instanceKlass org/eclipse/lsp4j/AbstractWorkDoneProgressOptions
instanceKlass org/eclipse/jdt/internal/compiler/util/SortedCharArrays
instanceKlass org/eclipse/aether/DefaultRepositorySystemSession$NullFileTransformerManager
instanceKlass org/eclipse/aether/transform/FileTransformerManager
instanceKlass org/eclipse/aether/DefaultRepositorySystemSession$NullArtifactTypeRegistry
instanceKlass org/eclipse/aether/DefaultRepositorySystemSession$NullAuthenticationSelector
instanceKlass org/eclipse/lsp4j/NotebookDocumentSyncRegistrationOptions
instanceKlass org/eclipse/aether/DefaultRepositorySystemSession$NullProxySelector
instanceKlass  @bci org/eclipse/jdt/internal/core/builder/NameEnvironment findClass (Ljava/lang/String;[CLorg/eclipse/jdt/internal/compiler/env/IModuleAwareNameEnvironment$LookupStrategy;Ljava/lang/String;)Lorg/eclipse/jdt/internal/compiler/env/NameEnvironmentAnswer; 380 <appendix> member <vmtarget> ; # org/eclipse/jdt/internal/core/builder/NameEnvironment$$Lambda+0x00000151345a5598
instanceKlass org/eclipse/aether/DefaultRepositorySystemSession$NullMirrorSelector
instanceKlass  @bci org/eclipse/jdt/internal/core/builder/NameEnvironment findClass (Ljava/lang/String;[CLorg/eclipse/jdt/internal/compiler/env/IModuleAwareNameEnvironment$LookupStrategy;Ljava/lang/String;)Lorg/eclipse/jdt/internal/compiler/env/NameEnvironmentAnswer; 339 <appendix> argL0 ; # org/eclipse/jdt/internal/core/builder/NameEnvironment$$Lambda+0x00000151345a5348
instanceKlass org/eclipse/jdt/internal/compiler/env/INameEnvironmentExtension
instanceKlass org/eclipse/aether/SessionData
instanceKlass org/eclipse/aether/artifact/ArtifactTypeRegistry
instanceKlass  @bci org/eclipse/lsp4j/jsonrpc/RemoteEndpoint handleRequest (Lorg/eclipse/lsp4j/jsonrpc/messages/RequestMessage;)V 121 <appendix> member <vmtarget> ; # org/eclipse/lsp4j/jsonrpc/RemoteEndpoint$$Lambda+0x0000015134489368
instanceKlass org/apache/maven/repository/internal/MavenRepositorySystemUtils
instanceKlass java/util/concurrent/CompletableFuture$AsynchronousCompletionTask
instanceKlass java/util/concurrent/CompletableFuture$AltResult
instanceKlass org/apache/maven/graph/DefaultGraphBuilder$$FastClassByGuice$$196849888
instanceKlass  @bci org/eclipse/jdt/ls/core/internal/handlers/SemanticTokensHandler legend ()Lorg/eclipse/lsp4j/SemanticTokensLegend; 37 <appendix> argL0 ; # org/eclipse/jdt/ls/core/internal/handlers/SemanticTokensHandler$$Lambda+0x00000151345e9ab0
instanceKlass jdk/internal/math/MathUtils
instanceKlass jdk/internal/math/FloatToDecimal
instanceKlass org/apache/maven/plugin/prefix/internal/DefaultPluginPrefixResolver$$FastClassByGuice$$195911812
instanceKlass  @bci org/eclipse/jdt/ls/core/internal/handlers/SemanticTokensHandler legend ()Lorg/eclipse/lsp4j/SemanticTokensLegend; 10 <appendix> argL0 ; # org/eclipse/jdt/ls/core/internal/handlers/SemanticTokensHandler$$Lambda+0x00000151345e9428
instanceKlass org/eclipse/jdt/internal/compiler/util/CharArrayHashMap
instanceKlass org/apache/maven/plugin/CompoundMojoExecutionListener
instanceKlass org/eclipse/jdt/core/dom/IBinding
instanceKlass org/apache/maven/plugin/DefaultBuildPluginManager$$FastClassByGuice$$194841950
instanceKlass  @bci org/eclipse/jdt/internal/compiler/lookup/ModuleBinding combineWithPackagesFromOtherRelevantModules (Lorg/eclipse/jdt/internal/compiler/lookup/PackageBinding;[[C[[C)Lorg/eclipse/jdt/internal/compiler/lookup/PackageBinding; 20 <appendix> member <vmtarget> ; # org/eclipse/jdt/internal/compiler/lookup/ModuleBinding$$Lambda+0x00000151345f3448
instanceKlass org/eclipse/lsp4j/SemanticTokensLegend
instanceKlass org/apache/maven/lifecycle/internal/DefaultLifecycleTaskSegmentCalculator$$FastClassByGuice$$193081517
instanceKlass org/eclipse/jdt/ls/core/internal/handlers/SemanticTokensHandler
instanceKlass org/apache/maven/lifecycle/internal/DefaultExecutionEventCatapult$$FastClassByGuice$$192315313
instanceKlass org/eclipse/jdt/internal/compiler/env/ISourceModule
instanceKlass  @bci org/eclipse/jdt/internal/compiler/lookup/ModuleBinding otherRelevantModules ([[C)Ljava/util/List; 43 <appendix> argL0 ; # org/eclipse/jdt/internal/compiler/lookup/ModuleBinding$$Lambda+0x00000151345f2730
instanceKlass  @bci org/eclipse/jdt/internal/compiler/lookup/ModuleBinding otherRelevantModules ([[C)Ljava/util/List; 33 <appendix> member <vmtarget> ; # org/eclipse/jdt/internal/compiler/lookup/ModuleBinding$$Lambda+0x00000151345f24e8
instanceKlass org/eclipse/lsp4j/DocumentFilter
instanceKlass org/apache/maven/project/DefaultProjectDependenciesResolver$$FastClassByGuice$$190988410
instanceKlass  @bci org/eclipse/jdt/internal/compiler/lookup/ModuleBinding otherRelevantModules ([[C)Ljava/util/List; 22 <appendix> argL0 ; # org/eclipse/jdt/internal/compiler/lookup/ModuleBinding$$Lambda+0x00000151345f2298
instanceKlass org/apache/maven/project/RepositorySessionDecorator
instanceKlass org/eclipse/lsp4j/SemanticTokensServerFull
instanceKlass  @bci org/eclipse/jdt/internal/core/builder/NameEnvironment getModulesDeclaringPackage ([[C[C)[[C 167 <appendix> argL0 ; # org/eclipse/jdt/internal/core/builder/NameEnvironment$$Lambda+0x00000151345a4ef8
instanceKlass  @bci org/eclipse/jdt/internal/core/builder/ClasspathJar getCachedPackageNames ()Ljava/util/Set; 8 <appendix> member <vmtarget> ; # org/eclipse/jdt/internal/core/builder/ClasspathJar$$Lambda+0x00000151345a4cc0
instanceKlass org/eclipse/lsp4j/TextDocumentRegistrationOptions
instanceKlass org/eclipse/lsp4j/WorkDoneProgressOptions
instanceKlass com/google/inject/internal/DelegatingInvocationHandler
instanceKlass  @bci org/eclipse/jdt/internal/compiler/env/IModuleAwareNameEnvironment$LookupStrategy matches (Ljava/lang/Object;Ljava/util/function/Predicate;)Z 3 <appendix> argL0 ; # org/eclipse/jdt/internal/compiler/env/IModuleAwareNameEnvironment$LookupStrategy$$Lambda+0x00000151345f2048
instanceKlass  @bci org/eclipse/jdt/internal/core/builder/NameEnvironment getModulesDeclaringPackage ([[C[C)[[C 96 <appendix> argL0 ; # org/eclipse/jdt/internal/core/builder/NameEnvironment$$Lambda+0x00000151345a4858
instanceKlass org/apache/maven/artifact/repository/metadata/io/DefaultMetadataReader$$FastClassByGuice$$190665840
instanceKlass org/eclipse/lsp4j/WorkspaceFoldersOptions
instanceKlass org/apache/maven/plugin/version/internal/DefaultPluginVersionResolver$$FastClassByGuice$$189542025
instanceKlass org/eclipse/lsp4j/WorkspaceServerCapabilities
instanceKlass org/eclipse/jdt/internal/compiler/lookup/SortedSimpleNameVector
instanceKlass org/apache/maven/rtinfo/internal/DefaultRuntimeInformation$$FastClassByGuice$$187726939
instanceKlass org/eclipse/jdt/internal/compiler/lookup/SortedCompoundNameVector
instanceKlass org/apache/maven/plugin/DefaultPluginDescriptorCache$$FastClassByGuice$$187363712
instanceKlass org/eclipse/lsp4j/SaveOptions
instanceKlass org/apache/maven/plugin/internal/DefaultMavenPluginManager$$FastClassByGuice$$186405147
instanceKlass org/eclipse/lsp4j/TextDocumentSyncOptions
instanceKlass org/codehaus/plexus/classworlds/realm/Entry
instanceKlass org/apache/maven/classrealm/DefaultClassRealmRequest
instanceKlass org/eclipse/sisu/wire/EntryListAdapter$ValueIterator
instanceKlass org/apache/maven/project/DefaultProjectBuildingHelper$$FastClassByGuice$$185169325
instanceKlass org/apache/maven/project/DefaultProjectBuilder$$FastClassByGuice$$184115257
instanceKlass org/apache/maven/DefaultMaven$$FastClassByGuice$$183494624
instanceKlass org/apache/maven/properties/internal/SystemProperties
instanceKlass org/codehaus/plexus/util/Os
instanceKlass org/apache/maven/properties/internal/EnvironmentUtils
instanceKlass org/apache/maven/artifact/repository/layout/ArtifactRepositoryLayout2
instanceKlass lombok/core/LombokImmutableList$1
instanceKlass org/apache/maven/artifact/repository/layout/DefaultRepositoryLayout$$FastClassByGuice$$181530161
instanceKlass org/apache/maven/repository/DefaultMirrorSelector$$FastClassByGuice$$180526661
instanceKlass org/apache/maven/repository/legacy/repository/DefaultArtifactRepositoryFactory$$FastClassByGuice$$180118458
instanceKlass org/eclipse/jdt/internal/compiler/codegen/AnnotationContext
instanceKlass org/eclipse/aether/artifact/ArtifactType
instanceKlass lombok/eclipse/EclipseAstProblemView
instanceKlass  @bci org/eclipse/jdt/ls/core/internal/handlers/WorkspaceExecuteCommandHandler$DelegateCommandHandlerDescriptor <init> (Lorg/eclipse/core/runtime/IConfigurationElement;)V 59 <appendix> member <vmtarget> ; # org/eclipse/jdt/ls/core/internal/handlers/WorkspaceExecuteCommandHandler$DelegateCommandHandlerDescriptor$$Lambda+0x00000151345e8248
instanceKlass  @bci java/util/stream/Collectors toMap (Ljava/util/function/Function;Ljava/util/function/Function;Ljava/util/function/BinaryOperator;Ljava/util/function/Supplier;)Ljava/util/stream/Collector; 3 <appendix> member <vmtarget> ; # java/util/stream/Collectors$$Lambda+0x000001513437cbc8
instanceKlass  @bci java/util/stream/Collectors toMap (Ljava/util/function/Function;Ljava/util/function/Function;Ljava/util/function/BinaryOperator;)Ljava/util/stream/Collector; 3 <appendix> argL0 ; # java/util/stream/Collectors$$Lambda+0x000001513437c9a8
instanceKlass  @bci org/eclipse/jdt/ls/core/internal/handlers/WorkspaceExecuteCommandHandler getDelegateCommandHandlerDescriptors (Z)Ljava/util/Collection; 37 <appendix> argL0 ; # org/eclipse/jdt/ls/core/internal/handlers/WorkspaceExecuteCommandHandler$$Lambda+0x00000151345e8000
instanceKlass lombok/eclipse/EclipseAST$EcjReflectionCheck
instanceKlass  @bci org/eclipse/jdt/ls/core/internal/handlers/WorkspaceExecuteCommandHandler getDelegateCommandHandlerDescriptors (Z)Ljava/util/Collection; 32 <appendix> argL0 ; # org/eclipse/jdt/ls/core/internal/handlers/WorkspaceExecuteCommandHandler$$Lambda+0x0000015134487cb0
instanceKlass  @bci org/eclipse/jdt/ls/core/internal/handlers/WorkspaceExecuteCommandHandler getDelegateCommandHandlerDescriptors (Z)Ljava/util/Collection; 27 <appendix> argL0 ; # org/eclipse/jdt/ls/core/internal/handlers/WorkspaceExecuteCommandHandler$$Lambda+0x0000015134487a70
instanceKlass org/eclipse/jdt/ls/core/internal/handlers/WorkspaceExecuteCommandHandler$DelegateCommandHandlerDescriptor
instanceKlass org/apache/maven/lifecycle/internal/DefaultLifecyclePluginAnalyzer$$FastClassByGuice$$179268932
instanceKlass  @bci java/util/regex/Pattern ALL ()Ljava/util/regex/Pattern$CharPredicate; 0 <appendix> argL0 ; # java/util/regex/Pattern$$Lambda+0x000001513437c748
instanceKlass org/eclipse/jdt/internal/compiler/codegen/CodeStream
instanceKlass org/apache/commons/lang3/BooleanUtils
instanceKlass org/apache/maven/model/plugin/DefaultLifecycleBindingsInjector$$FastClassByGuice$$177916342
instanceKlass org/apache/maven/model/Contributor
instanceKlass org/apache/maven/model/PatternSet
instanceKlass org/apache/maven/model/merge/ModelMerger$Remapping
instanceKlass org/apache/maven/model/merge/ModelMerger$KeyComputer
instanceKlass org/eclipse/lsp4j/ServerCapabilities
instanceKlass  @bci org/eclipse/aether/internal/impl/synccontext/named/NamedLockFactoryAdapterFactoryImpl <init> (Ljava/util/Map;Ljava/lang/String;Ljava/util/Map;Ljava/lang/String;Lorg/eclipse/aether/impl/RepositorySystemLifecycle;)V 63 <appendix> member <vmtarget> ; # org/eclipse/aether/internal/impl/synccontext/named/NamedLockFactoryAdapterFactoryImpl$$Lambda+0x00000151345e35a0
instanceKlass org/eclipse/sisu/wire/NamedIterableAdapter
instanceKlass org/eclipse/aether/internal/impl/DefaultUpdateCheckManager$1
instanceKlass org/apache/maven/repository/legacy/DefaultUpdateCheckManager$$FastClassByGuice$$176651914
instanceKlass org/apache/maven/repository/legacy/DefaultWagonManager$$FastClassByGuice$$175852108
instanceKlass org/apache/maven/artifact/repository/metadata/DefaultRepositoryMetadataManager$$FastClassByGuice$$174275033
instanceKlass org/apache/maven/project/artifact/DefaultMetadataSource$$FastClassByGuice$$173484155
instanceKlass org/apache/maven/artifact/resolver/DefaultResolutionErrorHandler$$FastClassByGuice$$172961525
instanceKlass org/apache/maven/plugin/internal/DefaultLegacySupport$$FastClassByGuice$$170969347
instanceKlass org/apache/maven/repository/legacy/resolver/conflict/NearestConflictResolver$$FastClassByGuice$$170056377
instanceKlass lombok/eclipse/handlers/EclipseHandlerUtil
instanceKlass org/apache/maven/artifact/resolver/DefaultArtifactCollector$$FastClassByGuice$$169676365
instanceKlass org/apache/maven/artifact/resolver/DefaultArtifactResolver$DaemonThreadCreator
instanceKlass org/apache/maven/artifact/resolver/DefaultArtifactResolver$$FastClassByGuice$$167835596
instanceKlass org/apache/maven/artifact/factory/DefaultArtifactFactory$$FastClassByGuice$$166775815
instanceKlass lombok/eclipse/EclipseImportList
instanceKlass org/apache/maven/repository/legacy/LegacyRepositorySystem$$FastClassByGuice$$166710443
instanceKlass  @bci java/util/stream/SortedOps$RefSortingSink end ()V 48 <appendix> member <vmtarget> ; # java/util/stream/SortedOps$RefSortingSink$$Lambda+0x000001513437c510
instanceKlass  @bci org/eclipse/jdt/ls/core/internal/handlers/BundleUtils getBundles (Ljava/lang/String;Lorg/osgi/framework/wiring/FrameworkWiring;)[Lorg/osgi/framework/Bundle; 152 <appendix> argL0 ; # org/eclipse/jdt/ls/core/internal/handlers/BundleUtils$$Lambda+0x0000015134487620
instanceKlass  @bci org/eclipse/jdt/ls/core/internal/handlers/BundleUtils getBundles (Ljava/lang/String;Lorg/osgi/framework/wiring/FrameworkWiring;)[Lorg/osgi/framework/Bundle; 142 <appendix> argL0 ; # org/eclipse/jdt/ls/core/internal/handlers/BundleUtils$$Lambda+0x0000015134487388
instanceKlass  @bci org/eclipse/jdt/ls/core/internal/handlers/BundleUtils getBundles (Ljava/lang/String;Lorg/osgi/framework/wiring/FrameworkWiring;)[Lorg/osgi/framework/Bundle; 132 <appendix> argL0 ; # org/eclipse/jdt/ls/core/internal/handlers/BundleUtils$$Lambda+0x0000015134487138
instanceKlass  @bci org/eclipse/jdt/ls/core/internal/handlers/BundleUtils getBundles (Ljava/lang/String;Lorg/osgi/framework/wiring/FrameworkWiring;)[Lorg/osgi/framework/Bundle; 122 <appendix> argL0 ; # org/eclipse/jdt/ls/core/internal/handlers/BundleUtils$$Lambda+0x0000015134486ef8
instanceKlass org/eclipse/jdt/ls/core/internal/handlers/BundleUtils$BundleInfo
instanceKlass org/apache/maven/artifact/handler/manager/DefaultArtifactHandlerManager$$FastClassByGuice$$164773744
instanceKlass org/eclipse/sisu/inject/Guice4$2
instanceKlass org/eclipse/aether/DefaultRepositoryCache
instanceKlass lombok/core/debug/DebugSnapshotStore
instanceKlass org/eclipse/aether/RepositoryCache
instanceKlass org/apache/maven/execution/DefaultMavenExecutionRequest
instanceKlass  @bci org/eclipse/jdt/ls/core/internal/preferences/StandardPreferenceManager update (Lorg/eclipse/jdt/ls/core/internal/preferences/Preferences;)V 364 <appendix> argL0 ; # org/eclipse/jdt/ls/core/internal/preferences/StandardPreferenceManager$$Lambda+0x0000015134486a98
instanceKlass  @bci org/eclipse/m2e/core/internal/embedder/MavenExecutionContext newExecutionRequest ()Lorg/apache/maven/execution/MavenExecutionRequest; 125 <appendix> member <vmtarget> ; # org/eclipse/m2e/core/internal/embedder/MavenExecutionContext$$Lambda+0x00000151345dd468
instanceKlass  @bci org/eclipse/m2e/core/internal/embedder/MavenExecutionContext newExecutionRequest ()Lorg/apache/maven/execution/MavenExecutionRequest; 111 <appendix> member <vmtarget> ; # org/eclipse/m2e/core/internal/embedder/MavenExecutionContext$$Lambda+0x00000151345dd220
instanceKlass  @bci org/eclipse/m2e/core/internal/embedder/MavenImpl getMirrors ()Ljava/util/List; 4 <appendix> argL0 ; # org/eclipse/m2e/core/internal/embedder/MavenImpl$$Lambda+0x00000151345dd000
instanceKlass org/apache/maven/shared/utils/StringUtils
instanceKlass lombok/core/configuration/FileSystemSourceCache$Content
instanceKlass  @bci org/eclipse/m2e/core/internal/embedder/MavenImpl getExecutionContext ()Lorg/eclipse/m2e/core/embedder/IMavenExecutionContext; 4 <appendix> member <vmtarget> ; # org/eclipse/m2e/core/internal/embedder/MavenImpl$$Lambda+0x00000151344dfcc0
instanceKlass org/apache/maven/settings/building/DefaultSettingsBuildingResult
instanceKlass org/codehaus/plexus/util/xml/pull/EntityReplacementMap
instanceKlass org/apache/maven/settings/io/xpp3/SettingsXpp3Reader$1
instanceKlass org/apache/maven/settings/io/xpp3/SettingsXpp3Reader$ContentTransformer
instanceKlass org/apache/maven/settings/io/xpp3/SettingsXpp3Reader
instanceKlass org/codehaus/plexus/interpolation/SimpleRecursionInterceptor
instanceKlass org/apache/maven/settings/building/DefaultSettingsBuilder$1
instanceKlass org/codehaus/plexus/interpolation/os/OperatingSystemUtils$DefaultEnvVarSource
instanceKlass org/codehaus/plexus/interpolation/os/OperatingSystemUtils$EnvVarSource
instanceKlass org/codehaus/plexus/interpolation/os/OperatingSystemUtils
instanceKlass org/codehaus/plexus/interpolation/AbstractValueSource
instanceKlass org/codehaus/plexus/util/xml/pull/MXSerializer
instanceKlass org/apache/maven/settings/io/xpp3/SettingsXpp3Writer
instanceKlass org/codehaus/plexus/util/StringUtils
instanceKlass org/eclipse/sisu/inject/LazyBeanEntry$JsrNamed
instanceKlass org/eclipse/sisu/inject/LazyBeanEntry
instanceKlass lombok/core/configuration/ConfigurationFile
instanceKlass javax/annotation/Priority
instanceKlass org/eclipse/sisu/inject/Implementations
instanceKlass org/eclipse/sisu/plexus/LazyPlexusBean
instanceKlass org/eclipse/sisu/inject/RankedSequence$Itr
instanceKlass org/eclipse/sisu/inject/RankedBindings$Itr
instanceKlass org/eclipse/sisu/inject/LocatedBeans$Itr
instanceKlass org/eclipse/sisu/plexus/RealmFilteredBeans$FilteredItr
instanceKlass org/eclipse/sisu/plexus/DefaultPlexusBeans$Itr
instanceKlass lombok/core/configuration/BubblingConfigurationResolver
instanceKlass org/eclipse/sisu/plexus/DefaultPlexusBeans
instanceKlass org/eclipse/sisu/plexus/RealmFilteredBeans
instanceKlass org/eclipse/sisu/inject/BeanCache
instanceKlass lombok/core/LombokConfiguration$3
instanceKlass org/eclipse/sisu/inject/LocatedBeans
instanceKlass lombok/core/configuration/FileSystemSourceCache$1
instanceKlass org/eclipse/sisu/inject/MildElements$Indexable
instanceKlass lombok/core/configuration/ConfigurationProblemReporter$1
instanceKlass lombok/core/configuration/ConfigurationProblemReporter
instanceKlass org/eclipse/m2e/core/internal/embedder/PlexusContainerManager$2
instanceKlass org/eclipse/m2e/core/internal/embedder/LifecycleManagerDisposer
instanceKlass lombok/core/configuration/ConfigurationParser
instanceKlass com/google/inject/internal/ProviderInternalFactory$1
instanceKlass com/google/inject/internal/ConstructorInjector$1
instanceKlass lombok/core/configuration/ConfigurationFileToSource
instanceKlass lombok/core/configuration/FileSystemSourceCache
instanceKlass org/eclipse/sisu/inject/WatchedBeans
instanceKlass org/eclipse/sisu/inject/MildValues$ValueItr
instanceKlass lombok/core/LombokConfiguration$1
instanceKlass org/eclipse/sisu/inject/InjectorBindings
instanceKlass lombok/core/configuration/ConfigurationResolver
instanceKlass com/google/inject/spi/ProvisionListener$ProvisionInvocation
instanceKlass lombok/core/configuration/ConfigurationResolverFactory
instanceKlass com/google/inject/internal/MembersInjectorImpl$1
instanceKlass com/google/inject/internal/InternalContext
instanceKlass lombok/core/LombokConfiguration
instanceKlass com/google/inject/internal/Initializer$1
instanceKlass lombok/eclipse/EclipseAST$EclipseWorkspaceBasedFileResolver
instanceKlass com/google/common/collect/AbstractMapBasedMultimap$AsMap$AsMapIterator
instanceKlass lombok/core/ImportList
instanceKlass org/codehaus/plexus/DefaultPlexusContainer$$FastClassByGuice$$163915293
instanceKlass org/eclipse/sisu/wire/TypeConverterCache$$FastClassByGuice$$163096256
instanceKlass com/google/inject/internal/SingleMethodInjector$1
instanceKlass org/eclipse/sisu/inject/DefaultBeanLocator$$FastClassByGuice$$161844748
instanceKlass com/google/inject/internal/InjectorImpl$MethodInvoker
instanceKlass com/google/inject/internal/SingleMethodInjector
instanceKlass org/eclipse/sisu/plexus/PlexusXmlBeanConverter$$FastClassByGuice$$160996659
instanceKlass org/eclipse/m2e/core/internal/embedder/EclipseRepositoryListener$$FastClassByGuice$$160174179
instanceKlass org/eclipse/m2e/core/internal/embedder/EclipseClassRealmManagerDelegate$$FastClassByGuice$$158381762
instanceKlass org/eclipse/m2e/core/internal/embedder/EclipseBuildContext$$FastClassByGuice$$157880287
instanceKlass org/eclipse/m2e/core/internal/project/registry/EclipsePluginDependenciesResolver$$FastClassByGuice$$156852974
instanceKlass org/eclipse/m2e/core/internal/project/EclipsePluginArtifactsCache$$FastClassByGuice$$155450134
instanceKlass org/eclipse/m2e/core/internal/project/EclipsePluginRealmCache$$FastClassByGuice$$154787504
instanceKlass org/eclipse/m2e/core/internal/project/EclipseProjectRealmCache$$FastClassByGuice$$153679247
instanceKlass org/eclipse/m2e/core/internal/project/EclipseExtensionRealmCache$$FastClassByGuice$$152395376
instanceKlass org/eclipse/m2e/core/internal/project/EclipseMavenMetadataCache$$FastClassByGuice$$151885947
instanceKlass lombok/core/FieldAugment
instanceKlass org/sonatype/plexus/components/sec/dispatcher/DefaultSecDispatcher$$FastClassByGuice$$150705114
instanceKlass lombok/eclipse/EcjAugments
instanceKlass org/sonatype/plexus/components/cipher/DefaultPlexusCipher$$FastClassByGuice$$149392795
instanceKlass org/codehaus/plexus/build/DefaultBuildContext$$FastClassByGuice$$148111525
instanceKlass org/codehaus/plexus/component/configurator/MapOrientedComponentConfigurator$$FastClassByGuice$$147129536
instanceKlass org/codehaus/plexus/component/configurator/BasicComponentConfigurator$$FastClassByGuice$$146001820
instanceKlass org/apache/maven/settings/validation/DefaultSettingsValidator$$FastClassByGuice$$144877487
instanceKlass org/apache/maven/settings/io/DefaultSettingsWriter$$FastClassByGuice$$144598339
instanceKlass org/apache/maven/settings/io/DefaultSettingsReader$$FastClassByGuice$$143063747
instanceKlass org/apache/maven/settings/crypto/DefaultSettingsDecrypter$$FastClassByGuice$$142251715
instanceKlass org/apache/maven/settings/building/DefaultSettingsBuilder$$FastClassByGuice$$140997507
instanceKlass org/eclipse/aether/transport/wagon/WagonTransporterFactory$$FastClassByGuice$$139593048
instanceKlass lombok/patcher/Symbols
instanceKlass org/eclipse/aether/internal/transport/wagon/PlexusWagonProvider$$FastClassByGuice$$138645522
instanceKlass org/eclipse/aether/internal/transport/wagon/PlexusWagonConfigurator$$FastClassByGuice$$138194776
# instanceKlass java/lang/invoke/LambdaForm$MH+0x00000151345c8800
instanceKlass org/eclipse/aether/transport/http/XChecksumChecksumExtractor$$FastClassByGuice$$137113886
# instanceKlass java/lang/invoke/LambdaForm$MH+0x00000151345c8400
# instanceKlass java/lang/invoke/LambdaForm$MH+0x00000151345c8000
instanceKlass org/eclipse/aether/transport/http/Nexus2ChecksumExtractor$$FastClassByGuice$$135420868
instanceKlass lombok/core/AST
instanceKlass org/eclipse/aether/transport/http/HttpTransporterFactory$$FastClassByGuice$$134503039
instanceKlass org/eclipse/aether/transport/file/FileTransporterFactory$$FastClassByGuice$$133647301
instanceKlass org/apache/maven/repository/internal/VersionsMetadataGeneratorFactory$$FastClassByGuice$$132282069
instanceKlass org/apache/maven/repository/internal/SnapshotMetadataGeneratorFactory$$FastClassByGuice$$131379750
instanceKlass org/apache/maven/repository/internal/PluginsMetadataGeneratorFactory$$FastClassByGuice$$130058212
instanceKlass org/apache/maven/repository/internal/DefaultVersionResolver$$FastClassByGuice$$129223077
instanceKlass org/apache/maven/repository/internal/DefaultVersionRangeResolver$$FastClassByGuice$$128483423
instanceKlass org/apache/maven/repository/internal/DefaultModelCacheFactory$$FastClassByGuice$$127708297
instanceKlass org/apache/maven/repository/internal/DefaultArtifactDescriptorReader$$FastClassByGuice$$126507563
instanceKlass org/eclipse/aether/named/providers/NoopNamedLockFactory$$FastClassByGuice$$125340343
instanceKlass org/eclipse/aether/named/providers/LocalSemaphoreNamedLockFactory$$FastClassByGuice$$124219369
instanceKlass org/eclipse/aether/named/providers/LocalReadWriteLockNamedLockFactory$$FastClassByGuice$$123658623
instanceKlass org/eclipse/aether/named/providers/FileLockNamedLockFactory$$FastClassByGuice$$122168078
instanceKlass org/eclipse/jdt/internal/compiler/util/HashSetOfInt
instanceKlass org/eclipse/aether/internal/impl/synccontext/named/providers/StaticNameMapperProvider$$FastClassByGuice$$120971734
instanceKlass org/eclipse/jdt/internal/compiler/parser/NLSTag
instanceKlass org/eclipse/aether/internal/impl/synccontext/named/providers/GAVNameMapperProvider$$FastClassByGuice$$119909459
instanceKlass org/eclipse/aether/internal/impl/synccontext/named/providers/FileStaticNameMapperProvider$$FastClassByGuice$$119135560
instanceKlass org/eclipse/aether/internal/impl/synccontext/named/providers/FileHashingGAVNameMapperProvider$$FastClassByGuice$$118397363
instanceKlass org/eclipse/aether/internal/impl/synccontext/named/providers/FileGAVNameMapperProvider$$FastClassByGuice$$117380272
instanceKlass org/eclipse/aether/internal/impl/synccontext/named/providers/DiscriminatingNameMapperProvider$$FastClassByGuice$$116381889
instanceKlass org/eclipse/aether/internal/impl/synccontext/named/NamedLockFactoryAdapterFactoryImpl$$FastClassByGuice$$114968489
instanceKlass org/eclipse/aether/internal/impl/synccontext/legacy/DefaultSyncContextFactory$$FastClassByGuice$$114106010
instanceKlass org/eclipse/aether/internal/impl/synccontext/DefaultSyncContextFactory$$FastClassByGuice$$113156453
instanceKlass org/eclipse/aether/internal/impl/slf4j/Slf4jLoggerFactory$$FastClassByGuice$$111669776
instanceKlass lombok/eclipse/HandlerLibrary$VisitorContainer
instanceKlass org/eclipse/aether/internal/impl/resolution/TrustedChecksumsArtifactResolverPostProcessor$$FastClassByGuice$$110272321
instanceKlass org/eclipse/aether/internal/impl/filter/PrefixesRemoteRepositoryFilterSource$$FastClassByGuice$$109990187
instanceKlass org/eclipse/aether/internal/impl/filter/GroupIdRemoteRepositoryFilterSource$$FastClassByGuice$$108979969
instanceKlass org/eclipse/aether/internal/impl/filter/DefaultRemoteRepositoryFilterManager$$FastClassByGuice$$107758698
instanceKlass lombok/experimental/WithBy
instanceKlass org/eclipse/aether/internal/impl/collect/df/DfDependencyCollector$$FastClassByGuice$$106000612
instanceKlass org/eclipse/aether/internal/impl/collect/bf/BfDependencyCollector$$FastClassByGuice$$105372784
instanceKlass org/eclipse/aether/internal/impl/collect/DefaultDependencyCollector$$FastClassByGuice$$104570317
instanceKlass org/eclipse/aether/internal/impl/checksum/TrustedToProvidedChecksumsSourceAdapter$$FastClassByGuice$$103700675
instanceKlass org/eclipse/aether/internal/impl/checksum/SummaryFileTrustedChecksumsSource$$FastClassByGuice$$102313610
instanceKlass org/eclipse/aether/internal/impl/checksum/SparseDirectoryTrustedChecksumsSource$$FastClassByGuice$$101270791
instanceKlass lombok/With
instanceKlass org/eclipse/aether/internal/impl/checksum/Sha512ChecksumAlgorithmFactory$$FastClassByGuice$$100404567
instanceKlass org/eclipse/aether/internal/impl/checksum/Sha256ChecksumAlgorithmFactory$$FastClassByGuice$$98960712
instanceKlass org/eclipse/aether/internal/impl/checksum/Sha1ChecksumAlgorithmFactory$$FastClassByGuice$$97675157
instanceKlass  @bci com/google/inject/internal/aop/ImmutableStringTrie buildTrie (Ljava/util/Collection;)Ljava/util/function/ToIntFunction; 38 <appendix> argL0 ; # com/google/inject/internal/aop/ImmutableStringTrie$$Lambda+0x00000151345bbd40
instanceKlass org/eclipse/aether/internal/impl/checksum/Md5ChecksumAlgorithmFactory$$FastClassByGuice$$96537111
instanceKlass org/eclipse/aether/internal/impl/checksum/DefaultChecksumAlgorithmFactorySelector$$FastClassByGuice$$96022899
instanceKlass org/eclipse/aether/internal/impl/SimpleLocalRepositoryManagerFactory$$FastClassByGuice$$94416695
instanceKlass org/eclipse/aether/internal/impl/Maven2RepositoryLayoutFactory$$FastClassByGuice$$93930766
instanceKlass lombok/Value
instanceKlass org/eclipse/aether/internal/impl/LoggerFactoryProvider$$FastClassByGuice$$92847372
instanceKlass org/eclipse/aether/internal/impl/EnhancedLocalRepositoryManagerFactory$$FastClassByGuice$$91817420
instanceKlass org/eclipse/aether/internal/impl/DefaultUpdatePolicyAnalyzer$$FastClassByGuice$$90277651
instanceKlass lombok/eclipse/EclipseASTAdapter
instanceKlass org/eclipse/aether/internal/impl/DefaultUpdateCheckManager$$FastClassByGuice$$89562513
instanceKlass org/eclipse/aether/internal/impl/DefaultTransporterProvider$$FastClassByGuice$$88834924
instanceKlass org/eclipse/aether/internal/impl/DefaultTrackingFileManager$$FastClassByGuice$$87193184
instanceKlass org/eclipse/aether/internal/impl/DefaultRepositorySystemLifecycle$$FastClassByGuice$$86721694
instanceKlass org/eclipse/aether/internal/impl/DefaultRepositorySystem$$FastClassByGuice$$85975232
instanceKlass org/eclipse/aether/internal/impl/DefaultRepositoryLayoutProvider$$FastClassByGuice$$84053749
instanceKlass lombok/experimental/UtilityClass
instanceKlass org/eclipse/aether/internal/impl/DefaultRepositoryEventDispatcher$$FastClassByGuice$$83429308
instanceKlass org/eclipse/aether/internal/impl/DefaultRepositoryConnectorProvider$$FastClassByGuice$$82401665
instanceKlass lombok/ToString
instanceKlass org/eclipse/aether/internal/impl/DefaultRemoteRepositoryManager$$FastClassByGuice$$81480910
instanceKlass org/eclipse/aether/internal/impl/DefaultOfflineController$$FastClassByGuice$$79780618
instanceKlass lombok/Synchronized
instanceKlass org/eclipse/aether/internal/impl/DefaultMetadataResolver$$FastClassByGuice$$79298771
instanceKlass org/eclipse/aether/internal/impl/DefaultLocalRepositoryProvider$$FastClassByGuice$$78045201
instanceKlass org/eclipse/aether/internal/impl/DefaultLocalPathPrefixComposerFactory$$FastClassByGuice$$76919347
instanceKlass org/eclipse/aether/internal/impl/DefaultLocalPathComposer$$FastClassByGuice$$75769840
instanceKlass org/eclipse/aether/internal/impl/DefaultInstaller$$FastClassByGuice$$75059272
instanceKlass org/eclipse/aether/internal/impl/DefaultFileProcessor$$FastClassByGuice$$74322230
instanceKlass org/eclipse/aether/internal/impl/DefaultDeployer$$FastClassByGuice$$73177401
instanceKlass lombok/experimental/SuperBuilder
instanceKlass org/eclipse/aether/internal/impl/DefaultChecksumPolicyProvider$$FastClassByGuice$$72285520
instanceKlass org/eclipse/aether/internal/impl/DefaultArtifactResolver$$FastClassByGuice$$70783572
instanceKlass org/eclipse/aether/connector/basic/BasicRepositoryConnectorFactory$$FastClassByGuice$$69726268
instanceKlass org/apache/maven/model/validation/DefaultModelValidator$$FastClassByGuice$$68382093
instanceKlass org/apache/maven/model/superpom/DefaultSuperPomProvider$$FastClassByGuice$$67873982
instanceKlass lombok/eclipse/handlers/HandleBuilder$BuilderJob
instanceKlass org/apache/maven/model/profile/activation/PropertyProfileActivator$$FastClassByGuice$$66847454
instanceKlass org/apache/maven/model/profile/activation/OperatingSystemProfileActivator$$FastClassByGuice$$65922329
instanceKlass org/apache/maven/model/profile/activation/JdkVersionProfileActivator$$FastClassByGuice$$64660360
instanceKlass org/apache/maven/model/profile/activation/FileProfileActivator$$FastClassByGuice$$63401006
instanceKlass lombok/eclipse/handlers/EclipseSingularsRecipes$StatementMaker
instanceKlass org/apache/maven/model/profile/DefaultProfileSelector$$FastClassByGuice$$62093258
instanceKlass org/apache/maven/model/profile/DefaultProfileInjector$$FastClassByGuice$$60832493
instanceKlass lombok/eclipse/handlers/EclipseSingularsRecipes$TypeReferenceMaker
instanceKlass org/apache/maven/model/plugin/DefaultReportingConverter$$FastClassByGuice$$59956883
instanceKlass org/apache/maven/model/plugin/DefaultReportConfigurationExpander$$FastClassByGuice$$59471716
instanceKlass org/apache/maven/model/plugin/DefaultPluginConfigurationExpander$$FastClassByGuice$$58691561
instanceKlass org/apache/maven/model/path/ProfileActivationFilePathInterpolator$$FastClassByGuice$$57130270
instanceKlass org/apache/maven/model/path/DefaultUrlNormalizer$$FastClassByGuice$$56331951
instanceKlass org/apache/maven/model/path/DefaultPathTranslator$$FastClassByGuice$$55251716
instanceKlass org/apache/maven/model/path/DefaultModelUrlNormalizer$$FastClassByGuice$$54424703
instanceKlass org/apache/maven/model/path/DefaultModelPathTranslator$$FastClassByGuice$$53381360
instanceKlass org/apache/maven/model/normalization/DefaultModelNormalizer$$FastClassByGuice$$52414887
instanceKlass lombok/experimental/StandardException
instanceKlass org/apache/maven/model/management/DefaultPluginManagementInjector$$FastClassByGuice$$50741389
instanceKlass org/apache/maven/model/management/DefaultDependencyManagementInjector$$FastClassByGuice$$49856755
instanceKlass org/apache/maven/model/locator/DefaultModelLocator$$FastClassByGuice$$49118365
instanceKlass org/apache/maven/model/io/DefaultModelWriter$$FastClassByGuice$$47358702
instanceKlass org/apache/maven/model/io/DefaultModelReader$$FastClassByGuice$$46679514
instanceKlass org/apache/maven/model/interpolation/StringVisitorModelInterpolator$$FastClassByGuice$$45815806
instanceKlass lombok/SneakyThrows
instanceKlass org/apache/maven/model/interpolation/DefaultModelVersionProcessor$$FastClassByGuice$$45003533
instanceKlass org/eclipse/buildship/core/internal/workspace/SynchronizingBuildScriptUpdateListener$1
instanceKlass org/eclipse/buildship/core/internal/workspace/ProjectChangeListener$1
instanceKlass org/apache/maven/model/inheritance/DefaultInheritanceAssembler$$FastClassByGuice$$43388370
instanceKlass org/apache/maven/model/composition/DefaultDependencyManagementImporter$$FastClassByGuice$$42694844
instanceKlass org/eclipse/m2e/jdt/IClasspathEntryDescriptor
instanceKlass org/eclipse/m2e/jdt/internal/ModuleSupport
instanceKlass org/apache/maven/model/building/DefaultModelProcessor$$FastClassByGuice$$41904444
instanceKlass org/apache/maven/model/building/DefaultModelBuilder$$FastClassByGuice$$40582484
instanceKlass lombok/Setter
instanceKlass org/apache/maven/cli/internal/BootstrapCoreExtensionManager$$FastClassByGuice$$39719765
instanceKlass org/apache/maven/cli/configuration/SettingsXmlConfigurationProcessor$$FastClassByGuice$$38609386
instanceKlass lombok/core/PrintAST
instanceKlass org/eclipse/m2e/jdt/internal/BuildPathManager$ModuleInfoDetector
instanceKlass org/apache/maven/toolchain/io/DefaultToolchainsWriter$$FastClassByGuice$$37445137
instanceKlass org/apache/maven/toolchain/io/DefaultToolchainsReader$$FastClassByGuice$$36262099
instanceKlass org/eclipse/debug/internal/core/IInternalDebugCoreConstants
instanceKlass org/eclipse/debug/internal/core/Preferences
instanceKlass org/apache/maven/toolchain/building/DefaultToolchainsBuilder$$FastClassByGuice$$34947585
instanceKlass org/apache/maven/plugin/internal/ReadOnlyPluginParametersValidator$$FastClassByGuice$$34548047
instanceKlass lombok/NonNull
instanceKlass org/apache/maven/plugin/internal/PlexusContainerDefaultDependenciesValidator$$FastClassByGuice$$33493483
instanceKlass org/apache/maven/plugin/internal/MavenScopeDependenciesValidator$$FastClassByGuice$$31714627
instanceKlass org/eclipse/debug/core/commands/IDebugCommandRequest
instanceKlass org/eclipse/debug/core/IRequest
instanceKlass org/eclipse/debug/internal/core/StepFilterManager
instanceKlass org/apache/maven/plugin/internal/MavenMixedDependenciesValidator$$FastClassByGuice$$31064724
instanceKlass org/apache/maven/plugin/internal/Maven3CompatDependenciesValidator$$FastClassByGuice$$29668794
instanceKlass org/eclipse/debug/core/ILaunchListener
instanceKlass org/apache/maven/plugin/internal/Maven2DependenciesValidator$$FastClassByGuice$$28670378
instanceKlass lombok/extern/slf4j/XSlf4j
instanceKlass org/apache/maven/plugin/internal/DeprecatedPluginValidator$$FastClassByGuice$$28182875
instanceKlass org/apache/maven/plugin/internal/DeprecatedCoreExpressionValidator$$FastClassByGuice$$26323548
instanceKlass org/eclipse/debug/internal/core/LaunchManager$LaunchManagerVisitor
instanceKlass org/apache/maven/plugin/internal/DefaultPluginValidationManager$$FastClassByGuice$$25905149
instanceKlass org/apache/maven/plugin/DefaultMojosExecutionStrategy$$FastClassByGuice$$25094446
instanceKlass lombok/extern/slf4j/Slf4j
instanceKlass org/apache/maven/lifecycle/internal/LifecycleDependencyResolver$$FastClassByGuice$$23645775
instanceKlass org/eclipse/jdt/internal/core/JavaElementDelta$Key
instanceKlass org/eclipse/jdt/internal/core/DeltaProcessor$OutputsInfo
instanceKlass org/apache/maven/lifecycle/internal/DefaultProjectArtifactFactory$$FastClassByGuice$$22228815
instanceKlass org/apache/maven/internal/aether/ResolverLifecycle$$FastClassByGuice$$21938233
instanceKlass com/google/inject/internal/InjectorImpl$SyntheticProviderBindingImpl$1
instanceKlass org/eclipse/jdt/internal/core/SimpleDelta
instanceKlass lombok/extern/log4j/Log4j
instanceKlass com/google/inject/internal/InjectorImpl$1
instanceKlass org/apache/maven/internal/aether/DefaultRepositorySystemSessionFactory$$FastClassByGuice$$20801401
instanceKlass com/google/inject/internal/SingleFieldInjector
instanceKlass lombok/extern/log4j/Log4j2
instanceKlass org/apache/maven/extension/internal/CoreExportsProvider$$FastClassByGuice$$19128305
instanceKlass org/apache/maven/execution/DefaultMavenExecutionRequestPopulator$$FastClassByGuice$$17967952
instanceKlass org/apache/maven/classrealm/DefaultClassRealmManager$$FastClassByGuice$$17138832
instanceKlass org/eclipse/jdt/internal/core/DeltaProcessor$2
instanceKlass org/apache/maven/ReactorReader$$FastClassByGuice$$16011426
instanceKlass lombok/extern/java/Log
instanceKlass org/eclipse/jdt/apt/core/internal/generatedfile/GeneratedResourceChangeListener$PostChangeVisitor
instanceKlass org/apache/maven/DefaultArtifactFilterManager$$FastClassByGuice$$14837832
instanceKlass org/eclipse/jdt/internal/core/DeltaProcessingState$1
instanceKlass com/google/inject/internal/SingleParameterInjector
instanceKlass org/eclipse/m2e/internal/maven/listener/M2EMavenBuildDataBridge$$FastClassByGuice$$14172824
instanceKlass lombok/extern/jbosslog/JBossLog
instanceKlass org/apache/maven/lifecycle/internal/MojoDescriptorCreator$$FastClassByGuice$$12795844
instanceKlass org/apache/maven/lifecycle/internal/builder/BuilderCommon$$FastClassByGuice$$12057572
instanceKlass org/apache/maven/lifecycle/internal/BuildListCalculator$$FastClassByGuice$$11355383
instanceKlass lombok/extern/flogger/Flogger
instanceKlass org/apache/maven/bridge/MavenRepositorySystem$$FastClassByGuice$$10292535
instanceKlass org/apache/maven/lifecycle/internal/LifecycleStarter$$FastClassByGuice$$8808953
instanceKlass org/apache/maven/lifecycle/internal/LifecycleDebugLogger$$FastClassByGuice$$8096879
instanceKlass lombok/CustomLog
instanceKlass org/apache/maven/lifecycle/internal/MojoExecutor$$FastClassByGuice$$6495779
instanceKlass org/apache/maven/lifecycle/Lifecycle$$FastClassByGuice$$6087556
instanceKlass org/eclipse/sisu/plexus/PlexusConfigurations$ConfigurationProvider
instanceKlass org/apache/maven/lifecycle/DefaultLifecycles$$FastClassByGuice$$5073137
instanceKlass lombok/extern/apachecommons/CommonsLog
instanceKlass org/apache/maven/lifecycle/internal/LifecyclePluginResolver$$FastClassByGuice$$3899884
instanceKlass org/apache/maven/eventspy/internal/EventSpyDispatcher$$FastClassByGuice$$2357896
instanceKlass org/eclipse/sisu/PreDestroy
instanceKlass org/eclipse/sisu/PostConstruct
instanceKlass lombok/Locked$Write
instanceKlass org/apache/maven/lifecycle/internal/LifecycleModuleBuilder$$FastClassByGuice$$1264312
instanceKlass org/eclipse/sisu/bean/BeanPropertySetter
instanceKlass com/google/inject/internal/ProxyFactory
instanceKlass lombok/Locked$Read
instanceKlass com/google/common/collect/TransformedIterator
instanceKlass  @bci com/google/inject/internal/ConstructorInjectorStore createConstructor (Lcom/google/inject/spi/InjectionPoint;Lcom/google/inject/internal/Errors;)Lcom/google/inject/internal/ConstructorInjector; 62 <appendix> argL0 ; # com/google/inject/internal/ConstructorInjectorStore$$Lambda+0x0000015134598ef0
instanceKlass com/google/inject/spi/InterceptorBinding
instanceKlass com/google/inject/internal/MethodAspect
instanceKlass com/google/inject/internal/MembersInjectorImpl
instanceKlass lombok/Locked
instanceKlass org/eclipse/sisu/bean/BeanInjector
instanceKlass org/eclipse/sisu/plexus/PlexusLifecycleManager$2
instanceKlass org/eclipse/sisu/bean/PropertyBinder$1
instanceKlass org/eclipse/sisu/plexus/ProvidedPropertyBinding
instanceKlass org/eclipse/sisu/plexus/PlexusRequirements$AbstractRequirementProvider
instanceKlass org/eclipse/sisu/bean/BeanPropertyField
instanceKlass org/eclipse/sisu/bean/DeclaredMembers$MemberIterator
instanceKlass lombok/extern/jackson/Jacksonized
instanceKlass org/eclipse/sisu/bean/BeanPropertyIterator
instanceKlass org/eclipse/sisu/bean/DeclaredMembers
instanceKlass org/eclipse/sisu/bean/IgnoreSetters
instanceKlass org/eclipse/sisu/bean/BeanProperties
instanceKlass org/eclipse/sisu/plexus/PlexusRequirements
instanceKlass org/eclipse/sisu/plexus/PlexusConfigurations
instanceKlass org/eclipse/sisu/plexus/PlexusPropertyBinder
instanceKlass lombok/experimental/Helper
instanceKlass org/eclipse/sisu/bean/BeanLifecycle
instanceKlass com/google/inject/internal/EncounterImpl
instanceKlass lombok/Getter
instanceKlass lombok/experimental/FieldNameConstants
instanceKlass lombok/core/LombokImmutableList
instanceKlass  @bci com/google/inject/internal/AbstractBindingProcessor$Processor scheduleInitialization (Lcom/google/inject/internal/BindingImpl;)V 9 <appendix> member <vmtarget> ; # com/google/inject/internal/AbstractBindingProcessor$Processor$$Lambda+0x0000015134590498
instanceKlass lombok/core/JavaIdentifiers
instanceKlass  @bci org/apache/maven/session/scope/internal/SessionScope scope (Lcom/google/inject/Key;Lcom/google/inject/Provider;)Lcom/google/inject/Provider; 3 <appendix> member <vmtarget> ; # org/apache/maven/session/scope/internal/SessionScope$$Lambda+0x0000015134590258
instanceKlass org/apache/maven/execution/scope/internal/MojoExecutionScope$2
instanceKlass lombok/experimental/ExtensionMethod
instanceKlass lombok/EqualsAndHashCode
instanceKlass com/google/inject/internal/ProviderInternalFactory
instanceKlass com/google/inject/internal/InternalProviderInstanceBindingImpl$Factory
instanceKlass lombok/experimental/Delegate
instanceKlass com/google/inject/internal/FactoryProxy
instanceKlass com/google/inject/internal/InternalFactoryToProviderAdapter
instanceKlass com/google/inject/internal/ConstructionContext
instanceKlass com/google/inject/internal/SingletonScope$1
instanceKlass com/google/inject/internal/ProviderToInternalFactoryAdapter
instanceKlass lombok/Data
instanceKlass com/google/inject/internal/CycleDetectingLock$CycleDetectingLockFactory$ReentrantCycleDetectingLock
instanceKlass com/google/inject/internal/Initializer$InjectableReference
instanceKlass com/google/inject/internal/ProvisionListenerStackCallback
instanceKlass com/google/inject/internal/ProvisionListenerCallbackStore$KeyBinding
instanceKlass com/google/inject/internal/util/Classes
instanceKlass com/google/inject/spi/ExposedBinding
instanceKlass com/google/inject/internal/CreationListener
instanceKlass com/google/inject/internal/InjectorShell$LoggerFactory
instanceKlass com/google/inject/internal/InjectorShell$InjectorFactory
instanceKlass com/google/inject/internal/Initializables$1
instanceKlass com/google/inject/internal/Initializables
instanceKlass com/google/inject/internal/ConstantFactory
instanceKlass com/google/inject/internal/InjectorShell
instanceKlass com/google/inject/internal/ProvisionListenerCallbackStore
instanceKlass com/google/inject/spi/TypeEncounter
instanceKlass com/google/inject/internal/SingleMemberInjector
instanceKlass com/google/inject/internal/MembersInjectorStore
# instanceKlass java/lang/invoke/LambdaForm$MH+0x000001513458c000
instanceKlass org/eclipse/jdt/internal/compiler/impl/Constant
instanceKlass com/google/inject/internal/TypeConverterBindingProcessor$4
instanceKlass com/google/inject/internal/TypeConverterBindingProcessor$2
instanceKlass org/eclipse/jdt/internal/compiler/codegen/Label
instanceKlass com/google/inject/internal/TypeConverterBindingProcessor$1
instanceKlass com/google/inject/internal/TypeConverterBindingProcessor$5
instanceKlass lombok/eclipse/Eclipse
instanceKlass com/google/inject/internal/FailableCache
instanceKlass com/google/inject/internal/ConstructorInjectorStore
instanceKlass com/google/inject/internal/DeferredLookups
instanceKlass com/google/inject/spi/ProviderBinding
instanceKlass com/google/inject/spi/ConvertedConstantBinding
instanceKlass com/google/inject/internal/InjectorImpl
instanceKlass com/google/inject/internal/Lookups
instanceKlass com/google/inject/internal/InjectorImpl$InjectorOptions
instanceKlass  @bci com/google/inject/internal/AbstractProcessor process (Lcom/google/inject/internal/InjectorImpl;Ljava/util/List;)V 13 <appendix> member <vmtarget> ; # com/google/inject/internal/AbstractProcessor$$Lambda+0x00000151345830d8
instanceKlass lombok/RequiredArgsConstructor
instanceKlass lombok/NoArgsConstructor
instanceKlass  @bci com/google/inject/spi/BindingSourceRestriction check (Lcom/google/inject/internal/GuiceInternal;Ljava/util/List;)Lcom/google/common/collect/ImmutableList; 11 <appendix> argL0 ; # com/google/inject/spi/BindingSourceRestriction$$Lambda+0x00000151345827f0
instanceKlass lombok/AllArgsConstructor
instanceKlass lombok/Cleanup
instanceKlass org/eclipse/sisu/wire/PlaceholderBeanProvider
instanceKlass org/eclipse/sisu/wire/BeanProviders$4
instanceKlass org/eclipse/sisu/wire/BeanProviders$3
instanceKlass org/sonatype/inject/BeanEntry
instanceKlass org/eclipse/sisu/BeanEntry
instanceKlass org/eclipse/sisu/wire/BeanProviders$6
instanceKlass com/google/inject/internal/ProvisionListenerStackCallback$ProvisionCallback
instanceKlass com/google/inject/internal/ConstructorInjector
instanceKlass lombok/Builder$Default
instanceKlass com/google/inject/internal/DefaultConstructionProxyFactory$FastClassProxy
instanceKlass  @bci com/google/inject/internal/aop/AbstractGlueGenerator lambda$bindSignaturesToInvokers$0 (Ljava/lang/invoke/MethodHandle;Ljava/util/function/ToIntFunction;Ljava/lang/String;)Ljava/util/function/BiFunction; 8 <adapter> ; # java/lang/invoke/LambdaForm$MH+0x0000015134580800
instanceKlass  @bci com/google/inject/internal/aop/AbstractGlueGenerator bindSignaturesToInvokers (Ljava/util/function/ToIntFunction;Ljava/lang/invoke/MethodHandle;)Ljava/util/function/Function; 13 <appendix> member <vmtarget> ; # com/google/inject/internal/aop/AbstractGlueGenerator$$Lambda+0x000001513457a8a0
instanceKlass com/google/inject/internal/aop/ImmutableStringTrie
instanceKlass lombok/Builder
instanceKlass org/apache/maven/plugin/internal/DefaultPluginDependenciesResolver$$FastClassByGuice$$662007
instanceKlass com/google/inject/internal/aop/GeneratedClassDefiner
# instanceKlass java/lang/ClassLoader$$DefineAccessByGuice$$+0x0000015134580400
instanceKlass jdk/internal/org/objectweb/asm/ClassReader
# instanceKlass java/lang/invoke/LambdaForm$MH+0x0000015134580000
# instanceKlass java/lang/invoke/LambdaForm$MH+0x0000015134579c00
# instanceKlass java/lang/invoke/LambdaForm$MH+0x0000015134579800
# instanceKlass java/lang/invoke/LambdaForm$MH+0x0000015134579400
# instanceKlass java/lang/invoke/LambdaForm$MH+0x0000015134579000
# instanceKlass java/lang/invoke/LambdaForm$MH+0x0000015134578c00
instanceKlass  @bci com/google/inject/internal/aop/UnsafeClassDefiner$ClassLoaderDefineClassHolder <clinit> ()V 0 <appendix> argL0 ; # com/google/inject/internal/aop/UnsafeClassDefiner$ClassLoaderDefineClassHolder$$Lambda+0x000001513457a000
instanceKlass com/google/inject/internal/aop/UnsafeClassDefiner$ClassLoaderDefineClassHolder
instanceKlass com/google/inject/internal/asm/$Handler
instanceKlass com/google/inject/internal/asm/$Attribute
instanceKlass lombok/eclipse/handlers/HandleConstructor
instanceKlass com/google/inject/internal/aop/BytecodeTasks
instanceKlass  @bci com/google/inject/internal/aop/AbstractGlueGenerator generateTrampoline (Lcom/google/inject/internal/asm/$ClassWriter;Ljava/util/Collection;)V 30 <appendix> argL0 ; # com/google/inject/internal/aop/AbstractGlueGenerator$$Lambda+0x000001513457f3c0
instanceKlass com/google/inject/internal/asm/$Handle
instanceKlass com/google/inject/internal/asm/$Label
instanceKlass com/google/inject/internal/asm/$Frame
instanceKlass com/google/inject/internal/asm/$ByteVector
instanceKlass com/google/inject/internal/asm/$Symbol
instanceKlass com/google/inject/internal/asm/$SymbolTable
instanceKlass com/google/inject/internal/asm/$FieldVisitor
instanceKlass com/google/inject/internal/asm/$MethodVisitor
instanceKlass com/google/inject/internal/asm/$AnnotationVisitor
instanceKlass com/google/inject/internal/asm/$ModuleVisitor
instanceKlass com/google/inject/internal/asm/$RecordComponentVisitor
instanceKlass com/google/inject/internal/asm/$ClassVisitor
instanceKlass com/google/inject/internal/aop/AbstractGlueGenerator
instanceKlass  @bci com/google/inject/internal/aop/ClassBuilding buildFastClass (Ljava/lang/Class;)Ljava/util/function/Function; 20 <appendix> member <vmtarget> ; # com/google/inject/internal/aop/ClassBuilding$$Lambda+0x0000015134577138
instanceKlass  @bci com/google/inject/internal/aop/ClassBuilding buildFastClass (Ljava/lang/Class;)Ljava/util/function/Function; 10 <appendix> member <vmtarget> ; # com/google/inject/internal/aop/ClassBuilding$$Lambda+0x0000015134576f00
instanceKlass com/google/inject/internal/asm/$Type
# instanceKlass java/lang/invoke/LambdaForm$MH+0x0000015134578800
# instanceKlass java/lang/invoke/LambdaForm$MH+0x0000015134578400
# instanceKlass java/lang/invoke/LambdaForm$MH+0x0000015134578000
instanceKlass  @bci com/google/inject/internal/aop/UnsafeClassDefiner <clinit> ()V 30 <appendix> argL0 ; # com/google/inject/internal/aop/UnsafeClassDefiner$$Lambda+0x0000015134576ad0
instanceKlass com/google/inject/internal/aop/HiddenClassDefiner
instanceKlass  @bci com/google/inject/internal/aop/UnsafeClassDefiner <clinit> ()V 11 <appendix> argL0 ; # com/google/inject/internal/aop/UnsafeClassDefiner$$Lambda+0x0000015134576690
instanceKlass com/google/inject/internal/aop/AnonymousClassDefiner
instanceKlass com/google/inject/internal/aop/UnsafeClassDefiner
instanceKlass com/google/inject/internal/aop/ClassDefining$ClassDefinerHolder
instanceKlass com/google/inject/internal/aop/ClassDefiner
instanceKlass com/google/inject/internal/aop/ClassDefining
instanceKlass  @bci com/google/inject/internal/aop/ClassBuilding getOverridableObjectMethods ()[Ljava/lang/reflect/Method; 15 <appendix> member <vmtarget> ; # com/google/inject/internal/aop/ClassBuilding$$Lambda+0x0000015134575a08
instanceKlass  @bci com/google/inject/internal/BytecodeGen <clinit> ()V 25 <appendix> argL0 ; # com/google/inject/internal/BytecodeGen$$Lambda+0x00000151345757a8
instanceKlass com/google/inject/internal/BytecodeGen$EnhancerBuilder
instanceKlass com/google/inject/internal/aop/ClassBuilding
instanceKlass com/google/common/collect/MapMakerInternalMap$StrongValueEntry
instanceKlass com/google/common/collect/MapMakerInternalMap$WeakKeyStrongValueEntry$Helper
instanceKlass com/google/common/collect/MapMakerInternalMap$InternalEntry
instanceKlass com/google/common/collect/MapMakerInternalMap$1
instanceKlass com/google/common/collect/MapMakerInternalMap$WeakValueReference
instanceKlass com/google/common/collect/MapMakerInternalMap$InternalEntryHelper
instanceKlass com/google/common/collect/MapMaker
instanceKlass com/google/inject/internal/BytecodeGen
instanceKlass com/google/inject/internal/ConstructionProxy
instanceKlass com/google/inject/internal/DefaultConstructionProxyFactory
instanceKlass com/google/inject/internal/ConstructionProxyFactory
instanceKlass lombok/core/LombokInternalAliasing
instanceKlass com/google/inject/internal/ConstructorBindingImpl$Factory
instanceKlass org/eclipse/sisu/inject/TypeArguments$Implicit
instanceKlass org/eclipse/sisu/wire/BeanProviders$7
instanceKlass org/eclipse/sisu/wire/BeanProviders$1
instanceKlass com/google/inject/spi/ProviderLookup$1
instanceKlass com/google/inject/spi/ProviderWithDependencies
instanceKlass com/google/inject/spi/ProviderLookup
instanceKlass org/eclipse/sisu/wire/BeanProviders
instanceKlass org/eclipse/sisu/inject/HiddenSource
instanceKlass org/eclipse/sisu/wire/LocatorWiring
instanceKlass lombok/core/HandlerPriority
instanceKlass lombok/eclipse/DeferUntilPostDiet
instanceKlass com/google/inject/ProvidedBy
instanceKlass lombok/eclipse/HandlerLibrary$AnnotationHandlerContainer
instanceKlass com/google/inject/ImplementedBy
instanceKlass lombok/experimental/Accessors
instanceKlass org/sonatype/plexus/components/cipher/PBECipher
instanceKlass org/codehaus/classworlds/ClassRealm
instanceKlass org/apache/maven/settings/crypto/SettingsDecryptionResult
instanceKlass org/apache/maven/settings/building/DefaultSettingsProblemCollector
instanceKlass org/apache/maven/settings/merge/MavenSettingsMerger
instanceKlass lombok/eclipse/EclipseAnnotationHandler
instanceKlass org/apache/maven/settings/building/SettingsBuildingResult
instanceKlass org/apache/maven/settings/building/SettingsProblemCollector
instanceKlass lombok/core/SpiLoadUtil$1$1
instanceKlass org/eclipse/aether/impl/MetadataGenerator
instanceKlass lombok/core/SpiLoadUtil$1
instanceKlass org/apache/maven/model/Relocation
instanceKlass org/apache/maven/repository/internal/ArtifactDescriptorReaderDelegate
instanceKlass java/util/Vector$1
instanceKlass org/eclipse/aether/named/support/AdaptedSemaphoreNamedLock$AdaptedSemaphore
instanceKlass org/eclipse/aether/named/support/NamedLockFactorySupport$NamedLockHolder
instanceKlass org/eclipse/aether/named/support/NamedLockSupport
instanceKlass lombok/core/SpiLoadUtil
instanceKlass org/eclipse/aether/named/NamedLock
instanceKlass org/eclipse/aether/internal/impl/synccontext/named/NamedLockFactoryAdapter
instanceKlass lombok/core/configuration/ConfigurationKeysLoader
instanceKlass lombok/core/configuration/CheckerFrameworkVersion
instanceKlass org/eclipse/aether/spi/log/Logger
instanceKlass org/eclipse/aether/internal/impl/filter/PrefixesRemoteRepositoryFilterSource$Node
instanceKlass org/eclipse/aether/spi/connector/filter/RemoteRepositoryFilter$Result
instanceKlass org/eclipse/aether/spi/connector/filter/RemoteRepositoryFilter
instanceKlass org/eclipse/aether/collection/DependencyTraverser
instanceKlass org/eclipse/aether/collection/DependencyManager
instanceKlass org/eclipse/aether/internal/impl/collect/df/DfDependencyCollector$Args
instanceKlass lombok/core/configuration/TypeName
instanceKlass org/eclipse/aether/internal/impl/collect/bf/BfDependencyCollector$DescriptorResolutionResult
instanceKlass org/eclipse/aether/internal/impl/collect/bf/DependencyProcessingContext
instanceKlass org/eclipse/aether/internal/impl/collect/bf/BfDependencyCollector$Args
instanceKlass lombok/core/configuration/LogDeclaration
instanceKlass org/eclipse/aether/internal/impl/collect/bf/DependencyResolutionSkipper
instanceKlass org/eclipse/aether/collection/VersionFilter
instanceKlass org/eclipse/aether/internal/impl/collect/DependencyCollectorDelegate$Results
instanceKlass org/eclipse/aether/internal/impl/collect/DefaultVersionFilterContext
instanceKlass lombok/core/configuration/IdentifierName
instanceKlass org/eclipse/aether/internal/impl/collect/DefaultDependencyCollectionContext
instanceKlass org/eclipse/aether/collection/DependencyCollectionContext
instanceKlass org/eclipse/aether/internal/impl/collect/DataPool
instanceKlass org/eclipse/aether/graph/DefaultDependencyNode
instanceKlass org/eclipse/aether/version/Version
instanceKlass org/eclipse/aether/internal/impl/collect/PremanagedDependency
instanceKlass org/eclipse/aether/collection/VersionFilter$VersionFilterContext
instanceKlass org/eclipse/aether/collection/DependencyGraphTransformationContext
instanceKlass org/eclipse/aether/spi/connector/Transfer
instanceKlass lombok/core/configuration/ConfigurationDataType$6
instanceKlass org/eclipse/aether/internal/impl/checksum/SummaryFileTrustedChecksumsSource$SummaryFileWriter
instanceKlass org/eclipse/aether/internal/impl/checksum/SparseDirectoryTrustedChecksumsSource$SparseDirectoryWriter
instanceKlass lombok/core/configuration/ConfigurationDataType$7
instanceKlass org/eclipse/aether/spi/checksums/TrustedChecksumsSource$Writer
instanceKlass org/eclipse/aether/spi/connector/checksum/ChecksumAlgorithm
instanceKlass lombok/core/configuration/NullAnnotationLibrary
instanceKlass lombok/core/configuration/ConfigurationValueType
instanceKlass org/eclipse/aether/impl/UpdateCheck
instanceKlass org/eclipse/aether/spi/connector/transport/Transporter
instanceKlass lombok/core/configuration/ConfigurationDataType$5
instanceKlass org/eclipse/aether/resolution/ArtifactDescriptorRequest
instanceKlass lombok/core/configuration/ConfigurationDataType$4
instanceKlass org/eclipse/aether/resolution/DependencyResult
instanceKlass org/eclipse/aether/resolution/DependencyRequest
instanceKlass lombok/core/configuration/ConfigurationDataType$3
instanceKlass org/eclipse/aether/resolution/VersionRangeResult
instanceKlass lombok/core/configuration/ConfigurationDataType$2
instanceKlass org/eclipse/aether/resolution/VersionRangeRequest
instanceKlass org/eclipse/aether/collection/CollectResult
instanceKlass lombok/core/configuration/ConfigurationDataType$1
instanceKlass org/eclipse/aether/collection/CollectRequest
instanceKlass org/eclipse/aether/resolution/VersionRequest
instanceKlass lombok/core/configuration/ConfigurationValueParser
instanceKlass org/eclipse/aether/spi/connector/layout/RepositoryLayout
instanceKlass lombok/core/configuration/ConfigurationDataType
instanceKlass org/eclipse/aether/repository/LocalRepository
instanceKlass org/eclipse/aether/internal/impl/LocalPathPrefixComposer
instanceKlass org/eclipse/aether/transform/FileTransformer
instanceKlass org/eclipse/aether/installation/InstallResult
instanceKlass org/eclipse/aether/installation/InstallRequest
instanceKlass org/eclipse/aether/spi/io/FileProcessor$ProgressListener
instanceKlass org/eclipse/aether/deployment/DeployResult
instanceKlass org/eclipse/aether/repository/RepositoryPolicy
instanceKlass org/eclipse/aether/internal/impl/DefaultDeployer$EventCatapult
instanceKlass org/eclipse/aether/deployment/DeployRequest
instanceKlass org/eclipse/aether/transfer/TransferResource
instanceKlass org/eclipse/aether/spi/connector/checksum/ChecksumPolicy
instanceKlass org/eclipse/aether/resolution/ArtifactRequest
instanceKlass org/eclipse/aether/SyncContext
instanceKlass org/eclipse/aether/internal/impl/DefaultArtifactResolver$ResolutionGroup
instanceKlass org/eclipse/aether/resolution/VersionResult
instanceKlass org/eclipse/aether/repository/LocalArtifactResult
instanceKlass org/eclipse/aether/spi/locator/ServiceLocator
instanceKlass org/eclipse/aether/repository/RemoteRepository
instanceKlass org/eclipse/aether/spi/connector/RepositoryConnector
instanceKlass org/apache/maven/model/validation/DefaultModelValidator$1ActivationFrame
instanceKlass org/apache/maven/model/profile/activation/JdkVersionProfileActivator$RangeValue
instanceKlass org/apache/maven/model/InputLocation
instanceKlass org/apache/maven/model/InputSource
instanceKlass org/apache/maven/model/interpolation/StringVisitorModelInterpolator$InnerInterpolator
instanceKlass org/apache/maven/model/ActivationOS
instanceKlass org/apache/maven/model/ActivationProperty
instanceKlass org/codehaus/plexus/interpolation/RegexBasedInterpolator
instanceKlass org/apache/maven/model/Activation
instanceKlass org/apache/maven/model/ActivationFile
instanceKlass org/apache/maven/model/profile/DefaultProfileActivationContext
instanceKlass org/apache/maven/model/building/ModelBuildingEventCatapult
instanceKlass org/apache/maven/model/building/ModelData
instanceKlass org/apache/maven/model/building/DefaultModelProblemCollector
instanceKlass org/apache/maven/model/building/ModelCacheTag
instanceKlass org/apache/maven/model/building/ModelProblemCollectorExt
instanceKlass org/apache/maven/model/profile/ProfileActivationContext
instanceKlass org/apache/maven/model/building/ModelBuildingEvent
instanceKlass org/apache/maven/cli/internal/extension/model/CoreExtension
instanceKlass org/apache/maven/cli/CliRequest
instanceKlass org/apache/maven/building/ProblemCollector
instanceKlass org/apache/maven/toolchain/merge/MavenToolchainMerger
instanceKlass org/codehaus/plexus/interpolation/InterpolationPostProcessor
instanceKlass org/apache/maven/toolchain/building/ToolchainsBuildingResult
instanceKlass org/eclipse/aether/graph/Dependency
instanceKlass org/eclipse/aether/resolution/ArtifactDescriptorResult
instanceKlass org/apache/maven/plugin/internal/DefaultPluginValidationManager$PluginValidationIssues
instanceKlass com/google/inject/util/Types
instanceKlass org/eclipse/sisu/Nullable
instanceKlass org/eclipse/aether/repository/AuthenticationSelector
instanceKlass org/eclipse/aether/repository/ProxySelector
instanceKlass org/eclipse/aether/repository/MirrorSelector
instanceKlass org/eclipse/aether/resolution/ResolutionErrorPolicy
instanceKlass org/eclipse/aether/repository/LocalRepositoryManager
instanceKlass org/apache/maven/classrealm/ClassRealmConstituent
instanceKlass org/eclipse/aether/repository/WorkspaceRepository
instanceKlass org/apache/maven/ArtifactFilterManagerDelegate
instanceKlass org/eclipse/m2e/internal/maven/listener/M2EMavenBuildDataBridge$MavenProjectBuildData
instanceKlass org/eclipse/m2e/internal/maven/listener/M2EMavenBuildDataBridge$MavenBuildConnection
instanceKlass org/apache/maven/configuration/BeanConfigurationRequest
instanceKlass org/apache/maven/configuration/internal/DefaultBeanConfigurator
instanceKlass org/apache/maven/artifact/repository/layout/DefaultRepositoryLayout
instanceKlass org/apache/maven/repository/legacy/resolver/conflict/FarthestConflictResolver
instanceKlass org/apache/maven/repository/metadata/MetadataGraphVertex
instanceKlass org/apache/maven/repository/metadata/DefaultGraphConflictResolver
instanceKlass org/eclipse/aether/DefaultRepositorySystemSession
instanceKlass org/apache/maven/DefaultMaven
instanceKlass org/apache/maven/repository/legacy/resolver/conflict/NewestConflictResolver
instanceKlass org/apache/maven/artifact/handler/manager/DefaultArtifactHandlerManager
instanceKlass org/apache/maven/plugin/PluginDescriptorCache$PluginDescriptorSupplier
instanceKlass org/apache/maven/plugin/PluginDescriptorCache$Key
instanceKlass org/apache/maven/plugin/DefaultPluginDescriptorCache
instanceKlass org/apache/maven/lifecycle/DefaultLifecycleExecutor
instanceKlass org/apache/maven/project/DefaultProjectBuildingHelper
instanceKlass org/apache/maven/settings/RepositoryBase
instanceKlass org/apache/maven/settings/RepositoryPolicy
instanceKlass org/apache/maven/repository/metadata/MetadataGraphEdge
instanceKlass org/apache/maven/repository/metadata/DefaultGraphConflictResolutionPolicy
instanceKlass org/apache/http/client/methods/CloseableHttpResponse
instanceKlass org/apache/http/HttpResponse
instanceKlass org/apache/http/config/Registry
instanceKlass org/apache/http/impl/conn/PoolingHttpClientConnectionManager
instanceKlass org/apache/http/pool/ConnPoolControl
instanceKlass org/apache/maven/wagon/shared/http/BasicAuthScope
instanceKlass org/apache/maven/wagon/shared/http/HttpConfiguration
instanceKlass org/apache/http/impl/client/CloseableHttpClient
instanceKlass org/apache/http/client/HttpClient
instanceKlass lombok/core/configuration/ConfigurationKey
instanceKlass org/apache/http/protocol/HttpContext
instanceKlass org/apache/http/auth/AuthScheme
instanceKlass org/apache/http/HttpEntity
instanceKlass org/apache/http/client/methods/HttpUriRequest
instanceKlass org/apache/http/HttpRequest
instanceKlass org/apache/http/HttpMessage
instanceKlass org/apache/http/Header
instanceKlass org/apache/http/NameValuePair
instanceKlass lombok/ConfigurationKeys
instanceKlass org/apache/http/auth/Credentials
instanceKlass org/apache/http/client/AuthCache
instanceKlass org/apache/http/client/CredentialsProvider
instanceKlass org/apache/http/conn/ssl/TrustStrategy
instanceKlass org/apache/http/ssl/TrustStrategy
instanceKlass org/apache/http/client/RedirectStrategy
instanceKlass org/apache/http/config/Lookup
instanceKlass org/apache/http/client/HttpRequestRetryHandler
instanceKlass org/apache/http/client/ServiceUnavailableRetryStrategy
instanceKlass org/apache/http/conn/HttpClientConnectionManager
instanceKlass lombok/core/configuration/ConfigurationKeysLoader$LoaderLoader
instanceKlass org/apache/maven/artifact/resolver/DefaultArtifactResolver
instanceKlass lombok/core/TypeLibrary
instanceKlass org/apache/maven/plugin/internal/DefaultLegacySupport
instanceKlass org/apache/maven/lifecycle/internal/DefaultLifecycleMappingDelegate
instanceKlass org/apache/maven/repository/legacy/resolver/DefaultLegacyArtifactCollector
instanceKlass org/apache/maven/execution/DefaultRuntimeInformation
instanceKlass lombok/eclipse/HandlerLibrary
instanceKlass org/apache/maven/repository/legacy/resolver/conflict/NearestConflictResolver
instanceKlass org/apache/maven/model/building/Result
instanceKlass lombok/eclipse/EclipseASTVisitor
instanceKlass org/apache/maven/execution/ProjectDependencyGraph
instanceKlass org/apache/maven/graph/DefaultGraphBuilder
instanceKlass lombok/eclipse/TransformEclipseAST
instanceKlass org/apache/maven/toolchain/DefaultToolchainsBuilder
# instanceKlass java/lang/invoke/LambdaForm$MH+0x000001513453c000
instanceKlass org/apache/maven/rtinfo/internal/DefaultRuntimeInformation
instanceKlass lombok/core/LombokNode
instanceKlass org/apache/maven/lifecycle/internal/builder/singlethreaded/SingleThreadedBuilder
instanceKlass org/sonatype/plexus/components/sec/dispatcher/PasswordDecryptor
instanceKlass sun/reflect/generics/tree/VoidDescriptor
instanceKlass lombok/core/DiagnosticsReceiver
instanceKlass org/sonatype/plexus/components/sec/dispatcher/model/SettingsSecurity
instanceKlass org/apache/maven/project/validation/ModelValidationResult
instanceKlass org/apache/maven/project/validation/DefaultModelValidator
instanceKlass org/apache/maven/toolchain/DefaultToolchainManager
instanceKlass org/apache/maven/project/artifact/ProjectArtifactsCache$CacheRecord
instanceKlass org/apache/maven/project/artifact/ProjectArtifactsCache$Key
instanceKlass org/apache/maven/project/artifact/DefaultProjectArtifactsCache
instanceKlass org/apache/maven/toolchain/model/TrackableBase
instanceKlass org/apache/maven/toolchain/DefaultToolchain
instanceKlass org/apache/maven/toolchain/ToolchainPrivate
instanceKlass org/apache/maven/toolchain/java/JavaToolchain
instanceKlass org/apache/maven/toolchain/Toolchain
instanceKlass org/apache/maven/toolchain/java/JavaToolchainFactory
instanceKlass org/apache/maven/artifact/repository/metadata/io/DefaultMetadataReader
instanceKlass lombok/launch/PackageShader
instanceKlass org/apache/maven/project/ReactorModelPool
instanceKlass org/apache/maven/project/DefaultProjectBuilder$InternalConfig
instanceKlass org/apache/maven/model/building/ModelBuildingResult
instanceKlass org/apache/maven/model/resolution/ModelResolver
instanceKlass org/apache/maven/model/building/ModelBuildingListener
instanceKlass org/apache/maven/model/building/ModelCache
instanceKlass org/apache/maven/project/DefaultProjectBuilder
instanceKlass org/apache/maven/artifact/resolver/ResolutionNode
instanceKlass org/apache/maven/repository/legacy/resolver/conflict/OldestConflictResolver
instanceKlass org/apache/maven/lifecycle/internal/DefaultLifecycleTaskSegmentCalculator
instanceKlass org/apache/maven/plugin/descriptor/Parameter
instanceKlass org/apache/maven/lifecycle/internal/DefaultMojoExecutionConfigurator
instanceKlass lombok/launch/Main
instanceKlass org/apache/maven/lifecycle/internal/PhaseRecorder
instanceKlass org/apache/maven/lifecycle/internal/DependencyContext
instanceKlass lombok/launch/PatchFixesHider$Transform
instanceKlass org/apache/maven/lifecycle/internal/ProjectIndex
instanceKlass org/apache/maven/plugin/MojoExecutionRunner
instanceKlass org/apache/maven/artifact/resolver/DefaultResolutionErrorHandler
instanceKlass org/apache/maven/lifecycle/internal/DefaultLifecycleExecutionPlanCalculator
instanceKlass org/apache/maven/project/DefaultDependencyResolutionResult
instanceKlass org/apache/maven/project/DependencyResolutionRequest
instanceKlass org/apache/maven/project/DependencyResolutionResult
instanceKlass org/apache/maven/project/DefaultProjectDependenciesResolver
instanceKlass org/apache/maven/project/path/DefaultPathTranslator
instanceKlass org/apache/maven/plugin/version/internal/DefaultPluginVersionResult
instanceKlass org/apache/maven/plugin/version/internal/DefaultPluginVersionResolver$Key
instanceKlass org/apache/maven/plugin/version/internal/DefaultPluginVersionResolver$Versions
instanceKlass org/eclipse/jdt/internal/compiler/flow/FlowContext
instanceKlass org/eclipse/aether/version/VersionScheme
instanceKlass org/apache/maven/plugin/version/PluginVersionResult
instanceKlass org/apache/maven/plugin/version/internal/DefaultPluginVersionResolver
instanceKlass org/apache/maven/model/building/ModelProblemCollector
instanceKlass org/apache/maven/model/merge/ModelMerger
instanceKlass org/eclipse/jdt/internal/compiler/flow/FlowInfo
instanceKlass org/eclipse/core/internal/content/TextContentDescriber
instanceKlass org/eclipse/core/runtime/content/ITextContentDescriber
instanceKlass org/eclipse/core/runtime/content/IContentDescriber
instanceKlass org/eclipse/core/internal/content/ContentTypeCatalog$1
instanceKlass org/eclipse/jdt/internal/compiler/ast/CompilationUnitDeclaration$1
instanceKlass org/eclipse/jdt/internal/compiler/lookup/Scope$Substitutor
# instanceKlass org/eclipse/core/internal/content/ContentTypeMatcher$$Lambda+0x000001513443a288
# instanceKlass org/eclipse/core/internal/content/ContentTypeMatcher$$Lambda+0x000001513443a040
# instanceKlass org/eclipse/core/internal/content/ContentTypeMatcher$$Lambda+0x0000015134439df8
# instanceKlass org/eclipse/core/internal/content/ContentTypeMatcher$$Lambda+0x0000015134439bb0
# instanceKlass org/eclipse/core/internal/content/ContentTypeMatcher$$Lambda+0x0000015134439968
# instanceKlass org/eclipse/core/internal/content/ContentTypeMatcher$$Lambda+0x0000015134439720
# instanceKlass org/eclipse/core/internal/content/ContentTypeMatcher$$Lambda+0x00000151344394d8
instanceKlass org/eclipse/core/internal/resources/ProjectContentTypes$ProjectContentTypeSelectionPolicy
# instanceKlass org/eclipse/core/internal/content/ContentTypeMatcher$$Lambda+0x0000015134439290
instanceKlass  @bci org/eclipse/core/internal/content/ContentTypeMatcher findContentTypeFor (Ljava/lang/String;)Lorg/eclipse/core/runtime/content/IContentType; 12 <appendix> member <vmtarget> ; # org/eclipse/core/internal/content/ContentTypeMatcher$$Lambda+0x0000015134439048
instanceKlass  @bci org/eclipse/core/internal/content/ContentTypeCatalog selectMatchingByName (Lorg/eclipse/core/runtime/preferences/IScopeContext;Ljava/util/Collection;Ljava/util/Collection;Ljava/lang/String;I)Ljava/util/Set; 61 <adapter> ; # java/lang/invoke/LambdaForm$MH+0x0000015134520c00
instanceKlass org/eclipse/jdt/internal/compiler/CompilationResult$1
# instanceKlass java/lang/invoke/LambdaForm$DMH+0x0000015134520800
instanceKlass  @bci org/eclipse/core/internal/content/ContentTypeCatalog selectMatchingByName (Lorg/eclipse/core/runtime/preferences/IScopeContext;Ljava/util/Collection;Ljava/util/Collection;Ljava/lang/String;I)Ljava/util/Set; 61 <appendix> form vmentry <vmtarget> ; # java/lang/invoke/LambdaForm$DMH+0x0000015134520400
instanceKlass  @bci org/eclipse/core/internal/content/ContentTypeCatalog selectMatchingByName (Lorg/eclipse/core/runtime/preferences/IScopeContext;Ljava/util/Collection;Ljava/util/Collection;Ljava/lang/String;I)Ljava/util/Set; 61 <appendix> member <vmtarget> ; # org/eclipse/core/internal/content/ContentTypeCatalog$$Lambda+0x0000015134438a30
instanceKlass  @cpi org/eclipse/core/internal/content/ContentTypeCatalog 783 form vmentry <vmtarget> ; # java/lang/invoke/LambdaForm$DMH+0x0000015134520000
instanceKlass org/eclipse/core/internal/content/ContentTypeVisitor
instanceKlass  @bci org/eclipse/jdt/internal/compiler/ReadManager queueNextReadAhead ()Z 46 <appendix> member <vmtarget> ; # org/eclipse/jdt/internal/compiler/ReadManager$$Lambda+0x0000015134518cb8
instanceKlass  @bci org/eclipse/jdt/internal/compiler/ReadManager createExecutor (I)Ljava/util/concurrent/ExecutorService; 25 <appendix> argL0 ; # org/eclipse/jdt/internal/compiler/ReadManager$$Lambda+0x0000015134518a98
instanceKlass org/eclipse/jdt/internal/compiler/ReadManager
instanceKlass  @bci org/eclipse/jdt/internal/compiler/Compiler sortModuleDeclarationsFirst ([Lorg/eclipse/jdt/internal/compiler/env/ICompilationUnit;)V 1 <appendix> argL0 ; # org/eclipse/jdt/internal/compiler/Compiler$$Lambda+0x0000015134518800
instanceKlass org/eclipse/jdt/internal/compiler/util/Messages
instanceKlass org/eclipse/jdt/internal/compiler/util/SimpleSet
instanceKlass  @bci org/eclipse/jdt/internal/core/builder/AbstractImageBuilder compile ([Lorg/eclipse/jdt/internal/core/builder/SourceFile;[Lorg/eclipse/jdt/internal/core/builder/SourceFile;Z)V 570 <appendix> argL0 ; # org/eclipse/jdt/internal/core/builder/AbstractImageBuilder$$Lambda+0x0000015134519460
instanceKlass  @bci java/util/stream/Collectors lambda$groupingBy$53 (Ljava/util/function/Function;Ljava/util/function/Supplier;Ljava/util/function/BiConsumer;Ljava/util/Map;Ljava/lang/Object;)V 20 <appendix> member <vmtarget> ; # java/util/stream/Collectors$$Lambda+0x000001513437ad50
instanceKlass  @bci java/util/stream/Collectors mapMerger (Ljava/util/function/BinaryOperator;)Ljava/util/function/BinaryOperator; 1 <appendix> member <vmtarget> ; # java/util/stream/Collectors$$Lambda+0x000001513437ab00
instanceKlass  @bci java/util/stream/Collectors groupingBy (Ljava/util/function/Function;Ljava/util/function/Supplier;Ljava/util/stream/Collector;)Ljava/util/stream/Collector; 19 <appendix> member <vmtarget> ; # java/util/stream/Collectors$$Lambda+0x000001513437a8c8
instanceKlass  @bci org/eclipse/jdt/internal/core/builder/AbstractImageBuilder compile ([Lorg/eclipse/jdt/internal/core/builder/SourceFile;[Lorg/eclipse/jdt/internal/core/builder/SourceFile;Z)V 145 <appendix> argL0 ; # org/eclipse/jdt/internal/core/builder/AbstractImageBuilder$$Lambda+0x0000015134519240
instanceKlass org/apache/maven/model/plugin/DefaultLifecycleBindingsInjector
instanceKlass  @bci org/eclipse/jdt/internal/core/builder/AbstractImageBuilder compile ([Lorg/eclipse/jdt/internal/core/builder/SourceFile;[Lorg/eclipse/jdt/internal/core/builder/SourceFile;Z)V 140 <appendix> argL0 ; # org/eclipse/jdt/internal/core/builder/AbstractImageBuilder$$Lambda+0x0000015134519000
instanceKlass org/apache/maven/lifecycle/internal/ReactorBuildStatus
instanceKlass org/apache/maven/lifecycle/internal/ProjectBuildList
instanceKlass org/apache/maven/lifecycle/internal/ProjectSegment
instanceKlass org/apache/maven/lifecycle/internal/builder/multithreaded/ThreadOutputMuxer
instanceKlass org/apache/maven/lifecycle/internal/builder/multithreaded/ConcurrencyDependencyGraph
instanceKlass java/util/concurrent/CompletionService
instanceKlass org/apache/maven/lifecycle/internal/builder/multithreaded/MultiThreadedBuilder
instanceKlass org/apache/maven/exception/ExceptionSummary
instanceKlass org/apache/maven/exception/DefaultExceptionHandler
instanceKlass org/apache/maven/profiles/ProfilesRoot
instanceKlass org/eclipse/jdt/internal/core/builder/SourceFile
instanceKlass org/apache/maven/repository/legacy/resolver/transform/DefaultArtifactTransformationManager
instanceKlass org/eclipse/aether/util/graph/visitor/AbstractDepthFirstNodeListGenerator
instanceKlass org/apache/maven/plugin/descriptor/PluginDescriptorBuilder
instanceKlass org/eclipse/core/internal/utils/BitMask
instanceKlass org/eclipse/jdt/internal/core/builder/AbstractImageBuilder$1
instanceKlass org/apache/maven/plugin/logging/Log
instanceKlass org/codehaus/plexus/component/configurator/ConfigurationListener
instanceKlass org/apache/maven/plugin/internal/DefaultMavenPluginManager
instanceKlass org/eclipse/jdt/internal/core/builder/BatchImageBuilder$3
instanceKlass org/apache/maven/profiles/ProfileManager
instanceKlass org/apache/maven/model/building/ModelSource
instanceKlass org/apache/maven/project/DefaultMavenProjectBuilder
instanceKlass org/apache/maven/wagon/InputData
instanceKlass org/apache/maven/wagon/OutputData
instanceKlass  @bci org/eclipse/core/internal/filesystem/local/LocalFile lambda$2 (Lorg/eclipse/core/internal/filesystem/local/InfiniteProgress;Ljava/util/concurrent/ExecutorService;Ljava/util/List;Ljava/nio/file/Path;)V 6 <appendix> member <vmtarget> ; # org/eclipse/core/internal/filesystem/local/LocalFile$$Lambda+0x000001513420aa70
instanceKlass org/apache/maven/wagon/events/SessionListener
instanceKlass org/apache/maven/wagon/resource/Resource
instanceKlass  @bci org/eclipse/core/internal/filesystem/local/LocalFile internalDelete (Ljava/io/File;Lorg/eclipse/core/internal/filesystem/local/InfiniteProgress;Ljava/util/concurrent/ExecutorService;)Lorg/eclipse/core/runtime/IStatus; 95 <appendix> member <vmtarget> ; # org/eclipse/core/internal/filesystem/local/LocalFile$$Lambda+0x000001513420a838
instanceKlass org/eclipse/core/internal/filesystem/local/InfiniteProgress
instanceKlass org/apache/maven/wagon/repository/RepositoryPermissions
instanceKlass org/eclipse/core/internal/localstore/DeleteVisitor
instanceKlass org/apache/maven/wagon/events/TransferEventSupport
instanceKlass  @bci org/eclipse/core/internal/resources/Workspace countResources (Lorg/eclipse/core/runtime/IPath;IZ)I 61 <appendix> member <vmtarget> ; # org/eclipse/core/internal/resources/Workspace$$Lambda+0x0000015134399e28
instanceKlass org/apache/maven/wagon/events/SessionEventSupport
instanceKlass  @cpi org/eclipse/core/internal/resources/Workspace 2639 form vmentry <vmtarget> ; # java/lang/invoke/LambdaForm$DMH+0x0000015134518400
instanceKlass org/eclipse/core/internal/resources/MoveDeleteHook
instanceKlass org/apache/maven/wagon/proxy/ProxyInfoProvider
instanceKlass org/apache/maven/wagon/AbstractWagon
instanceKlass org/eclipse/core/internal/resources/ResourceTree
instanceKlass org/eclipse/core/internal/resources/MarkerDelta
instanceKlass org/apache/maven/wagon/StreamingWagon
instanceKlass org/apache/maven/artifact/factory/DefaultArtifactFactory
instanceKlass  @bci org/eclipse/core/internal/resources/MarkerManager visitorRemoveMarkers (Lorg/eclipse/core/runtime/IPath;Ljava/lang/String;Z)V 3 <appendix> member <vmtarget> ; # org/eclipse/core/internal/resources/MarkerManager$$Lambda+0x0000015134399340
instanceKlass  @cpi org/eclipse/core/internal/resources/MarkerManager 677 form vmentry <vmtarget> ; # java/lang/invoke/LambdaForm$DMH+0x0000015134518000
instanceKlass org/eclipse/jdt/internal/core/builder/WorkQueue
instanceKlass org/apache/maven/model/Reporting
instanceKlass org/apache/maven/model/PluginContainer
instanceKlass org/eclipse/jdt/internal/compiler/ast/IJavadocTypeReference
instanceKlass org/apache/maven/project/inheritance/DefaultModelInheritanceAssembler
instanceKlass org/apache/maven/execution/ExecutionEvent
instanceKlass org/apache/maven/lifecycle/internal/DefaultExecutionEventCatapult
instanceKlass org/apache/maven/project/artifact/MavenMetadataSource$ProjectRelocation
instanceKlass org/eclipse/jdt/internal/compiler/parser/AbstractCommentParser
instanceKlass org/apache/maven/model/building/ModelProblem
instanceKlass org/apache/maven/artifact/repository/metadata/Metadata
instanceKlass org/eclipse/jdt/internal/compiler/parser/JavadocTagConstants
instanceKlass org/apache/maven/repository/legacy/metadata/MetadataResolutionRequest
instanceKlass org/apache/maven/project/artifact/MavenMetadataSource
instanceKlass org/apache/maven/artifact/repository/layout/FlatRepositoryLayout
# instanceKlass java/lang/invoke/LambdaForm$MH+0x000001513450d400
# instanceKlass java/lang/invoke/LambdaForm$MH+0x000001513450d000
instanceKlass org/apache/maven/repository/legacy/resolver/conflict/DefaultConflictResolverFactory
instanceKlass org/apache/maven/repository/DefaultMirrorSelector
instanceKlass org/apache/maven/repository/metadata/ClasspathContainer
instanceKlass lombok/permit/Permit$Fake
instanceKlass org/apache/maven/repository/metadata/MetadataGraph
instanceKlass sun/misc/Unsafe
instanceKlass org/apache/maven/repository/metadata/DefaultClasspathTransformation
instanceKlass org/apache/maven/wagon/repository/Repository
instanceKlass org/apache/maven/wagon/observers/ChecksumObserver
instanceKlass org/apache/maven/wagon/events/TransferListener
instanceKlass org/apache/maven/repository/legacy/DefaultWagonManager
instanceKlass org/apache/maven/artifact/repository/DefaultArtifactRepositoryFactory
instanceKlass org/apache/maven/project/ProjectBuilderConfiguration
instanceKlass org/codehaus/plexus/interpolation/Interpolator
instanceKlass org/codehaus/plexus/interpolation/BasicInterpolator
instanceKlass org/codehaus/plexus/interpolation/RecursionInterceptor
instanceKlass lombok/permit/Permit
instanceKlass org/apache/maven/artifact/repository/metadata/Versioning
instanceKlass org/apache/maven/lifecycle/mapping/DefaultLifecycleMapping
instanceKlass org/eclipse/aether/RequestTrace
instanceKlass org/eclipse/aether/repository/ArtifactRepository
instanceKlass org/apache/maven/plugin/prefix/PluginPrefixResult
instanceKlass org/eclipse/aether/metadata/Metadata
instanceKlass org/apache/maven/plugin/prefix/internal/DefaultPluginPrefixResolver
instanceKlass org/apache/maven/model/Dependency
instanceKlass lombok/launch/PatchFixesHider$Util
instanceKlass org/apache/maven/model/RepositoryBase
instanceKlass org/apache/maven/repository/Proxy
instanceKlass lombok/launch/PatchFixesHider$ModuleClassLoading
instanceKlass org/apache/maven/artifact/repository/Authentication
instanceKlass org/apache/maven/repository/ArtifactTransferListener
instanceKlass org/apache/maven/artifact/resolver/ArtifactResolutionResult
instanceKlass org/apache/maven/artifact/resolver/ArtifactResolutionRequest
instanceKlass org/apache/maven/artifact/repository/RepositoryRequest
instanceKlass org/apache/maven/model/RepositoryPolicy
instanceKlass org/apache/maven/repository/legacy/LegacyRepositorySystem
instanceKlass org/apache/maven/artifact/repository/metadata/RepositoryMetadata
instanceKlass org/apache/maven/artifact/metadata/ArtifactMetadata
instanceKlass org/apache/maven/repository/legacy/metadata/ArtifactMetadata
instanceKlass org/apache/maven/repository/legacy/repository/DefaultArtifactRepositoryFactory
instanceKlass org/apache/maven/plugin/prefix/PluginPrefixRequest
instanceKlass org/apache/maven/plugin/internal/DefaultPluginManager
instanceKlass org/apache/maven/artifact/handler/DefaultArtifactHandler
instanceKlass org/eclipse/sisu/space/asm/Handler
instanceKlass org/eclipse/sisu/space/asm/Frame
instanceKlass org/eclipse/sisu/space/asm/ByteVector
instanceKlass org/eclipse/sisu/space/asm/Symbol
instanceKlass org/eclipse/sisu/space/asm/SymbolTable
instanceKlass org/eclipse/sisu/space/asm/RecordComponentVisitor
instanceKlass org/eclipse/sisu/space/asm/ModuleVisitor
instanceKlass org/eclipse/sisu/space/asm/MethodVisitor
instanceKlass org/eclipse/sisu/space/asm/FieldVisitor
instanceKlass org/apache/maven/lifecycle/mapping/LifecyclePhase
instanceKlass org/apache/maven/lifecycle/internal/DefaultLifecyclePluginAnalyzer$GoalSpec
instanceKlass org/apache/maven/lifecycle/internal/DefaultLifecyclePluginAnalyzer
instanceKlass org/apache/maven/DefaultProjectDependenciesResolver
instanceKlass org/eclipse/jdt/internal/compiler/parser/RecoveredElement
instanceKlass org/codehaus/plexus/component/repository/ComponentSetDescriptor
instanceKlass org/apache/maven/plugin/DefaultBuildPluginManager
instanceKlass org/apache/maven/lifecycle/internal/TaskSegment
instanceKlass org/apache/maven/lifecycle/internal/ReactorContext
instanceKlass org/apache/maven/execution/BuildSummary
instanceKlass org/apache/maven/execution/ProjectExecutionListener
instanceKlass org/eclipse/aether/RepositoryEvent
instanceKlass org/apache/maven/classrealm/ClassRealmRequest
instanceKlass org/codehaus/plexus/util/Scanner
instanceKlass org/codehaus/plexus/logging/AbstractLogEnabled
instanceKlass org/eclipse/aether/resolution/ArtifactResult
instanceKlass org/eclipse/jdt/internal/compiler/ast/IGenerateTypeCheck
instanceKlass org/eclipse/aether/collection/DependencySelector
instanceKlass org/eclipse/aether/resolution/ArtifactDescriptorPolicy
instanceKlass  @bci org/eclipse/m2e/core/embedder/MavenSettingsLocations equals (Ljava/lang/Object;)Z 2 <adapter> ; # java/lang/invoke/LambdaForm$MH+0x00000151344e0800
instanceKlass org/apache/maven/plugin/PluginArtifactsCache$CacheRecord
# instanceKlass java/lang/invoke/LambdaForm$MH+0x00000151344e0400
instanceKlass org/apache/maven/plugin/PluginArtifactsCache$Key
instanceKlass  @bci org/eclipse/m2e/core/embedder/MavenSettingsLocations equals (Ljava/lang/Object;)Z 2 <appendix> form vmentry <vmtarget> ; # java/lang/invoke/LambdaForm$MH+0x00000151344e0000
instanceKlass  @bci org/eclipse/m2e/core/embedder/MavenSettingsLocations equals (Ljava/lang/Object;)Z 2 <appendix> argL1 form vmentry <vmtarget> ; # java/lang/invoke/LambdaForm$MH+0x00000151344ddc00
instanceKlass org/eclipse/jdt/internal/compiler/impl/CompilerStats
instanceKlass org/apache/maven/plugin/PluginRealmCache$CacheRecord
instanceKlass  @bci org/eclipse/m2e/core/embedder/MavenSettingsLocations equals (Ljava/lang/Object;)Z 2 <appendix> form names 9 function resolvedHandle form vmentry <vmtarget> ; # java/lang/invoke/LambdaForm$MH+0x00000151344dd800
# instanceKlass java/lang/invoke/LambdaForm$DMH+0x00000151344dd400
instanceKlass org/apache/maven/plugin/PluginRealmCache$PluginRealmSupplier
instanceKlass org/eclipse/jdt/internal/compiler/util/HashtableOfModule
instanceKlass org/apache/maven/plugin/PluginRealmCache$Key
# instanceKlass java/lang/invoke/LambdaForm$MH+0x00000151344dd000
# instanceKlass java/lang/invoke/LambdaForm$MH+0x00000151344dcc00
# instanceKlass java/lang/invoke/LambdaForm$MH+0x00000151344dc800
# instanceKlass java/lang/invoke/LambdaForm$MH+0x00000151344dc400
# instanceKlass java/lang/invoke/LambdaForm$MH+0x00000151344dc000
instanceKlass org/eclipse/jdt/internal/compiler/lookup/TypeSystem$HashedParameterizedTypes
instanceKlass org/apache/maven/project/ProjectRealmCache$CacheRecord
instanceKlass org/eclipse/jdt/internal/compiler/ClassFile
instanceKlass org/apache/maven/project/ProjectRealmCache$Key
instanceKlass org/eclipse/m2e/core/internal/project/ProjectCachePlunger
instanceKlass org/eclipse/jdt/internal/compiler/ClassFilePool
instanceKlass  @bci org/eclipse/jdt/ls/core/internal/preferences/Preferences createFrom (Ljava/util/Map;)Lorg/eclipse/jdt/ls/core/internal/preferences/Preferences; 2173 <appendix> member <vmtarget> ; # org/eclipse/jdt/ls/core/internal/preferences/Preferences$$Lambda+0x0000015134486860
instanceKlass org/apache/maven/plugin/ExtensionRealmCache$CacheRecord
instanceKlass org/eclipse/jdt/internal/compiler/util/CharArrayMap
instanceKlass org/apache/maven/plugin/ExtensionRealmCache$Key
instanceKlass com/google/common/base/CommonPattern
instanceKlass org/apache/maven/project/artifact/DefaultMavenMetadataCache$CacheKey
instanceKlass com/google/common/base/Platform$JdkPatternCompiler
instanceKlass org/eclipse/jdt/internal/compiler/util/CharDelegateMap
instanceKlass org/apache/maven/repository/legacy/metadata/ResolutionGroup
instanceKlass com/google/common/base/PatternCompiler
instanceKlass com/google/common/base/Platform
instanceKlass org/eclipse/jdt/internal/compiler/util/CharArrayMapper
instanceKlass org/apache/maven/artifact/repository/ArtifactRepositoryPolicy
instanceKlass com/google/common/base/Strings
instanceKlass com/google/inject/spi/ProviderWithExtensionVisitor
instanceKlass  @bci org/eclipse/jdt/ls/core/internal/preferences/Preferences createFrom (Ljava/util/Map;)Lorg/eclipse/jdt/ls/core/internal/preferences/Preferences; 1594 <appendix> member <vmtarget> ; # org/eclipse/jdt/ls/core/internal/preferences/Preferences$$Lambda+0x0000015134486628
instanceKlass com/google/common/collect/Iterables
instanceKlass org/eclipse/jdt/ls/core/internal/RuntimeEnvironment
instanceKlass org/eclipse/jdt/internal/compiler/lookup/ImplicitNullAnnotationVerifier
instanceKlass org/eclipse/jdt/internal/corext/util/TypeFilter
instanceKlass org/eclipse/jdt/internal/compiler/lookup/TypeSystem
instanceKlass  @bci com/google/inject/spi/InjectionPoint forConstructorOf (Lcom/google/inject/TypeLiteral;Z)Lcom/google/inject/spi/InjectionPoint; 83 <appendix> member <vmtarget> ; # com/google/inject/spi/InjectionPoint$$Lambda+0x00000151344ccf70
instanceKlass  @bci com/google/inject/spi/InjectionPoint forConstructorOf (Lcom/google/inject/TypeLiteral;Z)Lcom/google/inject/spi/InjectionPoint; 67 <appendix> argL0 ; # com/google/inject/spi/InjectionPoint$$Lambda+0x00000151344ccd20
instanceKlass  @bci com/google/inject/spi/InjectionPoint forConstructorOf (Lcom/google/inject/TypeLiteral;Z)Lcom/google/inject/spi/InjectionPoint; 57 <appendix> argL0 ; # com/google/inject/spi/InjectionPoint$$Lambda+0x00000151344ccad0
instanceKlass  @bci com/google/inject/spi/InjectionPoint forConstructorOf (Lcom/google/inject/TypeLiteral;Z)Lcom/google/inject/spi/InjectionPoint; 24 <appendix> argL0 ; # com/google/inject/spi/InjectionPoint$$Lambda+0x00000151344cc880
instanceKlass  @bci org/eclipse/jdt/ls/core/internal/preferences/Preferences setResourceFilters (Ljava/util/List;)Lorg/eclipse/jdt/ls/core/internal/preferences/Preferences; 11 <appendix> argL0 ; # org/eclipse/jdt/ls/core/internal/preferences/Preferences$$Lambda+0x0000015134486158
instanceKlass org/eclipse/jdt/internal/compiler/lookup/LookupEnvironment
instanceKlass org/eclipse/jdt/internal/compiler/lookup/ProblemReasons
instanceKlass org/eclipse/sisu/plexus/PlexusBean
instanceKlass com/google/common/base/Ascii
instanceKlass org/codehaus/plexus/component/repository/ComponentDescriptor
instanceKlass com/google/common/base/CharMatcher
instanceKlass com/google/inject/spi/ProvidesMethodBinding
instanceKlass org/eclipse/sisu/inject/Guice4
instanceKlass com/google/inject/internal/GuiceInternal
instanceKlass org/sonatype/inject/Parameters
instanceKlass org/eclipse/sisu/plexus/PlexusXmlBeanConverter
instanceKlass org/eclipse/sisu/plexus/PlexusBeanConverter
instanceKlass org/eclipse/jdt/internal/compiler/util/HashtableOfInt
instanceKlass com/google/inject/spi/TypeConverterBinding
instanceKlass java/lang/reflect/AnnotatedParameterizedType
instanceKlass org/eclipse/sisu/inject/DefaultRankingFunction
instanceKlass org/eclipse/jdt/ls/core/internal/handlers/MapFlattener
instanceKlass com/google/inject/spi/ProvisionListenerBinding
instanceKlass com/google/inject/spi/TypeListenerBinding
instanceKlass org/eclipse/jdt/core/compiler/CategorizedProblem
instanceKlass org/eclipse/jdt/ls/core/internal/preferences/ClientPreferences
instanceKlass org/eclipse/jdt/internal/compiler/problem/DefaultProblemFactory
instanceKlass org/eclipse/sisu/bean/BeanListener
instanceKlass com/google/inject/matcher/Matchers
instanceKlass org/eclipse/sisu/bean/PropertyBinder
instanceKlass org/eclipse/sisu/plexus/PlexusBeanBinder
instanceKlass org/eclipse/jdt/internal/compiler/DefaultErrorHandlingPolicies$4
instanceKlass com/google/inject/spi/InjectionListener
instanceKlass org/sonatype/plexus/components/sec/dispatcher/DefaultSecDispatcher
instanceKlass org/eclipse/jdt/internal/compiler/IErrorHandlingPolicy
instanceKlass org/eclipse/jdt/internal/compiler/DefaultErrorHandlingPolicies
instanceKlass org/eclipse/jdt/internal/compiler/DefaultCompilerFactory
instanceKlass org/sonatype/plexus/components/cipher/DefaultPlexusCipher
instanceKlass org/eclipse/jdt/internal/core/builder/TypeLocators
instanceKlass org/sonatype/plexus/components/cipher/PlexusCipher
instanceKlass org/codehaus/plexus/build/DefaultBuildContext
instanceKlass com/google/gson/internal/bind/ObjectTypeAdapter$2
instanceKlass org/eclipse/jdt/internal/core/builder/ReferenceCollection
instanceKlass org/codehaus/plexus/build/BuildContext
instanceKlass org/codehaus/plexus/component/configurator/AbstractComponentConfigurator
instanceKlass org/eclipse/jdt/ls/core/internal/JSONUtility
instanceKlass org/codehaus/plexus/component/configurator/ComponentConfigurator
instanceKlass org/eclipse/lsp4j/ServerInfo
# instanceKlass java/lang/invoke/LambdaForm$MH+0x00000151344c8000
instanceKlass org/apache/maven/settings/validation/DefaultSettingsValidator
instanceKlass org/eclipse/jdt/internal/core/builder/State
instanceKlass org/apache/maven/settings/validation/SettingsValidator
instanceKlass org/apache/maven/settings/io/DefaultSettingsWriter
instanceKlass org/apache/maven/settings/io/SettingsWriter
instanceKlass org/apache/maven/settings/io/DefaultSettingsReader
instanceKlass org/apache/maven/settings/io/SettingsReader
instanceKlass org/eclipse/jdt/ls/core/internal/handlers/BaseInitHandler
instanceKlass org/apache/maven/settings/crypto/DefaultSettingsDecrypter
instanceKlass org/apache/maven/settings/crypto/SettingsDecrypter
instanceKlass org/apache/maven/settings/building/DefaultSettingsBuilder
instanceKlass  @bci org/eclipse/jdt/internal/core/builder/BatchImageBuilder createExecutor (I)Ljava/util/concurrent/ThreadPoolExecutor; 19 <appendix> argL0 ; # org/eclipse/jdt/internal/core/builder/BatchImageBuilder$$Lambda+0x00000151344c1c28
instanceKlass org/eclipse/core/resources/IResourceVisitor
instanceKlass org/eclipse/aether/transport/wagon/WagonTransporterFactory
instanceKlass org/eclipse/jdt/core/compiler/CompilationProgress
instanceKlass org/eclipse/aether/internal/transport/wagon/PlexusWagonProvider
instanceKlass org/eclipse/jdt/internal/compiler/ICompilerFactory
instanceKlass org/eclipse/aether/transport/wagon/WagonProvider
instanceKlass org/eclipse/jdt/core/compiler/BuildContext
instanceKlass org/eclipse/aether/internal/transport/wagon/PlexusWagonConfigurator
instanceKlass org/eclipse/jdt/internal/core/builder/AbstractImageBuilder
instanceKlass org/eclipse/aether/transport/wagon/WagonConfigurator
instanceKlass org/eclipse/jdt/internal/core/builder/ICompilationUnitLocator
instanceKlass org/eclipse/aether/transport/http/ChecksumExtractor
instanceKlass org/eclipse/aether/transport/http/HttpTransporterFactory
instanceKlass com/google/gson/internal/bind/JsonElementTypeAdapter$1
instanceKlass lombok/patcher/scripts/WrapMethodCallScript$1
instanceKlass org/eclipse/aether/transport/file/FileTransporterFactory
instanceKlass org/eclipse/aether/spi/connector/transport/TransporterFactory
instanceKlass org/apache/maven/repository/internal/VersionsMetadataGeneratorFactory
instanceKlass org/apache/maven/repository/internal/SnapshotMetadataGeneratorFactory
instanceKlass org/apache/maven/repository/internal/PluginsMetadataGeneratorFactory
instanceKlass org/eclipse/aether/impl/MetadataGeneratorFactory
instanceKlass org/apache/maven/repository/internal/DefaultVersionResolver
instanceKlass org/eclipse/lsp4j/jsonrpc/json/adapters/JsonElementTypeAdapter$Factory
instanceKlass  @bci org/eclipse/jdt/internal/core/builder/ClasspathJrt selectModules (Ljava/util/Set;Ljava/util/Collection;)Ljava/util/Collection; 55 <appendix> member <vmtarget> ; # org/eclipse/jdt/internal/core/builder/ClasspathJrt$$Lambda+0x00000151344c0240
instanceKlass org/eclipse/lsp4j/StaleRequestCapabilities
instanceKlass org/eclipse/aether/impl/VersionResolver
instanceKlass  @bci org/eclipse/jdt/internal/core/builder/ClasspathJrt selectModules (Ljava/util/Set;Ljava/util/Collection;)Ljava/util/Collection; 49 <appendix> argL0 ; # org/eclipse/jdt/internal/core/builder/ClasspathJrt$$Lambda+0x00000151344c0000
instanceKlass org/apache/maven/repository/internal/DefaultVersionRangeResolver
instanceKlass org/eclipse/jdt/internal/compiler/env/IUpdatableModule$UpdatesByKind
instanceKlass org/eclipse/lsp4j/MarkdownCapabilities
instanceKlass org/eclipse/aether/impl/VersionRangeResolver
instanceKlass org/apache/maven/repository/internal/DefaultModelCacheFactory
instanceKlass org/eclipse/lsp4j/RegularExpressionsCapabilities
instanceKlass org/apache/maven/repository/internal/ModelCacheFactory
instanceKlass org/eclipse/jdt/internal/core/builder/ClasspathJrt$1
instanceKlass org/apache/maven/repository/internal/DefaultArtifactDescriptorReader
instanceKlass  @bci org/eclipse/jdt/internal/core/builder/ClasspathJrt loadModules (Lorg/eclipse/jdt/internal/core/builder/ClasspathJrt;)V 15 <appendix> member <vmtarget> ; # org/eclipse/jdt/internal/core/builder/ClasspathJrt$$Lambda+0x00000151344b7af8
instanceKlass org/eclipse/lsp4j/WindowShowMessageRequestActionItemCapabilities
instanceKlass org/eclipse/aether/impl/ArtifactDescriptorReader
instanceKlass org/eclipse/lsp4j/ShowDocumentCapabilities
instanceKlass org/eclipse/jdt/internal/core/builder/ModuleEntryProcessor
instanceKlass org/eclipse/lsp4j/WindowShowMessageRequestCapabilities
instanceKlass org/eclipse/aether/named/support/NamedLockFactorySupport
instanceKlass org/eclipse/jdt/internal/core/util/LRUCache$LRUCacheEntry
instanceKlass org/eclipse/jdt/internal/core/util/ILRUCacheable
instanceKlass org/eclipse/aether/named/NamedLockFactory
instanceKlass org/eclipse/aether/internal/impl/synccontext/named/providers/StaticNameMapperProvider
instanceKlass org/eclipse/lsp4j/InlayHintResolveSupportCapabilities
instanceKlass org/eclipse/aether/internal/impl/synccontext/named/providers/GAVNameMapperProvider
instanceKlass org/eclipse/aether/internal/impl/synccontext/named/providers/FileStaticNameMapperProvider
instanceKlass org/eclipse/aether/internal/impl/synccontext/named/providers/FileHashingGAVNameMapperProvider
instanceKlass org/eclipse/aether/internal/impl/synccontext/named/providers/FileGAVNameMapperProvider
instanceKlass org/eclipse/lsp4j/SemanticTokensClientCapabilitiesRequestsFull
instanceKlass org/eclipse/aether/internal/impl/synccontext/named/NameMapper
instanceKlass org/eclipse/aether/internal/impl/synccontext/named/providers/DiscriminatingNameMapperProvider
instanceKlass org/eclipse/lsp4j/SemanticTokensClientCapabilitiesRequests
instanceKlass org/eclipse/aether/internal/impl/synccontext/named/NamedLockFactoryAdapterFactoryImpl
instanceKlass org/eclipse/aether/internal/impl/synccontext/named/NamedLockFactoryAdapterFactory
instanceKlass org/eclipse/aether/internal/impl/synccontext/legacy/DefaultSyncContextFactory
instanceKlass org/eclipse/aether/impl/SyncContextFactory
instanceKlass org/eclipse/lsp4j/FoldingRangeSupportCapabilities
instanceKlass org/eclipse/aether/internal/impl/synccontext/DefaultSyncContextFactory
instanceKlass org/eclipse/jdt/core/IImportDeclaration
instanceKlass org/eclipse/aether/spi/synccontext/SyncContextFactory
instanceKlass org/eclipse/lsp4j/FoldingRangeKindSupportCapabilities
instanceKlass org/eclipse/aether/internal/impl/slf4j/Slf4jLoggerFactory
instanceKlass org/eclipse/jdt/core/IImportContainer
instanceKlass org/eclipse/jdt/core/IPackageDeclaration
instanceKlass org/eclipse/aether/internal/impl/resolution/ArtifactResolverPostProcessorSupport
instanceKlass org/eclipse/lsp4j/jsonrpc/json/adapters/EitherTypeAdapter$EitherTypeArgument
instanceKlass org/eclipse/jdt/internal/core/JavaProject$ModuleLookup
instanceKlass org/eclipse/aether/internal/impl/filter/RemoteRepositoryFilterSourceSupport
instanceKlass org/eclipse/lsp4j/DiagnosticsTagSupport
instanceKlass org/eclipse/aether/spi/connector/filter/RemoteRepositoryFilterSource
instanceKlass org/eclipse/aether/spi/resolution/ArtifactResolverPostProcessor
instanceKlass org/eclipse/aether/internal/impl/filter/DefaultRemoteRepositoryFilterManager
instanceKlass org/eclipse/aether/impl/RemoteRepositoryFilterManager
instanceKlass org/eclipse/aether/internal/impl/collect/DependencyCollectorDelegate
instanceKlass org/eclipse/lsp4j/CodeActionKindCapabilities
instanceKlass org/eclipse/lsp4j/CodeActionResolveSupportCapabilities
instanceKlass org/eclipse/lsp4j/CodeActionLiteralSupportCapabilities
instanceKlass org/eclipse/aether/internal/impl/collect/DefaultDependencyCollector
instanceKlass org/eclipse/aether/impl/DependencyCollector
instanceKlass org/eclipse/aether/internal/impl/checksum/TrustedToProvidedChecksumsSourceAdapter
instanceKlass org/eclipse/aether/spi/checksums/ProvidedChecksumsSource
instanceKlass org/eclipse/lsp4j/ParameterInformationCapabilities
instanceKlass org/eclipse/lsp4j/SignatureInformationCapabilities
instanceKlass org/eclipse/aether/internal/impl/checksum/FileTrustedChecksumsSourceSupport
instanceKlass org/eclipse/aether/spi/checksums/TrustedChecksumsSource
instanceKlass org/eclipse/jdt/internal/compiler/codegen/ConstantPool
instanceKlass org/eclipse/aether/spi/connector/checksum/ChecksumAlgorithmFactorySupport
instanceKlass org/eclipse/aether/spi/connector/checksum/ChecksumAlgorithmFactory
instanceKlass org/eclipse/jdt/internal/compiler/classfmt/ClassFileConstants
instanceKlass org/eclipse/aether/internal/impl/checksum/DefaultChecksumAlgorithmFactorySelector
instanceKlass org/eclipse/aether/spi/connector/checksum/ChecksumAlgorithmFactorySelector
instanceKlass org/eclipse/aether/internal/impl/SimpleLocalRepositoryManagerFactory
instanceKlass org/eclipse/lsp4j/CompletionItemInsertTextModeSupportCapabilities
instanceKlass org/eclipse/aether/internal/impl/Maven2RepositoryLayoutFactory
instanceKlass org/eclipse/lsp4j/CompletionItemResolveSupportCapabilities
instanceKlass org/eclipse/aether/spi/connector/layout/RepositoryLayoutFactory
instanceKlass org/eclipse/lsp4j/CompletionItemTagSupportCapabilities
instanceKlass org/eclipse/aether/spi/log/LoggerFactory
instanceKlass org/eclipse/aether/internal/impl/LoggerFactoryProvider
instanceKlass org/eclipse/aether/internal/impl/EnhancedLocalRepositoryManagerFactory
instanceKlass org/eclipse/lsp4j/CompletionListCapabilities
instanceKlass org/eclipse/aether/spi/localrepo/LocalRepositoryManagerFactory
instanceKlass org/eclipse/aether/internal/impl/DefaultUpdatePolicyAnalyzer
instanceKlass org/eclipse/aether/impl/UpdatePolicyAnalyzer
instanceKlass org/eclipse/lsp4j/CompletionItemCapabilities
instanceKlass org/eclipse/aether/internal/impl/DefaultUpdateCheckManager
instanceKlass org/eclipse/lsp4j/WorkDoneProgressNotification
instanceKlass org/eclipse/lsp4j/CompletionItemKindCapabilities
instanceKlass org/eclipse/aether/impl/UpdateCheckManager
instanceKlass org/eclipse/aether/internal/impl/DefaultTransporterProvider
instanceKlass org/eclipse/aether/spi/connector/transport/TransporterProvider
instanceKlass org/eclipse/aether/internal/impl/DefaultTrackingFileManager
instanceKlass org/eclipse/aether/internal/impl/TrackingFileManager
instanceKlass org/eclipse/aether/internal/impl/DefaultRepositorySystemLifecycle
instanceKlass org/eclipse/aether/impl/RepositorySystemLifecycle
instanceKlass org/eclipse/aether/internal/impl/DefaultRepositorySystem
instanceKlass org/eclipse/aether/RepositorySystem
instanceKlass org/eclipse/aether/internal/impl/DefaultRepositoryLayoutProvider
instanceKlass org/eclipse/aether/spi/connector/layout/RepositoryLayoutProvider
instanceKlass org/eclipse/aether/internal/impl/DefaultRepositoryEventDispatcher
instanceKlass org/eclipse/lsp4j/PublishDiagnosticsCapabilities
instanceKlass org/eclipse/aether/impl/RepositoryEventDispatcher
instanceKlass org/eclipse/aether/internal/impl/DefaultRepositoryConnectorProvider
instanceKlass org/eclipse/aether/impl/RepositoryConnectorProvider
instanceKlass org/eclipse/aether/internal/impl/DefaultRemoteRepositoryManager
instanceKlass org/eclipse/aether/impl/RemoteRepositoryManager
instanceKlass org/eclipse/aether/internal/impl/DefaultOfflineController
instanceKlass org/eclipse/aether/impl/OfflineController
instanceKlass org/eclipse/aether/internal/impl/DefaultMetadataResolver
instanceKlass org/eclipse/aether/impl/MetadataResolver
instanceKlass org/eclipse/aether/internal/impl/DefaultLocalRepositoryProvider
instanceKlass org/eclipse/aether/impl/LocalRepositoryProvider
instanceKlass org/eclipse/aether/internal/impl/LocalPathPrefixComposerFactorySupport
instanceKlass org/eclipse/aether/internal/impl/LocalPathPrefixComposerFactory
instanceKlass org/eclipse/aether/internal/impl/DefaultLocalPathComposer
instanceKlass org/eclipse/aether/internal/impl/LocalPathComposer
instanceKlass org/eclipse/aether/internal/impl/DefaultInstaller
instanceKlass org/eclipse/aether/impl/Installer
instanceKlass org/eclipse/aether/internal/impl/DefaultFileProcessor
instanceKlass org/eclipse/aether/spi/io/FileProcessor
instanceKlass org/eclipse/aether/internal/impl/DefaultDeployer
instanceKlass org/eclipse/aether/impl/Deployer
instanceKlass org/eclipse/aether/internal/impl/DefaultChecksumPolicyProvider
instanceKlass org/eclipse/aether/spi/connector/checksum/ChecksumPolicyProvider
instanceKlass org/eclipse/aether/internal/impl/DefaultArtifactResolver
instanceKlass org/eclipse/aether/impl/ArtifactResolver
# instanceKlass java/lang/invoke/LambdaForm$MH+0x00000151344a0000
instanceKlass org/eclipse/aether/connector/basic/BasicRepositoryConnectorFactory
instanceKlass org/eclipse/aether/spi/locator/Service
instanceKlass org/eclipse/aether/spi/connector/RepositoryConnectorFactory
instanceKlass org/apache/maven/model/validation/DefaultModelValidator
instanceKlass org/eclipse/lsp4j/WorkspaceSymbolResolveSupportCapabilities
instanceKlass org/eclipse/jdt/internal/compiler/env/IBinaryElementValuePair
instanceKlass org/eclipse/lsp4j/SymbolTagSupportCapabilities
instanceKlass org/apache/maven/model/validation/ModelValidator
instanceKlass org/eclipse/lsp4j/SymbolKindCapabilities
instanceKlass org/apache/maven/model/superpom/DefaultSuperPomProvider
instanceKlass org/apache/maven/model/superpom/SuperPomProvider
instanceKlass org/apache/maven/model/profile/activation/PropertyProfileActivator
instanceKlass org/apache/maven/model/profile/activation/OperatingSystemProfileActivator
instanceKlass  @bci org/eclipse/lsp4j/jsonrpc/json/adapters/CollectionTypeAdapter$Factory getConstructor (Ljava/lang/Class;)Ljava/util/function/Supplier; 62 <appendix> argL0 ; # org/eclipse/lsp4j/jsonrpc/json/adapters/CollectionTypeAdapter$Factory$$Lambda+0x0000015134488ce8
instanceKlass org/eclipse/lsp4j/jsonrpc/json/adapters/TypeUtils$ParameterizedTypeImpl
instanceKlass org/apache/maven/model/profile/activation/JdkVersionProfileActivator
instanceKlass org/apache/maven/model/profile/activation/FileProfileActivator
instanceKlass org/eclipse/lsp4j/WorkspaceEditChangeAnnotationSupportCapabilities
instanceKlass org/apache/maven/model/profile/activation/ProfileActivator
instanceKlass org/apache/maven/model/profile/DefaultProfileSelector
instanceKlass org/eclipse/equinox/internal/app/EclipseAppHandle$1
instanceKlass org/apache/maven/model/profile/ProfileSelector
instanceKlass org/eclipse/lsp4j/DiagnosticWorkspaceCapabilities
instanceKlass  @bci org/eclipse/equinox/internal/app/EclipseAppHandle getStartupMonitors ()[Lorg/osgi/framework/ServiceReference; 34 <appendix> argL0 ; # org/eclipse/equinox/internal/app/EclipseAppHandle$$Lambda+0x00000151341819c8
instanceKlass org/apache/maven/model/profile/DefaultProfileInjector
instanceKlass org/eclipse/lsp4j/InlineValueWorkspaceCapabilities
instanceKlass org/apache/maven/model/profile/ProfileInjector
instanceKlass org/eclipse/jdt/ls/core/internal/managers/TelemetryEvent
instanceKlass org/apache/maven/model/plugin/DefaultReportingConverter
instanceKlass org/eclipse/lsp4j/InlayHintWorkspaceCapabilities
instanceKlass com/google/gson/internal/LinkedTreeMap$LinkedTreeMapIterator
instanceKlass org/apache/maven/model/plugin/ReportingConverter
instanceKlass org/apache/maven/model/plugin/DefaultReportConfigurationExpander
instanceKlass org/apache/maven/model/plugin/ReportConfigurationExpander
instanceKlass org/apache/maven/model/plugin/DefaultPluginConfigurationExpander
instanceKlass org/apache/maven/model/plugin/PluginConfigurationExpander
instanceKlass org/eclipse/lsp4j/CodeLensWorkspaceCapabilities
instanceKlass org/apache/maven/model/path/ProfileActivationFilePathInterpolator
instanceKlass org/eclipse/lsp4j/SemanticTokensWorkspaceCapabilities
instanceKlass org/apache/maven/model/path/DefaultUrlNormalizer
instanceKlass sun/nio/ch/WindowsAsynchronousFileChannelImpl$WriteTask
instanceKlass org/apache/maven/model/path/UrlNormalizer
instanceKlass org/apache/maven/model/path/DefaultPathTranslator
instanceKlass org/apache/maven/model/path/PathTranslator
instanceKlass org/apache/maven/model/path/DefaultModelUrlNormalizer
instanceKlass org/apache/maven/model/path/ModelUrlNormalizer
instanceKlass com/google/gson/internal/Streams
instanceKlass org/apache/maven/model/path/DefaultModelPathTranslator
instanceKlass org/apache/maven/model/path/ModelPathTranslator
instanceKlass org/apache/maven/model/normalization/DefaultModelNormalizer
instanceKlass org/eclipse/lsp4j/jsonrpc/util/Preconditions
instanceKlass org/apache/maven/model/normalization/ModelNormalizer
instanceKlass org/eclipse/lsp4j/DynamicRegistrationCapabilities
instanceKlass org/apache/maven/model/management/DefaultPluginManagementInjector
instanceKlass org/apache/maven/model/management/PluginManagementInjector
instanceKlass org/apache/maven/model/management/DefaultDependencyManagementInjector
instanceKlass org/apache/maven/model/management/DependencyManagementInjector
instanceKlass org/apache/maven/model/locator/DefaultModelLocator
instanceKlass org/apache/maven/model/io/DefaultModelWriter
instanceKlass org/eclipse/lsp4j/WorkspaceEditCapabilities
instanceKlass org/apache/maven/model/io/ModelWriter
instanceKlass org/apache/maven/model/io/DefaultModelReader
instanceKlass org/apache/maven/model/interpolation/AbstractStringBasedModelInterpolator
instanceKlass org/eclipse/lsp4j/GeneralClientCapabilities
instanceKlass org/apache/maven/model/interpolation/ModelInterpolator
instanceKlass org/eclipse/lsp4j/NotebookDocumentClientCapabilities
instanceKlass org/apache/maven/model/interpolation/DefaultModelVersionProcessor
instanceKlass org/apache/maven/model/interpolation/ModelVersionProcessor
instanceKlass org/eclipse/lsp4j/WindowClientCapabilities
instanceKlass org/apache/maven/model/inheritance/DefaultInheritanceAssembler
instanceKlass org/apache/maven/model/inheritance/InheritanceAssembler
instanceKlass org/eclipse/lsp4j/TextDocumentClientCapabilities
instanceKlass org/apache/maven/model/composition/DefaultDependencyManagementImporter
instanceKlass org/eclipse/lsp4j/WorkspaceClientCapabilities
instanceKlass org/apache/maven/model/composition/DependencyManagementImporter
instanceKlass  @bci sun/reflect/annotation/AnnotationParser parseClassArray (ILjava/nio/ByteBuffer;Ljdk/internal/reflect/ConstantPool;Ljava/lang/Class;)Ljava/lang/Object; 10 <appendix> member <vmtarget> ; # sun/reflect/annotation/AnnotationParser$$Lambda+0x00000151343790e0
instanceKlass org/apache/maven/model/building/DefaultModelProcessor
instanceKlass org/apache/maven/model/building/ModelProcessor
instanceKlass org/apache/maven/model/io/ModelReader
instanceKlass org/apache/maven/model/locator/ModelLocator
instanceKlass org/eclipse/lsp4j/ClientCapabilities
instanceKlass org/apache/maven/model/building/DefaultModelBuilder
instanceKlass com/google/gson/internal/bind/ReflectiveTypeAdapterFactory$FieldsData
instanceKlass org/eclipse/lsp4j/jsonrpc/validation/NonNull
instanceKlass com/google/gson/annotations/SerializedName
instanceKlass org/apache/maven/model/building/ModelBuilder
instanceKlass org/eclipse/lsp4j/ClientInfo
instanceKlass org/apache/maven/cli/internal/BootstrapCoreExtensionManager
instanceKlass org/apache/maven/toolchain/io/DefaultToolchainsWriter
instanceKlass org/apache/maven/toolchain/io/ToolchainsWriter
instanceKlass org/apache/maven/toolchain/building/DefaultToolchainsBuilder
instanceKlass  @bci com/google/gson/internal/ConstructorConstructor newDefaultConstructor (Ljava/lang/Class;Lcom/google/gson/ReflectionAccessFilter$FilterResult;)Lcom/google/gson/internal/ObjectConstructor; 130 <appendix> member <vmtarget> ; # com/google/gson/internal/ConstructorConstructor$$Lambda+0x000001513448c000
instanceKlass  @bci java/util/regex/Pattern CIRange (II)Ljava/util/regex/Pattern$CharPredicate; 2 <appendix> member <vmtarget> ; # java/util/regex/Pattern$$Lambda+0x0000015134378e80
instanceKlass  @bci java/util/regex/Pattern SingleI (II)Ljava/util/regex/Pattern$BmpCharPredicate; 2 <appendix> member <vmtarget> ; # java/util/regex/Pattern$$Lambda+0x0000015134378bf0
instanceKlass org/apache/maven/toolchain/building/ToolchainsBuilder
instanceKlass java/time/format/Parsed
instanceKlass org/apache/maven/session/scope/internal/SessionScope$ScopeState
instanceKlass java/time/format/DateTimeParseContext
instanceKlass org/eclipse/jdt/ls/core/internal/LogReader$LogEntry
instanceKlass  @bci org/apache/maven/session/scope/internal/SessionScope <clinit> ()V 0 <appendix> argL0 ; # org/apache/maven/session/scope/internal/SessionScope$$Lambda+0x0000015134482038
instanceKlass org/eclipse/lsp4j/adapters/InitializeParamsTypeAdapter$Factory
instanceKlass org/apache/maven/session/scope/internal/SessionScope
instanceKlass com/google/gson/annotations/JsonAdapter
instanceKlass java/io/PrintWriter$1
instanceKlass jdk/internal/access/JavaIOPrintWriterAccess
instanceKlass org/eclipse/lsp4j/jsonrpc/messages/Tuple$Two
instanceKlass org/eclipse/jdt/ls/core/internal/LogReader$LogSession
instanceKlass org/eclipse/lsp4j/jsonrpc/messages/Tuple
instanceKlass org/eclipse/lsp4j/jsonrpc/json/adapters/TypeUtils
instanceKlass sun/util/locale/provider/CalendarNameProviderImpl$LengthBasedComparator
instanceKlass sun/util/resources/provider/NonBaseLocaleDataMetaInfo
instanceKlass  @bci sun/util/locale/provider/JRELocaleProviderAdapter createSupportedLocaleString (Ljava/lang/String;)Ljava/lang/String; 6 <appendix> member <vmtarget> ; # sun/util/locale/provider/JRELocaleProviderAdapter$$Lambda+0x0000015134377e90
instanceKlass sun/util/locale/provider/BaseLocaleDataMetaInfo
instanceKlass  @bci sun/util/locale/provider/JRELocaleProviderAdapter getCalendarNameProvider ()Ljava/util/spi/CalendarNameProvider; 8 <appendix> member <vmtarget> ; # sun/util/locale/provider/JRELocaleProviderAdapter$$Lambda+0x0000015134377a10
instanceKlass  @bci sun/util/cldr/CLDRLocaleProviderAdapter getCalendarNameProvider ()Ljava/util/spi/CalendarNameProvider; 8 <appendix> member <vmtarget> ; # sun/util/cldr/CLDRLocaleProviderAdapter$$Lambda+0x0000015134377318
instanceKlass sun/util/locale/provider/CalendarDataUtility$CalendarFieldValueNamesMapGetter
instanceKlass java/text/CalendarBuilder
instanceKlass java/text/ParsePosition
instanceKlass org/apache/maven/plugin/internal/AbstractMavenPluginDependenciesValidator
instanceKlass sun/nio/ch/WindowsAsynchronousFileChannelImpl$ReadTask
instanceKlass sun/nio/ch/Iocp$ResultHandler
instanceKlass org/apache/maven/plugin/internal/MavenPluginDependenciesValidator
instanceKlass sun/nio/ch/PendingFuture
instanceKlass org/eclipse/jdt/ls/core/internal/LogReader
instanceKlass org/eclipse/lsp4j/jsonrpc/json/StreamMessageProducer$Headers
instanceKlass org/eclipse/lsp4j/jsonrpc/json/ConcurrentMessageProcessor$1
instanceKlass org/apache/maven/plugin/internal/AbstractMavenPluginParametersValidator
instanceKlass  @bci org/eclipse/jdt/ls/core/internal/handlers/WorkspaceEventsHandler <init> (Lorg/eclipse/jdt/ls/core/internal/managers/ProjectsManager;Lorg/eclipse/jdt/ls/core/internal/JavaClientConnection;Lorg/eclipse/jdt/ls/core/internal/handlers/BaseDocumentLifeCycleHandler;)V 35 <appendix> member <vmtarget> ; # org/eclipse/jdt/ls/core/internal/handlers/WorkspaceEventsHandler$$Lambda+0x000001513446fd70
instanceKlass org/apache/maven/plugin/internal/MavenPluginConfigurationValidator
instanceKlass org/eclipse/jdt/ls/core/internal/handlers/WorkspaceEventsHandler
instanceKlass org/apache/maven/eventspy/AbstractEventSpy
instanceKlass org/eclipse/jdt/core/manipulation/CoreASTProvider$WAIT_FLAG
instanceKlass org/eclipse/jdt/core/manipulation/CoreASTProvider
instanceKlass org/apache/maven/plugin/PluginValidationManager
instanceKlass org/apache/maven/plugin/DefaultMojosExecutionStrategy
instanceKlass org/apache/maven/plugin/MojosExecutionStrategy
instanceKlass org/apache/maven/lifecycle/internal/LifecycleDependencyResolver
instanceKlass org/eclipse/jdt/ls/core/internal/MovingAverage
instanceKlass org/eclipse/jdt/ls/core/internal/handlers/BaseDiagnosticsHandler
instanceKlass org/apache/maven/lifecycle/internal/DefaultProjectArtifactFactory
instanceKlass org/apache/maven/lifecycle/internal/ProjectArtifactFactory
instanceKlass org/apache/maven/internal/aether/ResolverLifecycle
instanceKlass org/apache/maven/internal/aether/DefaultRepositorySystemSessionFactory
instanceKlass org/eclipse/jdt/core/IProblemRequestor
instanceKlass org/eclipse/lsp4j/jsonrpc/StandardLauncher
instanceKlass org/apache/maven/extension/internal/CoreExportsProvider
instanceKlass org/eclipse/lsp4j/jsonrpc/json/ConcurrentMessageProcessor
instanceKlass org/apache/maven/execution/scope/internal/MojoExecutionScope$ScopeState
instanceKlass org/eclipse/lsp4j/jsonrpc/json/StreamMessageProducer
instanceKlass org/apache/maven/execution/MojoExecutionEvent
instanceKlass org/apache/maven/execution/scope/MojoExecutionScoped
instanceKlass com/google/inject/RestrictedBindingSource$Permit
instanceKlass org/apache/maven/execution/scope/internal/MojoExecutionScope$1
instanceKlass  @bci java/lang/reflect/Proxy getProxyConstructor (Ljava/lang/Class;Ljava/lang/ClassLoader;[Ljava/lang/Class;)Ljava/lang/reflect/Constructor; 80 <appendix> argL0 ; # java/lang/reflect/Proxy$$Lambda+0x0000015134375f00
instanceKlass org/apache/maven/execution/scope/internal/MojoExecutionScope
instanceKlass  @bci org/eclipse/lsp4j/jsonrpc/services/EndpointProxy <init> (Lorg/eclipse/lsp4j/jsonrpc/Endpoint;Ljava/util/Collection;)V 197 <appendix> member <vmtarget> ; # org/eclipse/lsp4j/jsonrpc/services/EndpointProxy$$Lambda+0x0000015134477a58
instanceKlass  @bci org/eclipse/lsp4j/jsonrpc/services/EndpointProxy <init> (Lorg/eclipse/lsp4j/jsonrpc/Endpoint;Ljava/util/Collection;)V 178 <appendix> member <vmtarget> ; # org/eclipse/lsp4j/jsonrpc/services/EndpointProxy$$Lambda+0x0000015134477820
instanceKlass org/apache/maven/execution/MojoExecutionListener
instanceKlass org/eclipse/lsp4j/jsonrpc/services/EndpointProxy
instanceKlass org/eclipse/sisu/space/QualifiedTypeBinder$1
instanceKlass  @bci org/eclipse/lsp4j/jsonrpc/RemoteEndpoint <clinit> ()V 11 <appendix> argL0 ; # org/eclipse/lsp4j/jsonrpc/RemoteEndpoint$$Lambda+0x00000151344773a8
instanceKlass org/eclipse/lsp4j/jsonrpc/messages/ResponseError
instanceKlass org/apache/maven/execution/DefaultMavenExecutionRequestPopulator
instanceKlass org/apache/maven/execution/MavenExecutionRequestPopulator
instanceKlass org/apache/maven/classrealm/DefaultClassRealmManager
instanceKlass org/eclipse/lsp4j/jsonrpc/RemoteEndpoint
instanceKlass org/apache/maven/classrealm/ClassRealmManager
instanceKlass org/apache/maven/SessionScoped
instanceKlass org/apache/maven/ReactorReader
instanceKlass  @bci java/lang/reflect/Executable sharedToString (IZ[Ljava/lang/Class;[Ljava/lang/Class;)Ljava/lang/String; 29 <appendix> argL0 ; # java/lang/reflect/Executable$$Lambda+0x0000015134375cc0
instanceKlass org/apache/maven/repository/internal/MavenWorkspaceReader
instanceKlass  @bci org/eclipse/lsp4j/jsonrpc/services/GenericEndpoint recursiveFindRpcMethods (Ljava/lang/Object;Ljava/util/Set;Ljava/util/Set;)V 24 <appendix> member <vmtarget> ; # org/eclipse/lsp4j/jsonrpc/services/GenericEndpoint$$Lambda+0x0000015134475b10
instanceKlass  @cpi org/eclipse/lsp4j/jsonrpc/services/GenericEndpoint 220 form vmentry <vmtarget> ; # java/lang/invoke/LambdaForm$DMH+0x000001513447c000
instanceKlass org/apache/maven/DefaultArtifactFilterManager
instanceKlass org/apache/maven/ArtifactFilterManager
instanceKlass org/eclipse/sisu/space/WildcardKey$QualifiedImpl
instanceKlass  @bci org/eclipse/lsp4j/jsonrpc/services/GenericEndpoint lambda$recursiveFindRpcMethods$1 (Ljava/lang/Object;Lorg/eclipse/lsp4j/jsonrpc/services/AnnotationUtil$MethodInfo;)V 3 <appendix> member <vmtarget> ; # org/eclipse/lsp4j/jsonrpc/services/GenericEndpoint$$Lambda+0x00000151344758c8
instanceKlass org/eclipse/sisu/space/WildcardKey$Qualified
instanceKlass org/eclipse/sisu/space/WildcardKey
instanceKlass  @bci org/eclipse/lsp4j/jsonrpc/services/GenericEndpoint recursiveFindRpcMethods (Ljava/lang/Object;Ljava/util/Set;Ljava/util/Set;)V 7 <appendix> member <vmtarget> ; # org/eclipse/lsp4j/jsonrpc/services/GenericEndpoint$$Lambda+0x0000015134475690
instanceKlass org/eclipse/sisu/Typed
instanceKlass org/sonatype/inject/EagerSingleton
instanceKlass org/eclipse/lsp4j/jsonrpc/services/GenericEndpoint
instanceKlass org/eclipse/sisu/EagerSingleton
instanceKlass org/sonatype/inject/Mediator
instanceKlass org/eclipse/sisu/inject/TypeArguments
instanceKlass  @bci org/eclipse/jdt/ls/core/internal/ParentProcessWatcher apply (Lorg/eclipse/lsp4j/jsonrpc/MessageConsumer;)Lorg/eclipse/lsp4j/jsonrpc/MessageConsumer; 2 <appendix> member <vmtarget> ; # org/eclipse/jdt/ls/core/internal/ParentProcessWatcher$$Lambda+0x000001513446e598
instanceKlass org/eclipse/lsp4j/jsonrpc/messages/Message
instanceKlass org/eclipse/m2e/internal/maven/listener/M2EMavenBuildDataBridge
instanceKlass org/apache/maven/eventspy/EventSpy
instanceKlass org/eclipse/lsp4j/jsonrpc/json/StreamMessageConsumer
instanceKlass org/eclipse/sisu/space/asm/Context
instanceKlass org/eclipse/sisu/space/asm/Attribute
instanceKlass org/eclipse/lsp4j/jsonrpc/json/MessageConstants
instanceKlass org/eclipse/lsp4j/jsonrpc/json/adapters/MessageTypeAdapter$Factory
instanceKlass org/eclipse/sisu/space/asm/AnnotationVisitor
instanceKlass org/eclipse/lsp4j/jsonrpc/json/adapters/EnumTypeAdapter$Factory
instanceKlass org/eclipse/lsp4j/jsonrpc/json/adapters/TupleTypeAdapters$TwoTypeAdapterFactory
instanceKlass org/eclipse/sisu/space/asm/ClassReader
instanceKlass org/eclipse/lsp4j/jsonrpc/json/adapters/EitherTypeAdapter$Factory
instanceKlass org/eclipse/sisu/space/IndexedClassFinder$1
instanceKlass org/eclipse/lsp4j/jsonrpc/json/adapters/ThrowableTypeAdapter$Factory
instanceKlass org/eclipse/lsp4j/jsonrpc/json/adapters/CollectionTypeAdapter$Factory
instanceKlass org/eclipse/lsp4j/jsonrpc/messages/CancelParams
instanceKlass org/eclipse/sisu/inject/Logs$SLF4JSink
instanceKlass org/eclipse/sisu/inject/Logs$Sink
instanceKlass org/eclipse/sisu/inject/Logs
instanceKlass org/eclipse/lsp4j/jsonrpc/json/MessageJsonHandler
instanceKlass org/eclipse/sisu/space/QualifierCache
instanceKlass org/eclipse/lsp4j/DidSaveNotebookDocumentParams
instanceKlass org/eclipse/sisu/space/QualifiedTypeVisitor
instanceKlass org/eclipse/lsp4j/DidCloseNotebookDocumentParams
instanceKlass org/eclipse/sisu/plexus/PlexusTypeVisitor$ComponentAnnotationVisitor
instanceKlass org/eclipse/lsp4j/DidChangeNotebookDocumentParams
instanceKlass org/eclipse/sisu/space/AnnotationVisitor
instanceKlass org/eclipse/sisu/plexus/PlexusTypeVisitor
instanceKlass org/eclipse/jdt/internal/compiler/classfmt/ModuleInfo$ServiceInfo
instanceKlass org/eclipse/lsp4j/DidOpenNotebookDocumentParams
instanceKlass org/eclipse/sisu/space/ClassVisitor
instanceKlass org/eclipse/jdt/internal/compiler/classfmt/ModuleInfo$PackageExportInfo
instanceKlass org/eclipse/sisu/plexus/PlexusXmlBeanModule$PlexusXmlBeanSource
instanceKlass org/eclipse/jdt/ls/core/internal/handlers/SaveActionHandler
instanceKlass org/eclipse/jdt/internal/compiler/classfmt/ModuleInfo$ModuleReferenceInfo
instanceKlass org/eclipse/jdt/internal/compiler/env/IModule$IModuleReference
instanceKlass org/eclipse/jdt/ls/core/internal/handlers/RenameHandler
instanceKlass org/eclipse/jdt/internal/compiler/env/IModule$IPackageExport
instanceKlass org/eclipse/jdt/internal/compiler/env/IModule$IService
instanceKlass org/eclipse/jdt/ls/core/internal/handlers/CodeActionResolveHandler
instanceKlass org/eclipse/jdt/ls/core/internal/handlers/NavigateToDefinitionHandler
instanceKlass org/eclipse/jdt/ls/core/internal/handlers/PrepareRenameHandler
instanceKlass org/eclipse/jdt/ls/core/internal/handlers/BuildWorkspaceHandler
instanceKlass org/eclipse/sisu/inject/DescriptionSource
instanceKlass org/eclipse/jdt/internal/compiler/codegen/AttributeNamesConstants
instanceKlass org/eclipse/jdt/internal/compiler/env/IBinaryNestedType
instanceKlass org/eclipse/jdt/ls/core/internal/handlers/CodeActionHandler
instanceKlass org/eclipse/sisu/inject/AnnotatedSource
instanceKlass org/eclipse/jdt/internal/compiler/env/IBinaryTypeAnnotation
instanceKlass org/eclipse/jdt/ls/core/internal/handlers/NavigateToDeclarationHandler
instanceKlass org/eclipse/jdt/internal/compiler/env/IBinaryModule
instanceKlass org/eclipse/sisu/Description
instanceKlass org/eclipse/sisu/Hidden
instanceKlass org/eclipse/jdt/internal/compiler/env/IBinaryAnnotation
instanceKlass org/eclipse/sisu/Priority
instanceKlass org/eclipse/jdt/internal/compiler/env/IRecordComponent
instanceKlass org/eclipse/jdt/internal/compiler/env/IBinaryMethod
instanceKlass org/eclipse/jdt/internal/compiler/env/IGenericMethod
instanceKlass org/eclipse/sisu/inject/Sources
instanceKlass org/eclipse/jdt/internal/compiler/env/IBinaryField
instanceKlass org/eclipse/jdt/ls/core/internal/handlers/CodeLensHandler
instanceKlass org/eclipse/jdt/internal/compiler/env/IGenericField
instanceKlass org/eclipse/jdt/internal/compiler/classfmt/ClassFileStruct
instanceKlass org/eclipse/jdt/ls/core/internal/handlers/SignatureHelpHandler
instanceKlass jdk/internal/jrtfs/JrtFileSystem$1
instanceKlass org/eclipse/jdt/ls/core/internal/handlers/ReferencesHandler
instanceKlass org/eclipse/jdt/ls/core/internal/handlers/DocumentSymbolHandler
instanceKlass  @bci org/eclipse/jdt/internal/compiler/util/SoftClassCache$JdkClasses get (Ljava/nio/file/Path;)[B 5 <appendix> argL0 ; # org/eclipse/jdt/internal/compiler/util/SoftClassCache$JdkClasses$$Lambda+0x0000015134426b48
instanceKlass org/eclipse/jdt/internal/compiler/util/SoftClassCache$ClassBytes
instanceKlass com/google/inject/internal/MoreTypes$ParameterizedTypeImpl
instanceKlass  @bci org/eclipse/jdt/internal/compiler/util/SoftClassCache getClassBytes (Lorg/eclipse/jdt/internal/compiler/util/Jdk;Ljava/nio/file/Path;)[B 8 <appendix> argL0 ; # org/eclipse/jdt/internal/compiler/util/SoftClassCache$$Lambda+0x00000151344266f8
instanceKlass org/eclipse/jdt/ls/core/internal/handlers/HoverHandler
instanceKlass org/eclipse/jdt/internal/compiler/util/SoftClassCache$JdkClasses
instanceKlass org/eclipse/jdt/ls/core/internal/handlers/NavigateToTypeDefinitionHandler
instanceKlass org/eclipse/jdt/ls/core/internal/codemanipulation/GenerateGetterSetterOperation$AccessorField
instanceKlass org/apache/maven/wagon/Wagon
instanceKlass org/eclipse/jdt/internal/core/nd/java/model/BinaryModuleDescriptor
instanceKlass org/eclipse/jdt/ls/core/internal/handlers/ExtractInterfaceHandler$CheckExtractInterfaceResponse
instanceKlass org/apache/maven/toolchain/ToolchainsBuilder
instanceKlass org/eclipse/jdt/ls/core/internal/text/correction/ChangeSignatureInfo
instanceKlass org/apache/maven/toolchain/ToolchainManagerPrivate
instanceKlass org/eclipse/jdt/internal/core/util/MementoTokenizer
instanceKlass org/apache/maven/toolchain/ToolchainManager
instanceKlass org/eclipse/jdt/ls/core/internal/handlers/OverrideMethodsHandler$OverridableMethodsResponse
instanceKlass org/apache/maven/toolchain/ToolchainFactory
instanceKlass org/apache/maven/settings/MavenSettingsBuilder
instanceKlass org/eclipse/jdt/ls/core/internal/handlers/MoveHandler$MoveDestinationsResponse
instanceKlass org/apache/maven/rtinfo/RuntimeInformation
instanceKlass org/eclipse/jdt/internal/core/nd/java/model/BinaryTypeFactory
instanceKlass org/apache/maven/project/artifact/ProjectArtifactsCache
instanceKlass org/apache/maven/project/ProjectDependenciesResolver
instanceKlass org/apache/maven/project/ProjectBuildingHelper
instanceKlass org/eclipse/jdt/ls/core/internal/handlers/GenerateDelegateMethodsHandler$CheckDelegateMethodsResponse
instanceKlass org/eclipse/jdt/internal/core/nd/java/model/BinaryModuleFactory
instanceKlass org/eclipse/jdt/ls/core/internal/handlers/GenerateToStringHandler$CheckToStringResponse
instanceKlass org/eclipse/jdt/ls/core/internal/handlers/GenerateConstructorsHandler$CheckConstructorsResponse
instanceKlass org/apache/maven/project/ProjectBuilder
instanceKlass org/eclipse/core/internal/resources/OS
instanceKlass org/apache/maven/project/MavenProjectHelper
instanceKlass org/eclipse/jdt/ls/core/internal/handlers/HashCodeEqualsHandler$CheckHashCodeEqualsResponse
instanceKlass org/apache/maven/plugin/version/PluginVersionResolver
instanceKlass org/apache/maven/plugin/prefix/PluginPrefixResolver
instanceKlass org/apache/maven/plugin/PluginManager
instanceKlass  @bci org/eclipse/jdt/internal/core/JarPackageFragment computeNonJavaResources (Ljava/util/List;)[Ljava/lang/Object; 465 <appendix> argL0 ; # org/eclipse/jdt/internal/core/JarPackageFragment$$Lambda+0x0000015134466b60
instanceKlass org/eclipse/jdt/ls/core/internal/handlers/InferSelectionHandler$SelectionInfo
instanceKlass org/apache/maven/plugin/PluginDescriptorCache
instanceKlass org/apache/maven/plugin/MavenPluginManager
instanceKlass sun/reflect/generics/tree/ArrayTypeSignature
instanceKlass sun/reflect/generics/tree/BooleanSignature
instanceKlass org/apache/maven/plugin/LegacySupport
instanceKlass org/eclipse/jdt/ls/core/internal/handlers/GetRefactorEditHandler$RefactorWorkspaceEdit
instanceKlass org/apache/maven/plugin/BuildPluginManager
instanceKlass org/apache/maven/model/plugin/LifecycleBindingsInjector
instanceKlass org/apache/maven/lifecycle/internal/builder/BuilderCommon
instanceKlass org/eclipse/jdt/core/IJarEntryResource
instanceKlass org/eclipse/lsp4j/extended/ProjectConfigurationsUpdateParam
instanceKlass org/apache/maven/lifecycle/internal/builder/Builder
instanceKlass org/apache/maven/lifecycle/internal/MojoExecutor
instanceKlass org/eclipse/jdt/ls/core/internal/handlers/GenerateConstructorsHandler$GenerateConstructorsParams
instanceKlass org/eclipse/jdt/ls/core/internal/handlers/HashCodeEqualsHandler$GenerateHashCodeEqualsParams
instanceKlass org/eclipse/jdt/ls/core/internal/handlers/OverrideMethodsHandler$AddOverridableMethodParams
instanceKlass org/eclipse/jdt/ls/core/internal/handlers/InferSelectionHandler$InferSelectionParams
instanceKlass org/apache/maven/lifecycle/internal/MojoDescriptorCreator
instanceKlass org/eclipse/jdt/ls/core/internal/handlers/GetRefactorEditHandler$GetRefactorEditParams
instanceKlass org/eclipse/jdt/ls/core/internal/lsp/ValidateDocumentParams
instanceKlass org/eclipse/jdt/ls/core/internal/handlers/GenerateToStringHandler$GenerateToStringParams
instanceKlass org/eclipse/lsp4j/extended/ProjectBuildParams
instanceKlass org/eclipse/jdt/core/ILocalVariable
instanceKlass org/apache/maven/lifecycle/internal/LifecycleTaskSegmentCalculator
instanceKlass org/apache/maven/lifecycle/internal/LifecycleStarter
instanceKlass org/eclipse/jdt/ls/core/internal/handlers/GenerateAccessorsHandler$GenerateAccessorsParams
instanceKlass org/eclipse/jdt/ls/core/internal/handlers/FindLinksHandler$FindLinksParams
instanceKlass org/apache/maven/lifecycle/internal/LifecyclePluginResolver
instanceKlass org/eclipse/jdt/ls/core/internal/handlers/GenerateDelegateMethodsHandler$GenerateDelegateMethodsParams
instanceKlass org/apache/maven/lifecycle/internal/LifecycleModuleBuilder
instanceKlass org/eclipse/jdt/ls/core/internal/handlers/MoveHandler$MoveParams
instanceKlass org/apache/maven/lifecycle/internal/LifecycleExecutionPlanCalculator
instanceKlass org/apache/maven/lifecycle/internal/LifecycleDebugLogger
instanceKlass org/eclipse/lsp4j/TextDocumentIdentifier
instanceKlass org/eclipse/jdt/core/IMethod
instanceKlass org/apache/maven/lifecycle/internal/ExecutionEventCatapult
instanceKlass org/eclipse/lsp4j/WorkspaceDiagnosticReport
instanceKlass org/eclipse/jdt/core/IField
instanceKlass org/apache/maven/lifecycle/internal/BuildListCalculator
instanceKlass org/apache/maven/lifecycle/MojoExecutionConfigurator
instanceKlass org/eclipse/lsp4j/adapters/WorkspaceSymbolResponseAdapter
instanceKlass org/eclipse/jdt/core/ICompletionRequestor
instanceKlass org/apache/maven/lifecycle/LifecycleMappingDelegate
instanceKlass org/apache/maven/lifecycle/LifecycleExecutor
instanceKlass org/apache/maven/lifecycle/LifeCyclePluginAnalyzer
instanceKlass org/apache/maven/lifecycle/DefaultLifecycles
instanceKlass org/eclipse/lsp4j/WorkspaceSymbol
instanceKlass org/apache/maven/graph/GraphBuilder
instanceKlass org/apache/maven/eventspy/internal/EventSpyDispatcher
instanceKlass org/apache/maven/configuration/BeanConfigurator
instanceKlass org/eclipse/lsp4j/DidChangeWatchedFilesParams
instanceKlass org/apache/maven/bridge/MavenRepositorySystem
instanceKlass org/eclipse/jdt/core/IModularClassFile
instanceKlass org/eclipse/lsp4j/DidChangeWorkspaceFoldersParams
instanceKlass  @bci org/eclipse/jdt/internal/core/JarPackageFragmentRoot createChildren (Ljava/util/Collection;)[Lorg/eclipse/jdt/core/IJavaElement; 30 <appendix> argL0 ; # org/eclipse/jdt/internal/core/JarPackageFragmentRoot$$Lambda+0x0000015134423bd0
instanceKlass org/eclipse/lsp4j/DidChangeConfigurationParams
instanceKlass  @bci org/eclipse/jdt/internal/core/JarPackageFragmentRoot lambda$0 (Ljava/util/List;)[Ljava/lang/String; 1 <appendix> argL0 ; # org/eclipse/jdt/internal/core/JarPackageFragmentRoot$$Lambda+0x00000151344239b0
instanceKlass  @bci org/eclipse/jdt/internal/core/JarPackageFragmentRoot createChildren (Ljava/util/Collection;)[Lorg/eclipse/jdt/core/IJavaElement; 10 <appendix> argL0 ; # org/eclipse/jdt/internal/core/JarPackageFragmentRoot$$Lambda+0x0000015134423770
instanceKlass org/eclipse/lsp4j/DeleteFilesParams
instanceKlass org/eclipse/lsp4j/CreateFilesParams
instanceKlass org/eclipse/lsp4j/RenameFilesParams
instanceKlass org/apache/maven/artifact/resolver/ResolutionErrorHandler
instanceKlass org/apache/maven/artifact/repository/metadata/io/MetadataReader
instanceKlass org/eclipse/lsp4j/Moniker
instanceKlass org/apache/maven/artifact/metadata/ArtifactMetadataSource
instanceKlass org/apache/maven/repository/legacy/metadata/ArtifactMetadataSource
instanceKlass org/apache/maven/artifact/handler/manager/ArtifactHandlerManager
instanceKlass org/apache/maven/artifact/factory/ArtifactFactory
instanceKlass org/eclipse/lsp4j/Hover
instanceKlass org/apache/maven/ProjectDependenciesResolver
instanceKlass org/apache/maven/Maven
instanceKlass org/apache/maven/artifact/handler/ArtifactHandler
instanceKlass org/eclipse/lsp4j/adapters/DocumentDiagnosticReportTypeAdapter
instanceKlass org/sonatype/plexus/components/sec/dispatcher/SecDispatcher
instanceKlass org/apache/maven/lifecycle/Lifecycle
instanceKlass org/eclipse/lsp4j/Command
instanceKlass org/eclipse/lsp4j/adapters/CodeActionResponseAdapter
instanceKlass org/eclipse/lsp4j/SemanticTokensDelta
instanceKlass org/eclipse/sisu/space/CloningClassSpace$1
instanceKlass org/eclipse/lsp4j/adapters/SemanticTokensFullDeltaResponseAdapter
instanceKlass org/eclipse/lsp4j/TypeHierarchyItem
instanceKlass org/apache/maven/lifecycle/mapping/LifecycleMapping
instanceKlass org/eclipse/lsp4j/CallHierarchyOutgoingCall
instanceKlass org/apache/maven/repository/metadata/GraphConflictResolver
instanceKlass org/apache/maven/repository/metadata/GraphConflictResolutionPolicy
instanceKlass org/eclipse/sisu/plexus/ConfigurationImpl
instanceKlass org/eclipse/lsp4j/CallHierarchyIncomingCall
instanceKlass org/apache/maven/repository/metadata/ClasspathTransformation
instanceKlass org/apache/maven/repository/legacy/resolver/transform/ArtifactTransformationManager
instanceKlass org/eclipse/lsp4j/CallHierarchyItem
instanceKlass org/apache/maven/repository/legacy/resolver/transform/ArtifactTransformation
instanceKlass org/apache/maven/repository/legacy/resolver/conflict/ConflictResolverFactory
instanceKlass org/apache/maven/repository/legacy/resolver/conflict/ConflictResolver
instanceKlass org/eclipse/lsp4j/ColorInformation
instanceKlass org/eclipse/lsp4j/ColorPresentation
instanceKlass org/apache/maven/repository/legacy/repository/ArtifactRepositoryFactory
instanceKlass org/eclipse/lsp4j/LinkedEditingRanges
instanceKlass org/apache/maven/repository/legacy/UpdateCheckManager
instanceKlass org/apache/maven/repository/RepositorySystem
instanceKlass org/apache/maven/repository/MirrorSelector
instanceKlass org/apache/maven/project/validation/ModelValidator
instanceKlass org/eclipse/lsp4j/InlineValueEvaluatableExpression
instanceKlass org/apache/maven/project/path/PathTranslator
instanceKlass org/apache/maven/project/interpolation/ModelInterpolator
instanceKlass org/apache/maven/project/inheritance/ModelInheritanceAssembler
instanceKlass org/apache/maven/project/MavenProjectBuilder
instanceKlass org/eclipse/lsp4j/InlineValueVariableLookup
instanceKlass org/apache/maven/profiles/MavenProfilesBuilder
instanceKlass org/apache/maven/execution/RuntimeInformation
instanceKlass org/apache/maven/artifact/resolver/ArtifactResolver
instanceKlass org/apache/maven/artifact/resolver/ArtifactCollector
instanceKlass org/apache/maven/repository/legacy/resolver/LegacyArtifactCollector
instanceKlass org/eclipse/lsp4j/adapters/InlineValueResponseAdapter
instanceKlass org/apache/maven/artifact/repository/metadata/RepositoryMetadataManager
instanceKlass org/apache/maven/artifact/repository/layout/ArtifactRepositoryLayout
instanceKlass org/eclipse/lsp4j/SemanticTokens
instanceKlass org/apache/maven/artifact/repository/ArtifactRepositoryFactory
instanceKlass org/apache/maven/artifact/manager/WagonManager
instanceKlass org/apache/maven/repository/legacy/WagonManager
instanceKlass org/apache/maven/artifact/installer/ArtifactInstaller
instanceKlass org/eclipse/lsp4j/TextEdit
instanceKlass org/eclipse/sisu/plexus/PlexusXmlMetadata
instanceKlass org/eclipse/lsp4j/SelectionRange
instanceKlass org/eclipse/sisu/plexus/Roles
instanceKlass org/apache/maven/artifact/deployer/ArtifactDeployer
instanceKlass org/eclipse/sisu/plexus/Hints
instanceKlass org/eclipse/lsp4j/PrepareRenameDefaultBehavior
instanceKlass org/eclipse/lsp4j/PrepareRenameResult
instanceKlass org/eclipse/sisu/space/AbstractDeferredClass
instanceKlass org/eclipse/lsp4j/Range
instanceKlass org/eclipse/sisu/plexus/RequirementImpl
instanceKlass org/codehaus/plexus/component/annotations/Requirement
instanceKlass org/eclipse/lsp4j/adapters/PrepareRenameResponseAdapter
instanceKlass org/eclipse/lsp4j/DocumentSymbol
instanceKlass org/eclipse/lsp4j/SymbolInformation
instanceKlass org/eclipse/lsp4j/adapters/DocumentSymbolResponseAdapter
instanceKlass org/eclipse/lsp4j/SignatureHelp
instanceKlass org/eclipse/sisu/space/Streams
instanceKlass org/eclipse/sisu/plexus/ComponentImpl
instanceKlass org/eclipse/lsp4j/FoldingRange
instanceKlass org/eclipse/sisu/plexus/PlexusTypeRegistry
instanceKlass org/eclipse/lsp4j/CompletionList
instanceKlass org/eclipse/sisu/plexus/PlexusXmlScanner
instanceKlass org/eclipse/lsp4j/LocationLink
instanceKlass org/eclipse/sisu/space/QualifiedTypeBinder
instanceKlass org/eclipse/lsp4j/Location
instanceKlass com/google/gson/internal/GsonTypes$WildcardTypeImpl
instanceKlass org/eclipse/sisu/plexus/PlexusTypeBinder
instanceKlass sun/reflect/generics/tree/Wildcard
instanceKlass sun/reflect/generics/tree/BottomSignature
instanceKlass org/eclipse/aether/AbstractRepositoryListener
instanceKlass org/eclipse/lsp4j/adapters/LocationLinkListAdapter
instanceKlass org/eclipse/lsp4j/WorkspaceEdit
instanceKlass org/eclipse/aether/RepositoryListener
instanceKlass org/eclipse/lsp4j/DidSaveTextDocumentParams
instanceKlass com/google/inject/Key$AnnotationInstanceStrategy
instanceKlass org/eclipse/lsp4j/DidCloseTextDocumentParams
instanceKlass com/google/inject/name/NamedImpl
instanceKlass org/eclipse/lsp4j/InlayHintParams
instanceKlass com/google/inject/name/Named
instanceKlass com/google/inject/name/Names
instanceKlass org/eclipse/lsp4j/DidChangeTextDocumentParams
instanceKlass org/apache/maven/artifact/versioning/ComparableVersion$IntItem
instanceKlass org/eclipse/lsp4j/DidOpenTextDocumentParams
instanceKlass  @bci org/eclipse/jdt/internal/compiler/util/CharDeduplication <clinit> ()V 44 <appendix> argL0 ; # org/eclipse/jdt/internal/compiler/util/CharDeduplication$$Lambda+0x00000151344262c8
instanceKlass org/apache/maven/artifact/versioning/ComparableVersion$Item
instanceKlass org/apache/maven/artifact/versioning/ComparableVersion
instanceKlass org/eclipse/jdt/internal/compiler/util/CharDeduplication
instanceKlass org/eclipse/lsp4j/DocumentFormattingParams
instanceKlass org/apache/maven/artifact/versioning/DefaultArtifactVersion
instanceKlass org/eclipse/m2e/core/internal/embedder/EclipseClassRealmManagerDelegate
instanceKlass org/apache/maven/classrealm/ClassRealmManagerDelegate
instanceKlass org/sonatype/plexus/build/incremental/ThreadBuildContext
instanceKlass org/eclipse/lsp4j/DocumentLink
instanceKlass org/sonatype/plexus/build/incremental/BuildContext
instanceKlass org/apache/maven/plugin/internal/DefaultPluginDependenciesResolver
instanceKlass org/apache/maven/plugin/internal/PluginDependenciesResolver
instanceKlass org/apache/maven/plugin/DefaultPluginArtifactsCache
instanceKlass org/eclipse/jdt/internal/compiler/parser/Scanner
instanceKlass org/eclipse/lsp4j/CompletionItem
instanceKlass org/apache/maven/plugin/PluginArtifactsCache
instanceKlass org/eclipse/jdt/core/JavaConventions
instanceKlass org/apache/maven/plugin/DefaultPluginRealmCache
instanceKlass  @bci org/eclipse/jdt/internal/core/search/PatternSearchJob performParallelSearch ([Lorg/eclipse/jdt/internal/core/index/Index;Lorg/eclipse/core/runtime/SubMonitor;)Z 161 <appendix> member <vmtarget> ; # org/eclipse/jdt/internal/core/search/PatternSearchJob$$Lambda+0x0000015134423330
instanceKlass org/apache/maven/plugin/PluginRealmCache
instanceKlass org/eclipse/jdt/internal/core/search/PatternSearchJob$IndexMatch
instanceKlass org/apache/maven/project/DefaultProjectRealmCache
instanceKlass org/eclipse/jdt/internal/core/JrtPackageFragmentRoot$1
instanceKlass org/eclipse/lsp4j/InlayHint
instanceKlass java/util/concurrent/ForkJoinPool$DefaultForkJoinWorkerThreadFactory$1
instanceKlass org/apache/maven/project/ProjectRealmCache
instanceKlass java/util/concurrent/ForkJoinTask$Aux
instanceKlass java/util/concurrent/ForkJoinTask
instanceKlass org/apache/maven/plugin/DefaultExtensionRealmCache
instanceKlass  @bci org/eclipse/jdt/internal/core/search/PatternSearchJob performParallelSearch ([Lorg/eclipse/jdt/internal/core/index/Index;Lorg/eclipse/core/runtime/SubMonitor;)Z 81 <appendix> member <vmtarget> ; # org/eclipse/jdt/internal/core/search/PatternSearchJob$$Lambda+0x0000015134422a80
instanceKlass  @bci org/eclipse/jdt/internal/core/JrtPackageFragmentRoot computeChildren (Lorg/eclipse/jdt/internal/core/OpenableElementInfo;Lorg/eclipse/core/resources/IResource;)Z 29 <appendix> argL0 ; # org/eclipse/jdt/internal/core/JrtPackageFragmentRoot$$Lambda+0x0000015134422840
instanceKlass org/eclipse/jdt/internal/core/search/PatternSearchJob$IndexResult
instanceKlass org/apache/maven/plugin/ExtensionRealmCache
instanceKlass org/eclipse/jdt/internal/compiler/util/ObjectVector$1
instanceKlass  @bci org/eclipse/jdt/internal/core/JavaProject defaultRootModules (Ljava/lang/Iterable;Ljava/lang/String;)Ljava/util/List; 6 <appendix> argL0 ; # org/eclipse/jdt/internal/core/JavaProject$$Lambda+0x0000015134421f10
instanceKlass  @bci org/eclipse/jdt/internal/core/JavaProject defaultRootModules (Ljava/lang/Iterable;Ljava/lang/String;)Ljava/util/List; 1 <appendix> argL0 ; # org/eclipse/jdt/internal/core/JavaProject$$Lambda+0x0000015134421cd0
instanceKlass org/codehaus/plexus/component/annotations/Component
instanceKlass org/eclipse/lsp4j/InlineValueParams
instanceKlass org/apache/maven/project/artifact/DefaultMavenMetadataCache
instanceKlass org/eclipse/jdt/internal/compiler/util/HashtableOfObject
instanceKlass org/eclipse/lsp4j/WillSaveTextDocumentParams
instanceKlass org/eclipse/m2e/core/internal/project/IManagedCache
instanceKlass org/apache/maven/project/artifact/MavenMetadataCache
instanceKlass org/eclipse/jdt/internal/compiler/util/HashtableOfIntValues
instanceKlass org/eclipse/m2e/core/internal/embedder/DefaultMavenComponentContributor
instanceKlass com/google/gson/internal/Primitives
instanceKlass org/eclipse/m2e/core/internal/embedder/IMavenComponentContributor
instanceKlass org/eclipse/lsp4j/CodeAction
instanceKlass org/eclipse/lsp4j/DocumentRangeFormattingParams
instanceKlass ch/qos/logback/classic/spi/LoggerContextListener
instanceKlass org/eclipse/jdt/internal/compiler/util/SimpleSetOfCharArray
instanceKlass ch/qos/logback/core/spi/ConfigurationEventListener
instanceKlass ch/qos/logback/core/spi/ConfigurationEvent
instanceKlass ch/qos/logback/core/spi/SequenceNumberGenerator
instanceKlass ch/qos/logback/core/LifeCycleManager
instanceKlass org/eclipse/jdt/internal/core/index/DiskIndex
instanceKlass com/google/inject/spi/InjectionRequest
instanceKlass org/eclipse/lsp4j/CodeLens
instanceKlass org/eclipse/lsp4j/WorkDoneProgressAndPartialResultParams
instanceKlass com/google/gson/internal/LinkedTreeMap$Node
instanceKlass org/eclipse/sisu/bean/BeanProperty
instanceKlass org/eclipse/jdt/internal/core/util/SimpleWordSet
instanceKlass com/google/gson/internal/LinkedTreeMap$1
instanceKlass org/eclipse/jdt/internal/core/index/MemoryIndex
instanceKlass com/google/common/collect/ObjectArrays
instanceKlass  @bci com/google/gson/internal/ConstructorConstructor newCollectionConstructor (Ljava/lang/Class;)Lcom/google/gson/internal/ObjectConstructor; 9 <appendix> argL0 ; # com/google/gson/internal/ConstructorConstructor$$Lambda+0x000001513443d000
instanceKlass  @bci com/google/gson/internal/ConstructorConstructor newMapConstructor (Ljava/lang/reflect/Type;Ljava/lang/Class;)Lcom/google/gson/internal/ObjectConstructor; 16 <appendix> argL0 ; # com/google/gson/internal/ConstructorConstructor$$Lambda+0x000001513442bd88
instanceKlass org/eclipse/jdt/internal/core/search/indexing/ReadWriteMonitor
instanceKlass com/google/gson/internal/ObjectConstructor
instanceKlass com/google/inject/internal/Nullability
instanceKlass  @bci com/google/inject/internal/KotlinSupport$KotlinUnsupported <clinit> ()V 7 <appendix> argL0 ; # com/google/inject/internal/KotlinSupport$KotlinUnsupported$$Lambda+0x00000151344328d8
instanceKlass com/google/inject/internal/KotlinSupport$KotlinUnsupported
instanceKlass  @bci org/eclipse/core/runtime/ServiceCaller callOnce (Ljava/lang/Class;Ljava/lang/Class;Ljava/lang/String;Ljava/util/function/Consumer;)Z 14 <appendix> member <vmtarget> ; # org/eclipse/core/runtime/ServiceCaller$$Lambda+0x00000151341a5f08
instanceKlass java/nio/file/Files$3
instanceKlass  @bci org/eclipse/core/internal/content/ContentTypeManager$DebuggingHolder <clinit> ()V 9 <appendix> member <vmtarget> ; # org/eclipse/core/internal/content/ContentTypeManager$DebuggingHolder$$Lambda+0x0000015134438208
instanceKlass com/google/inject/internal/KotlinSupport$KotlinSupportHolder
instanceKlass  @cpi com/google/inject/internal/aop/ClassBuilding 332 form vmentry <vmtarget> ; # java/lang/invoke/LambdaForm$DMH+0x000001513443c000
instanceKlass java/nio/file/FileTreeWalker$Event
instanceKlass java/nio/file/FileTreeWalker$DirectoryNode
instanceKlass com/google/inject/internal/KotlinSupportInterface
instanceKlass com/google/inject/internal/KotlinSupport
instanceKlass org/eclipse/core/internal/content/ContentTypeManager$DebuggingHolder
instanceKlass com/google/gson/internal/ReflectionAccessFilterHelper
instanceKlass org/eclipse/lsp4j/InitializeResult
instanceKlass  @bci org/eclipse/jdt/internal/compiler/ast/FakedTrackingVariable getCloseTrackingVariable (Lorg/eclipse/jdt/internal/compiler/ast/Expression;Lorg/eclipse/jdt/internal/compiler/flow/FlowInfo;Lorg/eclipse/jdt/internal/compiler/flow/FlowContext;Z)Lorg/eclipse/jdt/internal/compiler/ast/FakedTrackingVariable; 60 <adapter> ; # java/lang/invoke/LambdaForm$MH+0x0000015134435c00
instanceKlass com/google/inject/spi/InjectionPoint$OverrideIndex
# instanceKlass java/lang/invoke/LambdaForm$DMH+0x0000015134435800
instanceKlass jdk/internal/jrtfs/JrtFileAttributes
instanceKlass org/eclipse/lsp4j/SetTraceParams
instanceKlass  @bci org/eclipse/jdt/internal/compiler/ast/FakedTrackingVariable getCloseTrackingVariable (Lorg/eclipse/jdt/internal/compiler/ast/Expression;Lorg/eclipse/jdt/internal/compiler/flow/FlowInfo;Lorg/eclipse/jdt/internal/compiler/flow/FlowContext;Z)Lorg/eclipse/jdt/internal/compiler/ast/FakedTrackingVariable; 60 <appendix> form vmentry <vmtarget> ; # java/lang/invoke/LambdaForm$DMH+0x0000015134435400
instanceKlass  @bci org/eclipse/core/internal/content/ContentTypeBuilder applyPreferences (Lorg/eclipse/core/internal/content/ContentTypeCatalog;Lorg/eclipse/core/runtime/preferences/IEclipsePreferences;Z)V 4 <appendix> member <vmtarget> ; # org/eclipse/core/internal/content/ContentTypeBuilder$$Lambda+0x0000015134179c58
instanceKlass com/google/gson/internal/reflect/ReflectionHelper$RecordHelper
instanceKlass org/eclipse/lsp4j/services/NotebookDocumentService
instanceKlass com/google/gson/internal/reflect/ReflectionHelper
instanceKlass  @cpi org/eclipse/core/internal/content/ContentTypeBuilder 424 form vmentry <vmtarget> ; # java/lang/invoke/LambdaForm$DMH+0x0000015134435000
instanceKlass org/eclipse/lsp4j/WorkDoneProgressCancelParams
instanceKlass org/eclipse/core/runtime/preferences/IPreferenceNodeVisitor
instanceKlass org/eclipse/sisu/Mediator
instanceKlass org/eclipse/sisu/inject/RankedBindings
instanceKlass org/eclipse/core/internal/content/FileSpec
instanceKlass org/eclipse/lsp4j/InitializedParams
instanceKlass org/eclipse/lsp4j/InitializeParams
instanceKlass org/eclipse/core/internal/content/ContentType
instanceKlass com/google/inject/Inject
instanceKlass javax/inject/Inject
instanceKlass org/eclipse/core/internal/content/Util
instanceKlass  @bci com/google/inject/internal/DeclaredMembers getDeclaredFields (Ljava/lang/Class;)[Ljava/lang/reflect/Field; 38 <appendix> argL0 ; # com/google/inject/internal/DeclaredMembers$$Lambda+0x0000015134431158
instanceKlass  @bci com/google/inject/internal/DeclaredMembers getDeclaredFields (Ljava/lang/Class;)[Ljava/lang/reflect/Field; 20 <appendix> argL0 ; # com/google/inject/internal/DeclaredMembers$$Lambda+0x0000015134430f18
instanceKlass  @bci com/google/inject/internal/DeclaredMembers getDeclaredFields (Ljava/lang/Class;)[Ljava/lang/reflect/Field; 15 <appendix> argL0 ; # com/google/inject/internal/DeclaredMembers$$Lambda+0x0000015134430cd8
instanceKlass com/google/gson/internal/JsonReaderInternalAccess
instanceKlass  @bci com/google/inject/internal/DeclaredMembers getDeclaredFields (Ljava/lang/Class;)[Ljava/lang/reflect/Field; 7 <appendix> argL0 ; # com/google/inject/internal/DeclaredMembers$$Lambda+0x0000015134430a98
instanceKlass org/eclipse/jdt/ls/core/internal/JavaClientConnection
instanceKlass com/google/gson/internal/GsonPreconditions
instanceKlass  @bci org/eclipse/core/internal/content/ContentTypeCatalog <init> (Lorg/eclipse/core/internal/content/ContentTypeManager;I)V 118 <appendix> argL0 ; # org/eclipse/core/internal/content/ContentTypeCatalog$$Lambda+0x0000015134178db0
instanceKlass com/google/inject/spi/InjectionPoint$InjectableMembers
instanceKlass  @bci org/eclipse/core/internal/content/ContentTypeCatalog <init> (Lorg/eclipse/core/internal/content/ContentTypeManager;I)V 109 <appendix> argL0 ; # org/eclipse/core/internal/content/ContentTypeCatalog$$Lambda+0x0000015134178b18
instanceKlass com/google/gson/internal/GsonTypes$ParameterizedTypeImpl
instanceKlass  @bci org/eclipse/core/internal/content/ContentTypeCatalog <init> (Lorg/eclipse/core/internal/content/ContentTypeManager;I)V 100 <appendix> argL0 ; # org/eclipse/core/internal/content/ContentTypeCatalog$$Lambda+0x0000015134178880
instanceKlass  @bci org/eclipse/core/internal/content/ContentTypeCatalog <init> (Lorg/eclipse/core/internal/content/ContentTypeManager;I)V 91 <appendix> argL0 ; # org/eclipse/core/internal/content/ContentTypeCatalog$$Lambda+0x00000151341785e8
instanceKlass com/google/inject/spi/InjectionPoint$InjectableMember
instanceKlass  @bci org/eclipse/core/internal/content/ContentTypeCatalog <init> (Lorg/eclipse/core/internal/content/ContentTypeManager;I)V 82 <appendix> argL0 ; # org/eclipse/core/internal/content/ContentTypeCatalog$$Lambda+0x0000015134178350
instanceKlass com/google/inject/spi/InjectionPoint
instanceKlass org/eclipse/lsp4j/jsonrpc/CancelChecker
instanceKlass java/lang/reflect/WildcardType
instanceKlass com/google/gson/internal/GsonTypes
instanceKlass org/eclipse/jdt/internal/core/index/Index
instanceKlass jdk/internal/vm/annotation/IntrinsicCandidate
instanceKlass java/lang/Deprecated
instanceKlass org/eclipse/lsp4j/jsonrpc/json/JsonRpcMethodProvider
instanceKlass org/eclipse/lsp4j/jsonrpc/services/JsonDelegate
instanceKlass  @bci org/eclipse/lsp4j/jsonrpc/services/ServiceEndpoints getSupportedMethods (Ljava/lang/Class;Ljava/util/Set;)Ljava/util/Map; 29 <appendix> member <vmtarget> ; # org/eclipse/lsp4j/jsonrpc/services/ServiceEndpoints$$Lambda+0x000001513440d560
instanceKlass com/google/gson/internal/bind/ReflectiveTypeAdapterFactory$BoundField
instanceKlass org/eclipse/jdt/ls/core/internal/EventNotification
instanceKlass com/google/gson/internal/bind/ReflectiveTypeAdapterFactory
instanceKlass com/google/inject/internal/MoreTypes$GenericArrayTypeImpl
instanceKlass org/eclipse/jdt/ls/core/internal/ProgressReport
instanceKlass  @bci jdk/internal/jimage/ImageReader$SharedImageReader handleModulesSubTree (Ljava/lang/String;Ljdk/internal/jimage/ImageLocation;)Ljdk/internal/jimage/ImageReader$Node; 37 <appendix> member <vmtarget> ; # jdk/internal/jimage/ImageReader$SharedImageReader$$Lambda+0x000001513441b048
instanceKlass com/google/gson/internal/bind/JsonAdapterAnnotationTypeAdapterFactory$DummyTypeAdapterFactory
instanceKlass com/google/inject/internal/MoreTypes$CompositeType
instanceKlass com/google/inject/Key$AnnotationTypeStrategy
instanceKlass sun/nio/cs/ThreadLocalCoders$Cache
instanceKlass com/google/gson/internal/bind/JsonAdapterAnnotationTypeAdapterFactory
instanceKlass sun/nio/cs/ThreadLocalCoders
instanceKlass org/eclipse/jdt/ls/core/internal/StatusReport
instanceKlass com/google/common/cache/LocalCache$StrongValueReference
instanceKlass org/eclipse/jdt/ls/core/internal/ActionableNotification
instanceKlass com/google/gson/internal/bind/MapTypeAdapterFactory
instanceKlass com/google/common/util/concurrent/AbstractFuture$Failure
instanceKlass com/google/gson/internal/bind/CollectionTypeAdapterFactory
instanceKlass com/google/common/util/concurrent/AbstractFuture$Cancellation
instanceKlass com/google/common/util/concurrent/AbstractFuture$DelegatingToFuture
instanceKlass jdk/internal/jimage/ImageBufferCache$2
instanceKlass org/eclipse/lsp4j/ExecuteCommandParams
instanceKlass com/google/gson/internal/bind/ArrayTypeAdapter$1
instanceKlass com/google/common/util/concurrent/Platform
instanceKlass jdk/internal/jimage/ImageBufferCache
instanceKlass com/google/common/util/concurrent/Uninterruptibles
instanceKlass com/google/gson/internal/bind/DefaultDateTypeAdapter$1
instanceKlass org/eclipse/lsp4j/WorkspaceFolder
instanceKlass  @bci jdk/internal/jimage/ImageReader$SharedImageReader handlePackages (Ljava/lang/String;Ljdk/internal/jimage/ImageLocation;)Ljdk/internal/jimage/ImageReader$Node; 20 <appendix> member <vmtarget> ; # jdk/internal/jimage/ImageReader$SharedImageReader$$Lambda+0x000001513441a708
instanceKlass jdk/internal/jimage/ImageReader$SharedImageReader$LocationVisitor
instanceKlass org/eclipse/lsp4j/ShowDocumentResult
instanceKlass java/util/concurrent/atomic/AtomicLongArray
instanceKlass jdk/internal/jimage/ImageLocation
instanceKlass org/eclipse/lsp4j/MessageActionItem
instanceKlass com/google/gson/internal/bind/NumberTypeAdapter$1
instanceKlass org/eclipse/lsp4j/ApplyWorkspaceEditResponse
instanceKlass com/google/common/util/concurrent/AbstractFuture$Listener
instanceKlass java/util/RegularEnumSet$EnumSetIterator
instanceKlass java/nio/file/FileTreeWalker
instanceKlass com/google/gson/internal/bind/ObjectTypeAdapter$1
instanceKlass com/google/common/util/concurrent/AbstractFutureState$Waiter
instanceKlass java/nio/file/SimpleFileVisitor
instanceKlass org/eclipse/lsp4j/jsonrpc/services/JsonNotification
instanceKlass jdk/internal/jrtfs/JrtDirectoryStream$1
instanceKlass org/eclipse/lsp4j/jsonrpc/json/JsonRpcMethod
instanceKlass com/google/gson/internal/bind/EnumTypeAdapter$1
instanceKlass  @bci jdk/internal/jrtfs/JrtFileSystem iteratorOf (Ljdk/internal/jrtfs/JrtPath;Ljava/nio/file/DirectoryStream$Filter;)Ljava/util/Iterator; 82 <appendix> member <vmtarget> ; # jdk/internal/jrtfs/JrtFileSystem$$Lambda+0x000001513440fc40
instanceKlass  @bci jdk/internal/jrtfs/JrtFileSystem iteratorOf (Ljdk/internal/jrtfs/JrtPath;Ljava/nio/file/DirectoryStream$Filter;)Ljava/util/Iterator; 71 <appendix> member <vmtarget> ; # jdk/internal/jrtfs/JrtFileSystem$$Lambda+0x000001513440f9f8
instanceKlass jdk/internal/jimage/ImageReader$Node
instanceKlass org/eclipse/lsp4j/jsonrpc/json/ResponseJsonAdapter
instanceKlass com/google/common/util/concurrent/LazyLogger
instanceKlass jdk/internal/jrtfs/JrtPath
instanceKlass sun/reflect/generics/reflectiveObjects/LazyReflectiveObjectGenerator
instanceKlass sun/reflect/generics/tree/TypeVariableSignature
instanceKlass jdk/internal/jrtfs/JrtDirectoryStream
instanceKlass com/google/gson/internal/bind/TypeAdapters$31
instanceKlass sun/reflect/generics/reflectiveObjects/ParameterizedTypeImpl
instanceKlass java/lang/reflect/ParameterizedType
instanceKlass sun/reflect/generics/tree/MethodTypeSignature
instanceKlass java/util/Currency
instanceKlass com/google/common/util/concurrent/AbstractFutureState$AtomicHelper
instanceKlass  @bci org/eclipse/lsp4j/jsonrpc/services/AnnotationUtil getParameterTypes (Ljava/lang/reflect/Method;)[Ljava/lang/reflect/Type; 17 <appendix> argL0 ; # org/eclipse/lsp4j/jsonrpc/services/AnnotationUtil$$Lambda+0x000001513440caa8
instanceKlass jdk/internal/jimage/decompressor/Decompressor
instanceKlass com/google/common/util/concurrent/internal/InternalFutureFailureAccess
instanceKlass  @bci org/eclipse/lsp4j/jsonrpc/services/AnnotationUtil getParameterTypes (Ljava/lang/reflect/Method;)[Ljava/lang/reflect/Type; 7 <appendix> argL0 ; # org/eclipse/lsp4j/jsonrpc/services/AnnotationUtil$$Lambda+0x000001513440c868
instanceKlass com/google/gson/internal/bind/TypeAdapters$32
instanceKlass jdk/internal/jimage/ImageStringsReader
instanceKlass org/eclipse/lsp4j/jsonrpc/services/JsonRequest
instanceKlass org/eclipse/lsp4j/ProgressParams
instanceKlass jdk/internal/jimage/ImageHeader
instanceKlass java/util/concurrent/atomic/AtomicIntegerArray
instanceKlass org/eclipse/lsp4j/WorkDoneProgressCreateParams
instanceKlass org/eclipse/lsp4j/ShowDocumentParams
instanceKlass org/eclipse/jdt/core/search/SearchMatch
# instanceKlass java/lang/invoke/LambdaForm$MH+0x0000015134419000
# instanceKlass java/lang/invoke/LambdaForm$MH+0x0000015134418c00
instanceKlass org/eclipse/jdt/internal/compiler/lookup/IQualifiedTypeResolutionListener
# instanceKlass java/lang/invoke/LambdaForm$MH+0x0000015134418800
instanceKlass org/eclipse/jdt/internal/compiler/env/IBinaryType
# instanceKlass java/lang/invoke/LambdaForm$MH+0x0000015134418400
instanceKlass com/google/common/util/concurrent/AbstractFuture$Trusted
# instanceKlass java/lang/invoke/LambdaForm$MH+0x0000015134418000
instanceKlass org/eclipse/jdt/internal/core/search/matching/MatchLocator
# instanceKlass java/lang/invoke/LambdaForm$MH+0x0000015134411c00
# instanceKlass java/lang/invoke/LambdaForm$MH+0x0000015134411800
instanceKlass org/eclipse/lsp4j/ApplyWorkspaceEditParams
# instanceKlass java/lang/invoke/LambdaForm$BMH+0x0000015134411400
instanceKlass com/google/common/util/concurrent/ListenableFuture
instanceKlass com/google/gson/internal/bind/TypeAdapters$30
# instanceKlass java/lang/invoke/LambdaForm$DMH+0x0000015134411000
# instanceKlass java/lang/invoke/LambdaForm$MH+0x0000015134410c00
instanceKlass org/eclipse/lsp4j/PublishDiagnosticsParams
# instanceKlass java/lang/invoke/LambdaForm$DMH+0x0000015134410800
instanceKlass org/eclipse/jdt/internal/core/search/IndexSelector
instanceKlass java/lang/foreign/MemorySegment
instanceKlass sun/nio/ch/Util$4
instanceKlass com/google/gson/internal/bind/TypeAdapters$29
instanceKlass sun/nio/ch/FileChannelImpl$Unmapper
instanceKlass jdk/internal/access/foreign/UnmapperProxy
instanceKlass org/eclipse/lsp4j/MessageParams
instanceKlass  @bci jdk/internal/misc/ExtendedMapMode <clinit> ()V 0 <appendix> argL0 ; # jdk/internal/misc/ExtendedMapMode$$Lambda+0x000001513436ce98
instanceKlass  @bci sun/reflect/annotation/AnnotationParser parseEnumArray (ILjava/lang/Class;Ljava/nio/ByteBuffer;Ljdk/internal/reflect/ConstantPool;Ljava/lang/Class;)Ljava/lang/Object; 16 <appendix> member <vmtarget> ; # sun/reflect/annotation/AnnotationParser$$Lambda+0x000001513436cc70
instanceKlass jdk/internal/misc/ExtendedMapMode
instanceKlass org/eclipse/jdt/core/search/SearchDocument
instanceKlass java/nio/channels/FileChannel$MapMode
instanceKlass javax/inject/Named
instanceKlass org/eclipse/lsp4j/RegistrationParams
instanceKlass javax/inject/Qualifier
instanceKlass jdk/internal/jimage/BasicImageReader$2
instanceKlass com/google/inject/BindingAnnotation
instanceKlass javax/inject/Scope
instanceKlass com/google/inject/ScopeAnnotation
instanceKlass jdk/internal/jimage/BasicImageReader$1
instanceKlass org/eclipse/jdt/internal/core/search/PatternSearchJob
instanceKlass org/eclipse/lsp4j/UnregistrationParams
instanceKlass com/google/inject/internal/Annotations$AnnotationChecker
instanceKlass org/eclipse/lsp4j/LogTraceParams
instanceKlass jdk/internal/jimage/ImageReader$Node
instanceKlass com/google/gson/internal/bind/TypeAdapters
instanceKlass jdk/internal/jimage/ImageStrings
instanceKlass jdk/internal/jimage/BasicImageReader
instanceKlass java/util/concurrent/CompletableFuture
instanceKlass com/google/gson/internal/ConstructorConstructor
instanceKlass com/google/inject/internal/Annotations$TestAnnotation
instanceKlass com/google/inject/internal/Annotations$AnnotationToStringConfig
instanceKlass org/eclipse/lsp4j/ConfigurationParams
instanceKlass org/eclipse/jdt/internal/core/search/matching/TypeDeclarationPattern$PackageNameSet
instanceKlass com/google/common/base/Joiner$MapJoiner
instanceKlass org/eclipse/lsp4j/jsonrpc/services/JsonSegment
instanceKlass org/eclipse/lsp4j/jsonrpc/services/AnnotationUtil
instanceKlass com/google/gson/internal/sql/SqlTimestampTypeAdapter$1
instanceKlass com/google/common/base/Joiner
instanceKlass  @bci org/eclipse/lsp4j/jsonrpc/services/ServiceEndpoints getSupportedMethods (Ljava/lang/Class;Ljava/util/Set;)Ljava/util/Map; 11 <appendix> member <vmtarget> ; # org/eclipse/lsp4j/jsonrpc/services/ServiceEndpoints$$Lambda+0x0000015134402c18
instanceKlass org/eclipse/lsp4j/jsonrpc/services/AnnotationUtil$MethodInfo
instanceKlass com/google/gson/internal/sql/SqlTimeTypeAdapter$1
instanceKlass org/eclipse/lsp4j/jsonrpc/services/ServiceEndpoints
instanceKlass com/google/inject/internal/Annotations
instanceKlass org/eclipse/jdt/internal/core/search/TypeNameRequestorWrapper
instanceKlass jdk/internal/jimage/ImageReader
instanceKlass org/eclipse/lsp4j/jsonrpc/Endpoint
instanceKlass org/eclipse/lsp4j/jsonrpc/json/MethodProvider
instanceKlass org/eclipse/lsp4j/jsonrpc/MessageProducer
instanceKlass com/google/gson/internal/sql/SqlDateTypeAdapter$1
instanceKlass org/eclipse/lsp4j/jsonrpc/MessageConsumer
instanceKlass org/eclipse/lsp4j/jsonrpc/MessageIssueHandler
instanceKlass org/eclipse/lsp4j/jsonrpc/Launcher$Builder
instanceKlass org/eclipse/jdt/internal/core/search/AbstractSearchScope
instanceKlass org/eclipse/sisu/Parameters
instanceKlass org/eclipse/sisu/wire/ParameterKeys
instanceKlass jdk/internal/jrtfs/SystemImage$2
instanceKlass org/eclipse/lsp4j/jsonrpc/Launcher
instanceKlass  @bci jdk/internal/jrtfs/SystemImage <clinit> ()V 0 <appendix> argL0 ; # jdk/internal/jrtfs/SystemImage$$Lambda+0x0000015134400c80
instanceKlass org/eclipse/jdt/core/search/ISearchPattern
instanceKlass org/eclipse/jdt/internal/core/search/IRestrictedAccessMethodRequestor
instanceKlass org/eclipse/jdt/core/search/SearchEngine
instanceKlass org/eclipse/jdt/ls/core/internal/JavaClientConnection$JavaLanguageClient
instanceKlass org/eclipse/jdt/ls/core/internal/lsp/ExecuteCommandProposedClient
instanceKlass jdk/internal/jrtfs/SystemImage
instanceKlass org/eclipse/lsp4j/services/LanguageClient
instanceKlass com/google/inject/internal/util/StackTraceElements$InMemoryStackTraceElement
instanceKlass com/google/inject/internal/util/StackTraceElements
instanceKlass com/google/gson/internal/bind/DefaultDateTypeAdapter$DateType
instanceKlass com/google/gson/internal/sql/SqlTypesSupport
instanceKlass org/eclipse/sisu/wire/TypeConverterCache
instanceKlass jdk/internal/jrtfs/JrtPath
instanceKlass com/google/gson/FormattingStyle
instanceKlass com/google/inject/internal/Scoping
instanceKlass com/google/gson/stream/JsonReader
instanceKlass com/google/inject/internal/InternalFactory
instanceKlass com/google/gson/stream/JsonWriter
instanceKlass com/google/gson/ToNumberStrategy
instanceKlass com/google/gson/Gson
instanceKlass com/google/inject/internal/InternalFlags$1
instanceKlass com/google/inject/internal/InternalFlags
instanceKlass com/google/inject/spi/InstanceBinding
instanceKlass com/google/inject/spi/ConstructorBinding
instanceKlass com/google/inject/internal/DelayedInitialize
instanceKlass com/google/inject/spi/ProviderKeyBinding
instanceKlass com/google/inject/spi/ProviderInstanceBinding
instanceKlass com/google/inject/spi/HasDependencies
instanceKlass com/google/inject/spi/LinkedKeyBinding
instanceKlass org/eclipse/jdt/internal/core/JavaModelManager$10
instanceKlass com/google/inject/spi/UntargettedBinding
instanceKlass com/google/gson/TypeAdapter
instanceKlass com/google/inject/internal/BindingImpl
instanceKlass com/google/gson/internal/Excluder
instanceKlass jdk/internal/jrtfs/JrtFileSystemProvider$1
instanceKlass org/eclipse/jdt/ls/core/internal/JobHelpers$ProjectRegistryRefreshJobMatcher
instanceKlass org/eclipse/jdt/ls/core/internal/JobHelpers$IJobMatcher
instanceKlass com/google/inject/Key$AnnotationStrategy
instanceKlass org/eclipse/jdt/ls/core/internal/JobHelpers
instanceKlass org/eclipse/sisu/wire/ElementAnalyzer$1
instanceKlass com/google/gson/TypeAdapterFactory
instanceKlass org/eclipse/jdt/ls/core/internal/ParentProcessWatcher
instanceKlass com/google/gson/FieldNamingStrategy
instanceKlass com/google/gson/GsonBuilder
instanceKlass sun/nio/ch/PendingIoCache
instanceKlass java/nio/file/spi/FileSystemProvider$1
instanceKlass  @bci org/eclipse/jdt/internal/compiler/util/JRTUtil getJrtFileSystem (Ljava/nio/file/Path;)Ljava/nio/file/FileSystem; 14 <appendix> argL0 ; # org/eclipse/jdt/internal/compiler/util/JRTUtil$$Lambda+0x00000151343ea000
instanceKlass com/google/inject/util/Modules$EmptyModule
instanceKlass sun/nio/ch/Invoker$GroupAndInvokeCount
instanceKlass sun/nio/ch/Invoker
instanceKlass  @bci org/eclipse/jdt/internal/compiler/util/JRTUtil getJrtSystem (Ljava/io/File;Ljava/lang/String;)Lorg/eclipse/jdt/internal/compiler/util/JrtFileSystem; 46 <appendix> member <vmtarget> ; # org/eclipse/jdt/internal/compiler/util/JRTUtil$$Lambda+0x0000015134307b38
instanceKlass com/google/inject/util/Modules$OverriddenModuleBuilder
instanceKlass sun/nio/ch/AsynchronousChannelGroupImpl$1
instanceKlass com/google/inject/util/Modules
instanceKlass sun/nio/ch/AsynchronousChannelGroupImpl$2
instanceKlass org/eclipse/jdt/internal/compiler/util/JrtFileSystem
instanceKlass sun/nio/ch/Iocp$EventHandlerTask
instanceKlass  @bci org/eclipse/buildship/core/internal/CorePlugin scheduleSynchronizationForAbsentModels ()V 15 <appendix> argL0 ; # org/eclipse/buildship/core/internal/CorePlugin$$Lambda+0x00000151343e5b68
instanceKlass  @bci sun/nio/ch/ThreadPool defaultThreadFactory ()Ljava/util/concurrent/ThreadFactory; 6 <appendix> argL0 ; # sun/nio/ch/ThreadPool$$Lambda+0x0000015134368e38
instanceKlass sun/nio/ch/ThreadPool
instanceKlass java/util/Collections$2
instanceKlass sun/nio/ch/Iocp$CompletionStatus
instanceKlass com/google/common/base/Optional
instanceKlass  @bci com/google/inject/internal/DeclaredMembers getDeclaredMethods (Ljava/lang/Class;)[Ljava/lang/reflect/Method; 62 <appendix> argL0 ; # com/google/inject/internal/DeclaredMembers$$Lambda+0x00000151343d2890
instanceKlass org/eclipse/buildship/core/internal/extension/DefaultExtensionManager
instanceKlass java/nio/channels/AsynchronousChannelGroup
instanceKlass sun/nio/ch/WindowsAsynchronousFileChannelImpl$DefaultIocpHolder
instanceKlass org/eclipse/buildship/core/internal/operation/DefaultToolingApiOperationManager
instanceKlass sun/nio/ch/Groupable
instanceKlass sun/nio/ch/Iocp$OverlappedChannel
instanceKlass com/google/common/io/ByteArrayDataOutput
instanceKlass com/google/common/io/ByteArrayDataInput
instanceKlass  @bci org/eclipse/jdt/internal/compiler/util/Jdk <init> (Ljava/io/File;)V 20 <appendix> argL0 ; # org/eclipse/jdt/internal/compiler/util/Jdk$$Lambda+0x0000015134307688
instanceKlass sun/nio/fs/WindowsChannelFactory$2
instanceKlass java/nio/channels/AsynchronousFileChannel
instanceKlass org/eclipse/jdt/internal/compiler/util/Jdk
instanceKlass org/eclipse/buildship/core/internal/launch/DefaultExternalLaunchConfigurationManager$LaunchConfigurationListener
instanceKlass com/google/common/collect/Ordering
instanceKlass java/net/ProtocolFamily
instanceKlass org/eclipse/jdt/internal/compiler/util/SoftClassCache
instanceKlass com/google/common/io/ByteStreams
instanceKlass org/eclipse/buildship/core/internal/launch/DefaultExternalLaunchConfigurationManager
instanceKlass org/eclipse/jdt/ls/core/internal/ConnectionStreamFactory$PipeStreamProvider
instanceKlass org/eclipse/jdt/internal/compiler/util/JRTUtil
instanceKlass  @bci org/eclipse/jdt/ls/core/internal/ConnectionStreamFactory getPipeFile ()Ljava/io/File; 58 <appendix> argL0 ; # org/eclipse/jdt/ls/core/internal/ConnectionStreamFactory$$Lambda+0x00000151343da458
instanceKlass java/lang/ProcessHandleImpl$Info
instanceKlass java/lang/ProcessHandle$Info
instanceKlass org/eclipse/buildship/core/internal/configuration/BuildConfigurationPersistence
instanceKlass  @bci java/lang/ProcessHandleImpl lambda$static$1 ()Ljava/util/concurrent/Executor; 45 <appendix> form vmentry <vmtarget> ; # java/lang/invoke/LambdaForm$DMH+0x00000151343e8c00
instanceKlass java/nio/channels/spi/AbstractInterruptibleChannel$1
instanceKlass sun/nio/ch/Interruptible
instanceKlass  @bci com/google/inject/internal/DeclaredMembers getDeclaredMethods (Ljava/lang/Class;)[Ljava/lang/reflect/Method; 38 <appendix> argL0 ; # com/google/inject/internal/DeclaredMembers$$Lambda+0x00000151343d2650
instanceKlass  @bci java/lang/ProcessHandleImpl lambda$static$1 ()Ljava/util/concurrent/Executor; 45 <appendix> member <vmtarget> ; # java/lang/ProcessHandleImpl$$Lambda+0x0000015134365158
instanceKlass  @bci com/google/inject/internal/DeclaredMembers getDeclaredMethods (Ljava/lang/Class;)[Ljava/lang/reflect/Method; 33 <appendix> argL0 ; # com/google/inject/internal/DeclaredMembers$$Lambda+0x00000151343d2410
instanceKlass  @bci com/google/common/io/Closer <clinit> ()V 0 <appendix> argL0 ; # com/google/common/io/Closer$$Lambda+0x00000151343e2208
instanceKlass  @bci com/google/inject/internal/DeclaredMembers getDeclaredMethods (Ljava/lang/Class;)[Ljava/lang/reflect/Method; 20 <appendix> argL0 ; # com/google/inject/internal/DeclaredMembers$$Lambda+0x00000151343d21d0
instanceKlass  @cpi java/lang/ProcessHandleImpl 436 form vmentry <vmtarget> ; # java/lang/invoke/LambdaForm$DMH+0x00000151343e8800
instanceKlass  @cpi com/google/common/io/Closer 177 form vmentry <vmtarget> ; # java/lang/invoke/LambdaForm$DMH+0x00000151343e8400
instanceKlass  @bci com/google/inject/internal/DeclaredMembers getDeclaredMethods (Ljava/lang/Class;)[Ljava/lang/reflect/Method; 15 <appendix> argL0 ; # com/google/inject/internal/DeclaredMembers$$Lambda+0x00000151343d1f90
instanceKlass com/google/common/io/Closer$Suppressor
instanceKlass org/eclipse/jdt/internal/core/JavaProject$1
instanceKlass  @bci com/google/inject/internal/DeclaredMembers getDeclaredMethods (Ljava/lang/Class;)[Ljava/lang/reflect/Method; 7 <appendix> argL0 ; # com/google/inject/internal/DeclaredMembers$$Lambda+0x00000151343d1d50
instanceKlass com/google/common/io/Closer
# instanceKlass java/lang/invoke/LambdaForm$DMH+0x00000151343e8000
instanceKlass org/eclipse/buildship/core/internal/configuration/WorkspaceConfigurationPersistence
instanceKlass com/google/inject/internal/DeclaredMembers
instanceKlass  @bci java/lang/ProcessHandleImpl <clinit> ()V 32 <appendix> argL0 ; # java/lang/ProcessHandleImpl$$Lambda+0x0000015134364f38
instanceKlass org/eclipse/buildship/core/internal/configuration/TestRunConfiguration
instanceKlass java/lang/ProcessHandleImpl
instanceKlass org/eclipse/jdt/internal/compiler/util/ObjectVector
instanceKlass java/lang/ProcessHandle
instanceKlass com/google/common/base/ExtraObjectsMethodsForWeb
instanceKlass org/eclipse/buildship/core/internal/launch/BaseRunConfigurationAttributes
instanceKlass org/eclipse/jdt/ls/core/internal/ConnectionStreamFactory$StreamProvider
instanceKlass org/eclipse/jdt/ls/core/internal/ConnectionStreamFactory
instanceKlass org/eclipse/buildship/core/internal/configuration/BuildConfiguration
instanceKlass org/eclipse/buildship/core/internal/configuration/RunConfiguration
instanceKlass org/eclipse/buildship/core/internal/configuration/BaseRunConfiguration
instanceKlass com/google/common/io/CharSource
instanceKlass org/eclipse/buildship/core/internal/configuration/ProjectConfiguration
instanceKlass org/eclipse/buildship/core/GradleDistribution
instanceKlass org/eclipse/jdt/ls/core/internal/JVMConfigurator
instanceKlass org/eclipse/buildship/core/internal/configuration/DefaultConfigurationManager
instanceKlass org/eclipse/jdt/internal/core/ModuleUpdater
instanceKlass com/google/common/hash/PrimitiveSink
instanceKlass  @bci com/google/common/io/Files <clinit> ()V 0 <appendix> argL0 ; # com/google/common/io/Files$$Lambda+0x00000151343dd1d0
instanceKlass com/google/common/graph/SuccessorsFunction
instanceKlass com/google/common/io/ByteSource
instanceKlass org/eclipse/buildship/core/internal/invocation/InvocationCustomizerCollector
instanceKlass com/google/common/io/ByteSink
instanceKlass org/eclipse/jdt/ls/core/internal/handlers/TypeHierarchyHandler
instanceKlass com/google/common/io/LineProcessor
instanceKlass com/google/common/io/Files
instanceKlass org/eclipse/buildship/core/internal/operation/ToolingApiJobResultHandler
instanceKlass org/eclipse/buildship/core/internal/workspace/SynchronizingBuildScriptUpdateListener
instanceKlass org/eclipse/buildship/core/internal/configuration/GradleProjectNature
instanceKlass org/eclipse/jdt/ls/core/internal/handlers/WorkspaceExecuteCommandHandler$CommandHandlerHolder
instanceKlass org/eclipse/buildship/core/internal/workspace/ProjectChangeListener
instanceKlass org/eclipse/jdt/ls/core/internal/handlers/WorkspaceExecuteCommandHandler
instanceKlass com/google/common/collect/ImmutableMap$Builder
instanceKlass org/eclipse/jdt/internal/compiler/env/IMultiModuleEntry
instanceKlass org/eclipse/buildship/core/internal/preferences/PersistentModel
instanceKlass com/google/common/base/Charsets
instanceKlass org/eclipse/buildship/core/internal/preferences/DefaultModelPersistence
instanceKlass org/eclipse/jdt/internal/core/builder/NameEnvironment
instanceKlass com/google/inject/internal/MoreTypes
instanceKlass ch/qos/logback/classic/spi/EventArgUtil
instanceKlass org/eclipse/buildship/core/internal/event/EventListener
instanceKlass org/eclipse/jdt/ls/core/internal/handlers/BaseDocumentLifeCycleHandler
instanceKlass org/eclipse/jdt/internal/compiler/env/IModuleAwareNameEnvironment
instanceKlass org/eclipse/buildship/core/internal/event/DefaultListenerRegistry
instanceKlass ch/qos/logback/classic/spi/IThrowableProxy
instanceKlass com/google/inject/multibindings/ProvidesIntoOptional
instanceKlass com/google/inject/multibindings/ProvidesIntoMap
instanceKlass com/google/inject/multibindings/ProvidesIntoSet
instanceKlass ch/qos/logback/classic/spi/LoggingEvent
instanceKlass com/google/inject/Provides
instanceKlass org/eclipse/buildship/core/internal/launch/DefaultGradleLaunchConfigurationManager
instanceKlass javax/inject/Singleton
instanceKlass com/google/inject/spi/ElementSource
instanceKlass org/eclipse/buildship/core/internal/console/StdProcessStreamsProvider$1
instanceKlass com/google/inject/spi/ScopeBinding
instanceKlass org/eclipse/lsp4j/WorkDoneProgressParams
instanceKlass org/eclipse/buildship/core/internal/console/ProcessStreams
instanceKlass org/eclipse/jdt/apt/core/util/AptPreferenceConstants
instanceKlass org/eclipse/lsp4j/PartialResultParams
instanceKlass org/eclipse/buildship/core/internal/console/StdProcessStreamsProvider
instanceKlass org/eclipse/lsp4j/TextDocumentPositionParams
instanceKlass com/google/inject/Scopes$2
instanceKlass org/eclipse/buildship/core/internal/workspace/InternalGradleBuild
instanceKlass com/google/inject/Scopes$1
instanceKlass java/util/concurrent/Executors$DefaultThreadFactory
instanceKlass org/eclipse/buildship/core/internal/workspace/DefaultGradleWorkspace
instanceKlass com/google/inject/internal/SingletonScope
instanceKlass org/eclipse/jdt/ls/core/internal/ProjectUtils
instanceKlass com/google/inject/Scopes
instanceKlass org/eclipse/jdt/apt/core/internal/generatedfile/GeneratedResourceChangeListener
instanceKlass org/eclipse/jdt/apt/core/util/IFactoryPath
instanceKlass com/google/gson/reflect/TypeToken
instanceKlass com/google/inject/Singleton
instanceKlass org/eclipse/buildship/core/internal/event/Event
instanceKlass org/eclipse/jdt/apt/core/util/AptConfig
instanceKlass org/eclipse/buildship/core/internal/util/gradle/PublishedGradleVersions
instanceKlass org/eclipse/buildship/core/internal/workspace/DefaultWorkspaceOperations
instanceKlass com/google/inject/spi/Elements$ModuleInfo
instanceKlass com/google/inject/PrivateModule
instanceKlass org/eclipse/buildship/core/internal/util/gradle/PublishedGradleVersionsWrapper$LoadVersionsJob$1
instanceKlass javax/annotation/processing/Processor
instanceKlass  @bci com/google/inject/spi/BindingSourceRestriction$PermitMapConstruction pushModule (Ljava/lang/Class;Lcom/google/inject/spi/ModuleSource;)V 5 <appendix> member <vmtarget> ; # com/google/inject/spi/BindingSourceRestriction$PermitMapConstruction$$Lambda+0x00000151343bb880
instanceKlass  @bci com/google/inject/spi/BindingSourceRestriction getPermits (Ljava/lang/Class;)Ljava/util/stream/Stream; 43 <appendix> argL0 ; # com/google/inject/spi/BindingSourceRestriction$$Lambda+0x00000151343bb630
instanceKlass  @bci com/google/inject/spi/BindingSourceRestriction getPermits (Ljava/lang/Class;)Ljava/util/stream/Stream; 33 <appendix> argL0 ; # com/google/inject/spi/BindingSourceRestriction$$Lambda+0x00000151343bb3f0
instanceKlass com/google/gson/JsonElement
instanceKlass org/eclipse/buildship/core/internal/util/logging/EclipseLogger
instanceKlass sun/reflect/annotation/AnnotatedTypeFactory$AnnotatedTypeBaseImpl
instanceKlass sun/reflect/annotation/AnnotatedTypeFactory
instanceKlass sun/reflect/annotation/TypeAnnotation$LocationInfo$Location
instanceKlass org/eclipse/jdt/ls/core/internal/managers/TelemetryManager
instanceKlass sun/reflect/annotation/TypeAnnotation$LocationInfo
instanceKlass sun/reflect/generics/tree/ClassSignature
instanceKlass sun/reflect/generics/tree/Signature
instanceKlass org/eclipse/jdt/apt/core/internal/AptCompilationParticipantExtensionFactory
instanceKlass sun/reflect/generics/tree/FormalTypeParameter
instanceKlass sun/reflect/generics/repository/AbstractRepository
instanceKlass org/eclipse/buildship/core/internal/util/gradle/PublishedGradleVersionsWrapper
instanceKlass sun/reflect/annotation/TypeAnnotation
instanceKlass sun/reflect/annotation/TypeAnnotationParser
instanceKlass org/eclipse/buildship/core/internal/Logger
instanceKlass org/eclipse/core/runtime/jobs/ProgressProvider
instanceKlass com/google/inject/RestrictedBindingSource
instanceKlass org/eclipse/jdt/ls/core/internal/LanguageServerApplication
instanceKlass org/eclipse/buildship/core/internal/preferences/ModelPersistence
instanceKlass org/eclipse/buildship/core/internal/workspace/InternalGradleWorkspace
instanceKlass org/eclipse/buildship/core/GradleWorkspace
instanceKlass com/google/inject/spi/BindingSourceRestriction
instanceKlass org/eclipse/buildship/core/internal/event/ListenerRegistry
instanceKlass org/eclipse/buildship/core/internal/workspace/WorkspaceOperations
instanceKlass org/eclipse/buildship/core/internal/console/ProcessStreamsProvider
instanceKlass org/eclipse/buildship/core/internal/launch/ExternalLaunchConfigurationManager
instanceKlass org/eclipse/buildship/core/internal/launch/GradleLaunchConfigurationManager
instanceKlass org/eclipse/equinox/app/IApplication
instanceKlass org/eclipse/buildship/core/GradleBuild
instanceKlass org/eclipse/buildship/core/internal/extension/ExtensionManager
instanceKlass org/eclipse/buildship/core/internal/operation/ToolingApiOperationManager
instanceKlass org/eclipse/buildship/core/internal/configuration/ConfigurationManager
instanceKlass org/eclipse/buildship/core/invocation/InvocationCustomizer
instanceKlass org/eclipse/buildship/core/internal/TraceScope
instanceKlass org/eclipse/core/runtime/internal/adaptor/EclipseAppLauncher
instanceKlass com/google/inject/spi/ModuleSource
instanceKlass com/google/inject/internal/ProviderMethodsModule
instanceKlass org/eclipse/jdt/internal/core/JavaModelManager$CompilationParticipants$1
instanceKlass org/eclipse/jdt/core/compiler/CompilationParticipant
instanceKlass org/eclipse/jdt/ls/core/internal/handlers/BundleUtils
instanceKlass com/google/inject/spi/BindingSourceRestriction$PermitMapConstruction$PermitMapImpl
instanceKlass org/eclipse/jdt/internal/core/JavaProject$3
instanceKlass com/google/inject/spi/BindingSourceRestriction$PermitMap
instanceKlass org/eclipse/jdt/internal/core/JavaProject$2
instanceKlass com/google/inject/spi/BindingSourceRestriction$PermitMapConstruction
instanceKlass com/google/common/collect/Hashing
instanceKlass org/eclipse/jdt/internal/core/JavaModelManager$CompilationParticipants$2
instanceKlass com/google/common/math/IntMath$1
instanceKlass com/google/common/math/MathPreconditions
instanceKlass com/google/common/math/IntMath
instanceKlass  @bci org/eclipse/jdt/internal/core/builder/JavaBuilder build (ILjava/util/Map;Lorg/eclipse/core/runtime/IProgressMonitor;)[Lorg/eclipse/core/resources/IProject; 90 <appendix> argL0 ; # org/eclipse/jdt/internal/core/builder/JavaBuilder$$Lambda+0x00000151343c4000
instanceKlass  @cpi org/eclipse/jdt/internal/core/builder/JavaBuilder 1050 form vmentry <vmtarget> ; # java/lang/invoke/LambdaForm$DMH+0x00000151343c0000
instanceKlass org/eclipse/core/internal/events/BuildManager$2
instanceKlass com/google/inject/internal/AbstractBindingBuilder
instanceKlass com/google/inject/binder/ConstantBindingBuilder
instanceKlass com/google/inject/binder/AnnotatedElementBuilder
instanceKlass com/google/inject/spi/Elements$RecordingBinder
instanceKlass com/google/inject/Binding
instanceKlass com/google/inject/spi/DefaultBindingTargetVisitor
instanceKlass com/google/inject/spi/BindingTargetVisitor
instanceKlass com/google/inject/spi/Elements
instanceKlass com/google/inject/internal/InjectorShell$RootModule
instanceKlass com/google/common/collect/ListMultimap
instanceKlass com/google/inject/internal/InjectorBindingData
instanceKlass  @bci com/google/inject/internal/WeakKeySet <init> (Ljava/lang/Object;)V 12 <appendix> member <vmtarget> ; # com/google/inject/internal/WeakKeySet$$Lambda+0x00000151343b8000
instanceKlass com/google/inject/internal/WeakKeySet
instanceKlass com/google/common/collect/Sets
instanceKlass com/google/inject/internal/InjectorJitBindingData
instanceKlass com/google/inject/internal/ProcessedBindingData
instanceKlass com/google/inject/spi/DefaultElementVisitor
instanceKlass com/google/inject/internal/InjectorShell$Builder
instanceKlass com/google/common/collect/Lists
instanceKlass org/eclipse/equinox/internal/security/storage/SecurePreferencesWrapper
instanceKlass com/google/common/collect/AbstractMapEntry
instanceKlass com/google/common/collect/LinkedHashMultimap$ValueSetLink
instanceKlass org/eclipse/equinox/security/storage/ISecurePreferences
instanceKlass org/eclipse/equinox/internal/security/storage/SecurePreferencesContainer
instanceKlass com/google/common/collect/CollectPreconditions
instanceKlass  @bci org/eclipse/equinox/internal/security/storage/SecurePreferencesRoot load ()V 241 <appendix> member <vmtarget> ; # org/eclipse/equinox/internal/security/storage/SecurePreferencesRoot$$Lambda+0x00000151343b1348
instanceKlass com/google/common/collect/Platform
instanceKlass javax/crypto/spec/PBEKeySpec
instanceKlass com/google/common/collect/Multiset
instanceKlass org/eclipse/equinox/internal/security/storage/PasswordExt
instanceKlass com/google/common/collect/AbstractMultimap
instanceKlass org/eclipse/equinox/internal/security/storage/JavaEncryption
instanceKlass com/google/common/collect/SetMultimap
instanceKlass org/eclipse/equinox/security/storage/provider/IPreferencesContainer
instanceKlass org/eclipse/equinox/internal/security/storage/SecurePreferences
instanceKlass org/eclipse/equinox/internal/security/storage/friends/IStorageConstants
instanceKlass com/google/common/base/Converter
instanceKlass org/eclipse/equinox/internal/security/storage/StorageUtils
instanceKlass com/google/common/collect/ImmutableMap
instanceKlass org/eclipse/equinox/internal/security/storage/SecurePreferencesMapper
instanceKlass org/eclipse/equinox/security/storage/SecurePreferencesFactory
instanceKlass com/sun/jna/Function$PostCallRead
instanceKlass com/google/common/collect/BiMap
instanceKlass com/google/common/collect/SortedMapDifference
instanceKlass com/google/common/collect/MapDifference
instanceKlass com/google/common/collect/Maps
instanceKlass com/sun/jna/NativeString
instanceKlass com/sun/jna/Library$Handler$FunctionInfo
instanceKlass com/google/inject/internal/CycleDetectingLock
instanceKlass com/google/common/collect/Multimap
instanceKlass com/google/inject/internal/CycleDetectingLock$CycleDetectingLockFactory
instanceKlass com/sun/jna/internal/ReflectionUtils
instanceKlass com/google/inject/internal/Initializable
instanceKlass com/google/inject/internal/Initializer
instanceKlass com/sun/jna/Native$3
instanceKlass com/google/common/collect/PeekingIterator
instanceKlass com/google/common/collect/UnmodifiableIterator
instanceKlass com/google/common/collect/Iterators
instanceKlass com/sun/jna/Library$Handler
instanceKlass com/sun/jna/win32/W32APIFunctionMapper
instanceKlass com/google/common/collect/ImmutableCollection$Builder
instanceKlass com/sun/jna/FunctionMapper
instanceKlass com/sun/jna/win32/W32APIOptions
instanceKlass org/eclipse/core/net/internal/proxy/win32/ProxyProviderWin32$WinHttp
instanceKlass com/sun/jna/win32/StdCallLibrary
instanceKlass com/sun/jna/win32/StdCall
instanceKlass com/sun/jna/AltCallingConvention
instanceKlass org/eclipse/core/internal/net/ProxyData
instanceKlass com/google/common/collect/ImmutableSet$SetBuilderImpl
instanceKlass org/eclipse/equinox/internal/security/auth/AuthPlugin
instanceKlass org/eclipse/core/internal/net/ProxyType
instanceKlass com/google/inject/internal/util/SourceProvider
instanceKlass org/eclipse/core/net/proxy/IProxyChangeEvent
instanceKlass com/google/inject/spi/ErrorDetail
instanceKlass org/eclipse/core/internal/net/AbstractProxyProvider
instanceKlass com/google/inject/internal/Errors
instanceKlass org/eclipse/core/internal/net/ProxyManager
instanceKlass org/eclipse/core/net/proxy/IProxyService
instanceKlass  @bci org/eclipse/core/internal/net/Policy <clinit> ()V 8 <appendix> argL0 ; # org/eclipse/core/internal/net/Policy$$Lambda+0x00000151343a4618
instanceKlass org/eclipse/core/internal/net/Policy
instanceKlass com/google/common/base/Stopwatch
instanceKlass org/eclipse/core/net/proxy/IProxyData
instanceKlass com/google/inject/internal/util/ContinuousStopwatch
instanceKlass org/eclipse/core/internal/net/PreferenceManager
instanceKlass com/google/inject/Injector
instanceKlass com/google/inject/internal/InternalInjectorCreator
instanceKlass org/eclipse/core/internal/net/Activator
instanceKlass com/google/inject/Guice
instanceKlass org/eclipse/core/internal/net/ProxySelector
instanceKlass org/eclipse/sisu/wire/Wiring
instanceKlass org/eclipse/sisu/wire/WireModule$Strategy$1
instanceKlass org/eclipse/sisu/wire/WireModule$Strategy
instanceKlass java/text/DontCareFieldPosition$1
instanceKlass  @bci org/eclipse/core/internal/jobs/JobManager wakeUp (Lorg/eclipse/core/internal/jobs/InternalJob;J)V 23 <appendix> member <vmtarget> ; # org/eclipse/core/internal/jobs/JobManager$$Lambda+0x0000015134207b48
instanceKlass org/eclipse/sisu/wire/AbstractTypeConverter
instanceKlass com/google/inject/spi/ElementVisitor
instanceKlass org/eclipse/sisu/wire/WireModule
instanceKlass org/eclipse/jdt/internal/core/builder/BuildNotifier
instanceKlass org/eclipse/jdt/ls/core/internal/DiagnosticsState
instanceKlass org/eclipse/sisu/bean/BeanBinder
instanceKlass org/eclipse/sisu/plexus/PlexusBindingModule
instanceKlass org/eclipse/jdt/ls/core/internal/managers/ContentProviderManager
instanceKlass org/codehaus/plexus/DefaultPlexusContainer$BootModule
instanceKlass org/codehaus/plexus/component/annotations/Configuration
instanceKlass org/eclipse/sisu/plexus/PlexusAnnotatedMetadata
instanceKlass org/eclipse/sisu/plexus/PlexusBeanMetadata
instanceKlass org/eclipse/core/internal/events/BuildManager$1
instanceKlass org/eclipse/sisu/plexus/PlexusAnnotatedBeanModule$PlexusAnnotatedBeanSource
instanceKlass org/eclipse/jdt/ls/core/internal/managers/DigestStore
instanceKlass org/eclipse/sisu/space/SpaceModule$2
instanceKlass org/eclipse/sisu/space/SpaceModule$Strategy$2
instanceKlass org/eclipse/sisu/space/SpaceModule$Strategy$1
instanceKlass org/eclipse/lsp4j/jsonrpc/messages/Either
instanceKlass org/eclipse/sisu/space/DefaultClassFinder
instanceKlass org/eclipse/core/internal/events/BuildContext
instanceKlass org/eclipse/sisu/space/asm/ClassVisitor
instanceKlass org/eclipse/sisu/space/SpaceScanner
instanceKlass org/eclipse/core/internal/resources/Workspace$ProjectBuildConfigOrder
instanceKlass org/eclipse/core/internal/resources/ComputeProjectOrder$VertexOrder
instanceKlass org/eclipse/sisu/space/IndexedClassFinder
instanceKlass org/eclipse/jdt/ls/core/internal/preferences/IPreferencesChangeListener
instanceKlass org/eclipse/jdt/ls/core/internal/framework/IFrameworkSupport
instanceKlass org/eclipse/core/internal/resources/ComputeProjectOrder$Digraph$Vertex
instanceKlass org/eclipse/sisu/space/ClassFinder
instanceKlass org/eclipse/core/internal/resources/ComputeProjectOrder$Digraph
instanceKlass org/eclipse/sisu/space/SpaceModule
instanceKlass org/eclipse/sisu/space/SpaceVisitor
instanceKlass org/eclipse/sisu/plexus/PlexusTypeListener
instanceKlass org/eclipse/sisu/space/QualifiedTypeListener
instanceKlass org/eclipse/core/internal/resources/ComputeProjectOrder
instanceKlass org/eclipse/sisu/plexus/PlexusAnnotatedBeanModule$1
instanceKlass org/eclipse/sisu/space/SpaceModule$Strategy
instanceKlass org/eclipse/sisu/plexus/PlexusAnnotatedBeanModule
instanceKlass  @bci org/eclipse/jdt/internal/core/DynamicProjectReferences getDependentProjects (Lorg/eclipse/core/resources/IBuildConfiguration;)Ljava/util/List; 62 <appendix> member <vmtarget> ; # org/eclipse/jdt/internal/core/DynamicProjectReferences$$Lambda+0x000001513430ba28
instanceKlass org/eclipse/text/templates/TemplateStoreCore
instanceKlass org/eclipse/sisu/plexus/PlexusBeanSource
instanceKlass org/eclipse/sisu/plexus/PlexusXmlBeanModule
instanceKlass org/eclipse/sisu/plexus/PlexusBeanModule
instanceKlass org/eclipse/sisu/space/URLClassSpace
instanceKlass org/eclipse/m2e/jdt/internal/MavenClasspathContainerSaveHelper$PathReplace
instanceKlass com/sun/org/apache/xml/internal/serializer/WriterChain
instanceKlass org/eclipse/m2e/jdt/internal/MavenClasspathContainerSaveHelper$AccessRuleReplace
instanceKlass org/codehaus/plexus/DefaultPlexusContainer$SLF4JLoggerFactoryProvider
instanceKlass org/eclipse/m2e/jdt/internal/MavenClasspathContainerSaveHelper$ClasspathAttributeReplace
instanceKlass com/google/inject/util/Providers$ConstantProvider
instanceKlass com/sun/org/apache/xalan/internal/xsltc/trax/DOM2TO
instanceKlass org/eclipse/m2e/jdt/internal/MavenClasspathContainerSaveHelper$ProjectEntryReplace
instanceKlass javax/xml/transform/stax/StAXSource
instanceKlass javax/xml/transform/sax/SAXSource
instanceKlass javax/xml/transform/stream/StreamSource
instanceKlass com/sun/org/apache/xml/internal/serializer/NamespaceMappings$MappingRecord
instanceKlass com/google/inject/util/Providers
instanceKlass com/sun/org/apache/xml/internal/serializer/NamespaceMappings
instanceKlass org/codehaus/plexus/personality/plexus/lifecycle/phase/Disposable
instanceKlass org/codehaus/plexus/personality/plexus/lifecycle/phase/Startable
instanceKlass org/eclipse/m2e/jdt/internal/MavenClasspathContainerSaveHelper$LibraryEntryReplace
instanceKlass org/codehaus/plexus/personality/plexus/lifecycle/phase/Initializable
instanceKlass org/codehaus/plexus/personality/plexus/lifecycle/phase/Contextualizable
instanceKlass org/codehaus/plexus/logging/LogEnabled
instanceKlass org/eclipse/sisu/bean/PropertyBinding
instanceKlass org/apache/maven/toolchain/io/DefaultToolchainsReader
instanceKlass org/eclipse/m2e/jdt/internal/MavenClasspathContainer
instanceKlass org/apache/maven/toolchain/building/ToolchainsBuildingRequest
instanceKlass org/codehaus/plexus/interpolation/ValueSource
instanceKlass org/apache/maven/execution/ExecutionListener
instanceKlass org/eclipse/aether/transfer/TransferListener
instanceKlass javax/annotation/PreDestroy
instanceKlass javax/annotation/PostConstruct
instanceKlass org/eclipse/m2e/jdt/internal/MavenClasspathContainerSaveHelper
instanceKlass org/eclipse/sisu/bean/LifecycleBuilder
instanceKlass org/eclipse/m2e/jdt/internal/MavenClasspathHelpers
instanceKlass org/apache/maven/eventspy/EventSpy$Context
instanceKlass org/apache/maven/exception/ExceptionHandler
instanceKlass org/eclipse/sisu/bean/BeanScheduler$1
instanceKlass org/apache/maven/cli/MavenCli
instanceKlass com/google/inject/spi/DefaultBindingScopingVisitor
instanceKlass org/eclipse/m2e/jdt/AbstractClassifierClasspathProvider
instanceKlass com/google/inject/spi/BindingScopingVisitor
instanceKlass org/eclipse/sisu/bean/BeanScheduler$CycleActivator
instanceKlass com/google/inject/spi/ModuleAnnotatedMethodScanner
instanceKlass com/google/inject/Scope
instanceKlass org/eclipse/m2e/jdt/IClassifierClasspathProvider
instanceKlass com/google/inject/PrivateBinder
instanceKlass org/eclipse/m2e/jdt/internal/MavenClassifierManager
instanceKlass com/google/inject/MembersInjector
instanceKlass com/google/inject/binder/AnnotatedConstantBindingBuilder
instanceKlass org/aopalliance/intercept/MethodInterceptor
instanceKlass org/apache/maven/toolchain/io/ToolchainsReader
instanceKlass org/aopalliance/intercept/Interceptor
instanceKlass org/aopalliance/aop/Advice
instanceKlass com/google/inject/spi/TypeListener
instanceKlass com/google/inject/spi/Message
instanceKlass org/eclipse/m2e/jdt/internal/launch/MavenLaunchConfigurationListener
instanceKlass com/google/inject/spi/Element
instanceKlass com/google/inject/spi/Dependency
instanceKlass  @bci org/eclipse/m2e/jdt/MavenJdtPlugin start (Lorg/osgi/framework/BundleContext;)V 89 <appendix> member <vmtarget> ; # org/eclipse/m2e/jdt/MavenJdtPlugin$$Lambda+0x0000015134387340
instanceKlass com/google/inject/Key
instanceKlass org/eclipse/m2e/jdt/internal/DefaultClasspathManagerDelegate
instanceKlass com/google/inject/binder/AnnotatedBindingBuilder
instanceKlass com/google/inject/binder/LinkedBindingBuilder
instanceKlass com/google/inject/binder/ScopedBindingBuilder
instanceKlass com/google/inject/TypeLiteral
instanceKlass com/google/inject/spi/ProvisionListener
instanceKlass org/apache/maven/artifact/resolver/filter/AbstractScopeArtifactFilter
instanceKlass com/google/inject/Binder
instanceKlass org/eclipse/sisu/bean/BeanScheduler
instanceKlass org/eclipse/m2e/jdt/IClasspathDescriptor
instanceKlass org/eclipse/m2e/jdt/IClasspathManagerDelegate
instanceKlass org/eclipse/sisu/plexus/DefaultPlexusBeanLocator
instanceKlass org/apache/maven/artifact/resolver/filter/ArtifactFilter
instanceKlass org/eclipse/m2e/jdt/internal/BuildPathManager
instanceKlass sun/nio/cs/DelegatableDecoder
instanceKlass org/eclipse/sisu/plexus/RealmManager
instanceKlass org/codehaus/plexus/context/ContextMapAdapter
instanceKlass org/codehaus/plexus/context/DefaultContext
instanceKlass  @bci org/eclipse/m2e/core/internal/MavenPluginActivator getService (Ljava/lang/Class;)Ljava/lang/Object; 18 <appendix> member <vmtarget> ; # org/eclipse/m2e/core/internal/MavenPluginActivator$$Lambda+0x0000015134291850
instanceKlass org/codehaus/plexus/logging/AbstractLogger
instanceKlass org/eclipse/m2e/jdt/IClasspathManager
instanceKlass org/eclipse/m2e/jdt/IMavenClassifierManager
instanceKlass org/codehaus/plexus/DefaultPlexusContainer$LoggerProvider
instanceKlass java/nio/charset/Charset$1
instanceKlass java/nio/charset/Charset$2
instanceKlass org/codehaus/plexus/DefaultPlexusContainer$DefaultsModule
instanceKlass java/nio/charset/Charset$ThreadTrackHolder
instanceKlass org/codehaus/plexus/DefaultPlexusContainer$ContainerModule
instanceKlass org/eclipse/sisu/inject/ImplicitBindings
instanceKlass org/eclipse/sisu/inject/MildValues$InverseMapping
instanceKlass org/eclipse/sisu/inject/MildValues
instanceKlass org/eclipse/jdt/internal/launching/JREContainer$RuleEntry
instanceKlass org/eclipse/jdt/internal/launching/JREContainer$RuleKey
instanceKlass java/util/concurrent/atomic/AtomicReferenceFieldUpdater$AtomicReferenceFieldUpdaterImpl$1
instanceKlass java/nio/charset/Charset$ExtendedProviderHolder$1
instanceKlass java/nio/charset/Charset$ExtendedProviderHolder
instanceKlass java/util/concurrent/atomic/AtomicReferenceFieldUpdater
instanceKlass org/eclipse/jdt/ls/core/internal/javafx/FXVersionUtil
instanceKlass org/eclipse/sisu/inject/RankedSequence$Content
instanceKlass  @bci jdk/xml/internal/SecuritySupport getResourceAsStream (Ljava/lang/String;)Ljava/io/InputStream; 1 <appendix> member <vmtarget> ; # jdk/xml/internal/SecuritySupport$$Lambda+0x000001513435af70
instanceKlass org/eclipse/jdt/ls/core/internal/javafx/FXAccessRuleParticipant
instanceKlass com/sun/org/apache/xml/internal/serializer/Encodings$EncodingInfos
instanceKlass org/eclipse/sisu/inject/RankedSequence
instanceKlass com/sun/org/apache/xml/internal/serializer/Encodings
instanceKlass com/sun/org/apache/xml/internal/serializer/ToStream$CharacterBuffer
instanceKlass com/sun/org/apache/xml/internal/serializer/EncodingInfo
instanceKlass org/eclipse/jdt/internal/launching/environments/DefaultAccessRuleParticipant
instanceKlass com/sun/org/apache/xml/internal/serializer/ToStream$BoolStack
instanceKlass com/sun/org/apache/xml/internal/serializer/ElemContext
instanceKlass org/eclipse/sisu/inject/BindingSubscriber
instanceKlass org/eclipse/jdt/internal/core/ModelUpdater
instanceKlass org/xml/sax/helpers/AttributesImpl
instanceKlass org/eclipse/sisu/inject/DefaultBeanLocator
instanceKlass com/sun/org/apache/xml/internal/serializer/CharInfo$CharKey
instanceKlass sun/util/ResourceBundleEnumeration
instanceKlass org/eclipse/sisu/inject/DeferredClass
instanceKlass com/sun/org/apache/xml/internal/serializer/CharInfo
instanceKlass org/codehaus/plexus/DefaultPlexusContainer$LoggerManagerProvider
instanceKlass org/eclipse/sisu/inject/DeferredProvider
instanceKlass com/google/inject/Provider
instanceKlass org/eclipse/jdt/internal/launching/JREContainer$1
instanceKlass org/eclipse/m2e/core/internal/embedder/IMavenComponentContributor$IMavenComponentBinder
instanceKlass org/eclipse/jdt/internal/launching/JREContainer
instanceKlass com/google/inject/AbstractModule
instanceKlass com/sun/org/apache/xml/internal/serializer/SerializerBase
instanceKlass com/sun/org/apache/xml/internal/serializer/SerializerConstants
instanceKlass com/sun/org/apache/xml/internal/serializer/SerializationHandler
instanceKlass com/sun/org/apache/xml/internal/serializer/Serializer
instanceKlass com/sun/org/apache/xml/internal/serializer/DOMSerializer
instanceKlass org/xml/sax/ext/DeclHandler
instanceKlass com/sun/org/apache/xml/internal/serializer/XSLOutputAttributes
instanceKlass com/sun/org/apache/xml/internal/serializer/ExtendedLexicalHandler
instanceKlass org/xml/sax/ext/LexicalHandler
instanceKlass  @bci org/eclipse/jdt/internal/core/JavaModelManager variableNames ()[Ljava/lang/String; 7 <appendix> argL0 ; # org/eclipse/jdt/internal/core/JavaModelManager$$Lambda+0x000001513430a900
instanceKlass com/sun/org/apache/xml/internal/serializer/ExtendedContentHandler
instanceKlass org/eclipse/jdt/launching/environments/CompatibleEnvironment
instanceKlass org/codehaus/plexus/context/Context
instanceKlass javax/xml/transform/dom/DOMResult
instanceKlass javax/xml/transform/stax/StAXResult
instanceKlass javax/xml/transform/sax/SAXResult
instanceKlass org/eclipse/sisu/inject/BindingPublisher
instanceKlass com/sun/org/apache/xalan/internal/xsltc/runtime/output/TransletOutputHandlerFactory
instanceKlass org/eclipse/sisu/inject/RankingFunction
instanceKlass org/eclipse/sisu/space/ClassSpace
instanceKlass javax/xml/transform/dom/DOMSource
instanceKlass javax/inject/Provider
instanceKlass org/eclipse/jdt/internal/launching/environments/ExecutionEnvironmentAnalyzer
instanceKlass com/sun/org/apache/xml/internal/utils/XMLReaderManager
instanceKlass org/eclipse/sisu/bean/BeanManager
instanceKlass org/eclipse/sisu/plexus/PlexusBeanLocator
instanceKlass org/eclipse/sisu/inject/MutableBeanLocator
instanceKlass org/eclipse/sisu/inject/BeanLocator
instanceKlass  @bci org/eclipse/jdt/launching/AbstractVMInstallType getVMInstalls ()[Lorg/eclipse/jdt/launching/IVMInstall; 4 <appendix> argL0 ; # org/eclipse/jdt/launching/AbstractVMInstallType$$Lambda+0x00000151343362b0
instanceKlass com/sun/org/apache/xml/internal/serializer/OutputPropertiesFactory
instanceKlass org/codehaus/plexus/DefaultPlexusContainer
instanceKlass javax/xml/transform/Transformer
instanceKlass com/sun/org/apache/xalan/internal/xsltc/DOMCache
instanceKlass  @bci javax/xml/catalog/CatalogFeatures setProperties (Ljavax/xml/catalog/CatalogFeatures$Builder;)V 5 <appendix> member <vmtarget> ; # javax/xml/catalog/CatalogFeatures$$Lambda+0x0000015134354460
instanceKlass javax/xml/catalog/CatalogMessages
instanceKlass javax/xml/catalog/Util
instanceKlass  @bci javax/xml/transform/FactoryFinder newInstance (Ljava/lang/Class;Ljava/lang/String;Ljava/lang/ClassLoader;Z)Ljava/lang/Object; 107 <appendix> member <vmtarget> ; # javax/xml/transform/FactoryFinder$$Lambda+0x00000151343539e8
instanceKlass jdk/xml/internal/JdkProperty
instanceKlass  @bci org/eclipse/jdt/launching/VMStandin convertToRealVM ()Lorg/eclipse/jdt/launching/IVMInstall; 155 <appendix> member <vmtarget> ; # org/eclipse/jdt/launching/VMStandin$$Lambda+0x0000015134335b08
instanceKlass  @cpi org/eclipse/jdt/launching/VMStandin 173 form vmentry <vmtarget> ; # java/lang/invoke/LambdaForm$DMH+0x0000015134338400
instanceKlass jdk/xml/internal/XMLSecurityManager
instanceKlass org/codehaus/plexus/MutablePlexusContainer
instanceKlass org/eclipse/jdt/launching/IVMRunner
instanceKlass  @bci java/util/function/Function andThen (Ljava/util/function/Function;)Ljava/util/function/Function; 7 <appendix> member <vmtarget> ; # java/util/function/Function$$Lambda+0x0000015134352278
instanceKlass com/sun/org/apache/xalan/internal/utils/FeaturePropertyBase
instanceKlass  @cpi java/util/function/Function 58 form vmentry <vmtarget> ; # java/lang/invoke/LambdaForm$DMH+0x0000015134338000
instanceKlass org/eclipse/jdt/internal/launching/CompositeId
instanceKlass  @bci org/apache/maven/extension/internal/CoreExports <init> (Lorg/codehaus/plexus/classworlds/realm/ClassRealm;Ljava/util/Set;Ljava/util/Set;)V 38 <appendix> argL0 ; # org/apache/maven/extension/internal/CoreExports$$Lambda+0x000001513432b450
instanceKlass jdk/xml/internal/JdkXmlFeatures
instanceKlass  @bci java/util/stream/Collectors uniqKeysMapMerger ()Ljava/util/function/BinaryOperator; 0 <appendix> argL0 ; # java/util/stream/Collectors$$Lambda+0x0000015134350c38
instanceKlass javax/xml/catalog/CatalogFeatures$Builder
instanceKlass javax/xml/catalog/CatalogFeatures
instanceKlass  @bci java/util/stream/Collectors uniqKeysMapAccumulator (Ljava/util/function/Function;Ljava/util/function/Function;)Ljava/util/function/BiConsumer; 2 <appendix> member <vmtarget> ; # java/util/stream/Collectors$$Lambda+0x00000151343505c8
instanceKlass jdk/xml/internal/TransformErrorListener
instanceKlass  @bci java/util/stream/Collectors toMap (Ljava/util/function/Function;Ljava/util/function/Function;)Ljava/util/stream/Collector; 4 <appendix> argL0 ; # java/util/stream/Collectors$$Lambda+0x0000015134350160
instanceKlass javax/xml/transform/ErrorListener
instanceKlass  @bci org/apache/maven/extension/internal/CoreExports <init> (Lorg/codehaus/plexus/classworlds/realm/ClassRealm;Ljava/util/Set;Ljava/util/Set;)V 30 <appendix> member <vmtarget> ; # org/apache/maven/extension/internal/CoreExports$$Lambda+0x000001513432b208
instanceKlass  @bci java/util/function/Function identity ()Ljava/util/function/Function; 0 <appendix> argL0 ; # java/util/function/Function$$Lambda+0x000001513434fd20
instanceKlass org/eclipse/jdt/launching/LibraryLocation
instanceKlass com/sun/org/apache/xalan/internal/xsltc/compiler/SourceLoader
instanceKlass org/apache/maven/extension/internal/CoreExports
instanceKlass  @bci javax/xml/transform/FactoryFinder find (Ljava/lang/Class;Ljava/lang/String;)Ljava/lang/Object; 123 <appendix> member <vmtarget> ; # javax/xml/transform/FactoryFinder$$Lambda+0x000001513434f380
instanceKlass org/codehaus/plexus/DefaultContainerConfiguration
instanceKlass javax/xml/transform/FactoryFinder$1
instanceKlass  @bci javax/xml/transform/FactoryFinder find (Ljava/lang/Class;Ljava/lang/String;)Ljava/lang/Object; 24 <appendix> member <vmtarget> ; # javax/xml/transform/FactoryFinder$$Lambda+0x000001513434ef28
instanceKlass javax/xml/transform/FactoryFinder
instanceKlass javax/xml/transform/TransformerFactory
instanceKlass org/eclipse/osgi/internal/url/URLStreamHandlerProxy$1
instanceKlass org/eclipse/osgi/internal/url/URLStreamHandlerSetter
instanceKlass org/codehaus/plexus/ContainerConfiguration
instanceKlass org/eclipse/osgi/internal/url/NullURLStreamHandlerService
instanceKlass org/codehaus/plexus/util/BaseIOUtil
instanceKlass javax/xml/transform/stream/StreamResult
instanceKlass org/osgi/service/url/URLStreamHandlerSetter
instanceKlass  @bci org/eclipse/osgi/internal/url/URLStreamHandlerFactoryImpl createInternalURLStreamHandler (Ljava/lang/String;)Ljava/net/URLStreamHandler; 18 <appendix> member <vmtarget> ; # org/eclipse/osgi/internal/url/URLStreamHandlerFactoryImpl$$Lambda+0x00000151342339e8
instanceKlass org/eclipse/text/templates/TemplateReaderWriter
instanceKlass  @bci org/eclipse/equinox/plurl/impl/PlurlImpl$PlurlFactoryHolder getHandler (Ljava/lang/String;)Ljava/lang/Object; 35 <appendix> member <vmtarget> ; # org/eclipse/equinox/plurl/impl/PlurlImpl$PlurlFactoryHolder$$Lambda+0x00000151342337a0
instanceKlass org/eclipse/equinox/plurl/impl/PlurlImpl$4
instanceKlass  @bci org/eclipse/jdt/ls/core/internal/preferences/PreferenceManager reloadTemplateStore ()V 24 <appendix> argL0 ; # org/eclipse/jdt/ls/core/internal/preferences/PreferenceManager$$Lambda+0x000001513432ccf8
instanceKlass org/eclipse/jdt/internal/launching/LibraryInfo
instanceKlass org/eclipse/text/templates/TemplatePersistenceData
instanceKlass org/eclipse/jface/text/templates/Template
instanceKlass org/eclipse/jdt/launching/AbstractVMInstall
instanceKlass org/eclipse/jdt/launching/IVMInstall3
instanceKlass org/codehaus/plexus/util/xml/pull/MXParser
instanceKlass org/eclipse/jdt/launching/IVMInstall2
instanceKlass java/util/ResourceBundle$Control$2
instanceKlass org/codehaus/plexus/util/xml/pull/XmlPullParser
instanceKlass  @bci java/util/ResourceBundle$ResourceBundleControlProviderHolder lambda$static$0 ()Ljava/util/List; 11 <appendix> argL0 ; # java/util/ResourceBundle$ResourceBundleControlProviderHolder$$Lambda+0x000001513434dc58
instanceKlass org/codehaus/plexus/util/xml/Xpp3DomBuilder
instanceKlass java/util/ServiceLoader$ProviderSpliterator
instanceKlass java/util/spi/ResourceBundleControlProvider
instanceKlass  @bci java/util/ResourceBundle$ResourceBundleControlProviderHolder <clinit> ()V 0 <appendix> argL0 ; # java/util/ResourceBundle$ResourceBundleControlProviderHolder$$Lambda+0x000001513434d598
instanceKlass java/util/ResourceBundle$ResourceBundleControlProviderHolder
instanceKlass org/eclipse/jface/text/templates/TextTemplateMessages
instanceKlass org/eclipse/jdt/internal/launching/VMDefinitionsContainer
instanceKlass  @bci java/util/regex/Pattern union (Ljava/util/regex/Pattern$CharPredicate;Ljava/util/regex/Pattern$CharPredicate;Z)Ljava/util/regex/Pattern$CharPredicate; 14 <appendix> member <vmtarget> ; # java/util/regex/Pattern$$Lambda+0x000001513434ce70
instanceKlass  @bci org/eclipse/jdt/internal/launching/StandardVMType <clinit> ()V 78 <appendix> argL0 ; # org/eclipse/jdt/internal/launching/StandardVMType$$Lambda+0x0000015134327568
instanceKlass org/codehaus/plexus/util/ReaderFactory
instanceKlass  @bci org/eclipse/jdt/internal/launching/StandardVMType <clinit> ()V 0 <appendix> argL0 ; # org/eclipse/jdt/internal/launching/StandardVMType$$Lambda+0x0000015134327348
instanceKlass org/apache/maven/project/ExtensionDescriptor
instanceKlass org/eclipse/jdt/launching/AbstractVMInstallType
instanceKlass org/eclipse/jface/text/IRegion
instanceKlass org/eclipse/jdt/ls/core/internal/handlers/FormatterHandler
instanceKlass org/apache/maven/project/ExtensionDescriptorBuilder
instanceKlass org/eclipse/jdt/launching/IVMInstallType
instanceKlass org/codehaus/plexus/classworlds/strategy/AbstractStrategy
instanceKlass org/codehaus/plexus/classworlds/strategy/Strategy
instanceKlass org/codehaus/plexus/classworlds/strategy/StrategyFactory
instanceKlass  @bci org/eclipse/m2e/core/internal/embedder/PlexusContainerManager cleanup ()V 16 <appendix> argL0 ; # org/eclipse/m2e/core/internal/embedder/PlexusContainerManager$$Lambda+0x0000015134290e10
instanceKlass org/apache/maven/settings/building/SettingsBuilder
instanceKlass org/eclipse/m2e/core/internal/M2EUtils
instanceKlass org/apache/maven/settings/building/DefaultSettingsBuildingRequest
instanceKlass  @bci org/eclipse/m2e/core/internal/embedder/MavenImpl getSettings (Lorg/eclipse/m2e/core/embedder/MavenSettingsLocations;)Lorg/apache/maven/settings/Settings; 6 <appendix> member <vmtarget> ; # org/eclipse/m2e/core/internal/embedder/MavenImpl$$Lambda+0x00000151342909c0
instanceKlass sun/nio/fs/WindowsPath$1
instanceKlass org/apache/maven/building/Source
instanceKlass org/apache/maven/cli/configuration/SettingsXmlConfigurationProcessor
instanceKlass org/apache/maven/cli/configuration/ConfigurationProcessor
instanceKlass org/apache/commons/lang3/text/StrTokenizer
instanceKlass org/apache/commons/lang3/text/StrBuilder
instanceKlass org/eclipse/jdt/internal/launching/environments/Analyzer
instanceKlass org/eclipse/jdt/launching/environments/IExecutionEnvironmentAnalyzerDelegate
instanceKlass org/apache/commons/lang3/builder/Builder
instanceKlass org/eclipse/jdt/internal/launching/environments/AccessRuleParticipant
instanceKlass  @bci java/util/regex/CharPredicates forUnicodeBlock (Ljava/lang/String;)Ljava/util/regex/Pattern$CharPredicate; 6 <appendix> member <vmtarget> ; # java/util/regex/CharPredicates$$Lambda+0x000001513434c538
instanceKlass org/eclipse/jdt/internal/launching/environments/ExecutionEnvironment$1
instanceKlass org/eclipse/jdt/launching/environments/IAccessRuleParticipant
instanceKlass org/eclipse/jdt/internal/launching/environments/ExecutionEnvironment
instanceKlass  @bci org/eclipse/jdt/internal/launching/environments/EnvironmentsManager initializeExtensions ()V 14 <appendix> argL0 ; # org/eclipse/jdt/internal/launching/environments/EnvironmentsManager$$Lambda+0x0000015134323798
instanceKlass  @bci org/eclipse/jdt/internal/launching/environments/EnvironmentsManager initializeExtensions ()V 9 <appendix> member <vmtarget> ; # org/eclipse/jdt/internal/launching/environments/EnvironmentsManager$$Lambda+0x00000151343234f8
instanceKlass  @cpi com/google/inject/internal/AbstractProcessor 76 form vmentry <vmtarget> ; # java/lang/invoke/LambdaForm$DMH+0x0000015134325000
instanceKlass org/eclipse/jdt/launching/environments/IExecutionEnvironment
instanceKlass org/eclipse/jdt/internal/launching/environments/EnvironmentsManager
instanceKlass org/eclipse/debug/core/model/ISourceLocator
instanceKlass org/eclipse/jdt/internal/launching/sourcelookup/advanced/AdvancedSourceLookupSupport
instanceKlass org/eclipse/debug/internal/core/groups/GroupMemberChangeListener
instanceKlass org/eclipse/core/internal/watson/ElementTreeIterator
instanceKlass  @bci org/eclipse/core/internal/resources/Resource accept (Lorg/eclipse/core/resources/IResourceProxyVisitor;II)V 50 <adapter> ; # java/lang/invoke/LambdaForm$MH+0x0000015134324c00
# instanceKlass java/lang/invoke/LambdaForm$DMH+0x0000015134324800
instanceKlass  @bci org/eclipse/core/internal/resources/Resource accept (Lorg/eclipse/core/resources/IResourceProxyVisitor;II)V 50 <appendix> form vmentry <vmtarget> ; # java/lang/invoke/LambdaForm$DMH+0x0000015134324400
instanceKlass  @bci org/eclipse/core/internal/resources/Resource accept (Lorg/eclipse/core/resources/IResourceProxyVisitor;II)V 50 <appendix> member <vmtarget> ; # org/eclipse/core/internal/resources/Resource$$Lambda+0x00000151342c73f8
instanceKlass  @cpi org/eclipse/core/internal/resources/Resource 1633 form vmentry <vmtarget> ; # java/lang/invoke/LambdaForm$DMH+0x0000015134324000
instanceKlass java/lang/Character$Subset
instanceKlass org/eclipse/core/internal/resources/ResourceProxy
instanceKlass org/eclipse/debug/internal/core/LaunchManager$ResourceProxyVisitor
instanceKlass org/apache/commons/lang3/StringUtils
instanceKlass org/eclipse/core/resources/IResourceProxyVisitor
instanceKlass org/eclipse/debug/core/ILaunchMode
instanceKlass org/eclipse/debug/core/ILaunchDelegate
instanceKlass org/eclipse/debug/core/ILaunchConfiguration
instanceKlass org/eclipse/jdt/launching/StandardClasspathProvider
instanceKlass java/util/DualPivotQuicksort
instanceKlass org/apache/commons/lang3/ArraySorter
instanceKlass org/eclipse/jdt/launching/IVMConnector
instanceKlass org/apache/commons/lang3/text/StrMatcher
instanceKlass org/eclipse/jdt/launching/IRuntimeClasspathEntry
instanceKlass org/apache/commons/lang3/text/StrSubstitutor
instanceKlass org/eclipse/jdt/launching/IRuntimeClasspathEntryResolver
instanceKlass org/eclipse/jdt/launching/environments/IExecutionEnvironmentsManager
instanceKlass org/eclipse/jdt/launching/IVMInstall
instanceKlass org/eclipse/jdt/launching/IRuntimeClasspathProvider
instanceKlass org/eclipse/jdt/launching/JavaRuntime
instanceKlass org/apache/commons/lang3/text/StrLookup
instanceKlass org/eclipse/jdt/ls/core/internal/ResourceUtils
instanceKlass org/eclipse/jdt/internal/launching/LaunchingPlugin$1$1
instanceKlass org/eclipse/jdt/ls/core/internal/preferences/Preferences$ReferencedLibraries
instanceKlass java/util/UUID$Holder
instanceKlass org/eclipse/debug/core/model/IDebugElement
instanceKlass org/eclipse/debug/core/ILaunch
instanceKlass org/eclipse/debug/core/model/ISuspendResume
instanceKlass org/eclipse/debug/core/model/IStepFilters
instanceKlass org/eclipse/debug/core/model/IStep
instanceKlass org/eclipse/debug/core/model/IDropToFrame
instanceKlass org/eclipse/debug/core/model/IDisconnect
instanceKlass org/eclipse/jdt/ls/core/internal/preferences/Preferences
instanceKlass org/eclipse/debug/internal/core/commands/ForEachCommand$ExclusiveRule
instanceKlass org/eclipse/debug/core/commands/AbstractDebugCommand
instanceKlass org/eclipse/debug/core/commands/IStepFiltersHandler
instanceKlass org/eclipse/debug/core/commands/IResumeHandler
instanceKlass org/eclipse/debug/core/commands/ISuspendHandler
instanceKlass org/eclipse/jface/text/templates/TemplateContextType
instanceKlass org/eclipse/debug/core/commands/IDisconnectHandler
instanceKlass org/eclipse/debug/core/commands/IDropToFrameHandler
instanceKlass org/eclipse/jface/text/templates/TemplateVariableResolver
instanceKlass org/eclipse/debug/core/commands/IStepReturnHandler
instanceKlass org/eclipse/debug/core/commands/IStepIntoHandler
instanceKlass org/eclipse/debug/core/commands/IStepOverHandler
instanceKlass org/eclipse/debug/core/commands/ITerminateHandler
instanceKlass org/eclipse/debug/core/commands/IDebugCommandHandler
instanceKlass java/lang/ProcessEnvironment$CheckedEntry
instanceKlass org/eclipse/debug/internal/core/commands/CommandAdapterFactory
instanceKlass java/lang/ProcessEnvironment$CheckedEntrySet$1
instanceKlass org/eclipse/debug/core/DebugPlugin$1$1
instanceKlass java/lang/ProcessEnvironment$EntryComparator
instanceKlass java/lang/ProcessEnvironment$NameComparator
instanceKlass org/eclipse/debug/internal/core/DebugOptions
instanceKlass org/eclipse/jdt/ls/core/internal/Environment
instanceKlass org/eclipse/jdt/ls/core/internal/JDTEnvironmentUtils
instanceKlass org/eclipse/debug/core/DebugPlugin$AsynchRunner
instanceKlass org/eclipse/jdt/ls/core/internal/handlers/LogHandler$1
instanceKlass org/eclipse/debug/core/DebugPlugin$EventNotifier
instanceKlass  @bci sun/util/locale/provider/JRELocaleProviderAdapter getDateFormatProvider ()Ljava/text/spi/DateFormatProvider; 8 <appendix> member <vmtarget> ; # sun/util/locale/provider/JRELocaleProviderAdapter$$Lambda+0x800000064
instanceKlass org/eclipse/jdt/ls/core/internal/handlers/DefaultLogFilter
instanceKlass org/eclipse/jdt/ls/core/internal/handlers/LogHandler
instanceKlass org/eclipse/jdt/internal/core/manipulation/MembersOrderPreferenceCacheCommon
instanceKlass org/eclipse/jdt/core/manipulation/JavaManipulation
instanceKlass org/eclipse/debug/core/IBreakpointManager
instanceKlass org/eclipse/debug/core/IExpressionManager
instanceKlass org/eclipse/debug/core/IMemoryBlockManager
instanceKlass org/eclipse/debug/core/ILaunchManager
instanceKlass java/nio/channels/AsynchronousByteChannel
instanceKlass org/eclipse/debug/core/ILaunchConfigurationListener
instanceKlass java/nio/channels/AsynchronousChannel
instanceKlass org/eclipse/debug/core/model/IProcess
instanceKlass org/eclipse/debug/core/model/ITerminate
instanceKlass java/net/SocketAddress
instanceKlass org/eclipse/jdt/ls/core/internal/syntaxserver/IExtendedProtocol
instanceKlass java/net/Authenticator
instanceKlass org/eclipse/jdt/ls/core/internal/lsp/JavaProtocolExtensions
instanceKlass org/eclipse/lsp4j/services/WorkspaceService
instanceKlass org/eclipse/lsp4j/services/TextDocumentService
instanceKlass org/eclipse/debug/core/IDebugEventSetListener
instanceKlass org/eclipse/debug/core/ILaunchesListener
instanceKlass org/eclipse/lsp4j/services/LanguageServer
instanceKlass org/eclipse/jdt/launching/IVMInstallChangedListener
instanceKlass org/eclipse/jdt/core/ClasspathContainerInitializer
instanceKlass org/eclipse/jdt/ls/core/internal/BaseJDTLanguageServer
instanceKlass org/eclipse/jdt/ls/core/internal/managers/ISourceDownloader
instanceKlass org/eclipse/text/templates/ContextTypeRegistry
instanceKlass org/eclipse/core/runtime/jobs/IJobStatus
instanceKlass org/eclipse/jdt/internal/core/JavaModelManager$20$1
instanceKlass  @bci org/eclipse/jdt/internal/core/search/processing/JobManager reset ()V 38 <appendix> member <vmtarget> ; # org/eclipse/jdt/internal/core/search/processing/JobManager$$Lambda+0x0000015134309ea8
instanceKlass org/eclipse/jdt/internal/core/ExternalAnnotationTracker$DirectoryNode
instanceKlass org/eclipse/jdt/internal/core/ExternalAnnotationTracker
instanceKlass org/eclipse/jdt/internal/core/DeltaProcessor$RootInfo
instanceKlass org/eclipse/jdt/internal/core/JavaProject$ResolvedClasspath
instanceKlass org/eclipse/jdt/internal/core/ClasspathChange
instanceKlass org/eclipse/jdt/internal/core/util/WeakHashSetOfCharArray
instanceKlass org/eclipse/jdt/internal/core/util/WeakHashSet
instanceKlass org/eclipse/jdt/internal/core/util/DeduplicationUtil
instanceKlass org/eclipse/jdt/internal/compiler/env/AccessRule
instanceKlass  @bci jdk/xml/internal/SecuritySupport getResourceBundle (Ljava/lang/String;Ljava/util/Locale;)Ljava/util/ResourceBundle; 2 <appendix> member <vmtarget> ; # jdk/xml/internal/SecuritySupport$$Lambda+0x0000015134349598
instanceKlass com/sun/org/apache/xerces/internal/dom/DOMMessageFormatter
instanceKlass org/w3c/dom/Attr
instanceKlass com/sun/org/apache/xerces/internal/dom/NamedNodeMapImpl
instanceKlass org/w3c/dom/NamedNodeMap
instanceKlass com/sun/org/apache/xerces/internal/dom/CharacterDataImpl$1
instanceKlass org/w3c/dom/Text
instanceKlass org/w3c/dom/CharacterData
instanceKlass com/sun/org/apache/xerces/internal/dom/DeepNodeListImpl
instanceKlass com/sun/org/apache/xerces/internal/dom/DeferredDocumentImpl$RefCount
instanceKlass com/sun/org/apache/xerces/internal/dom/NodeListCache
instanceKlass org/w3c/dom/TypeInfo
instanceKlass org/w3c/dom/ElementTraversal
instanceKlass org/w3c/dom/Element
instanceKlass org/w3c/dom/DocumentType
instanceKlass com/sun/org/apache/xerces/internal/dom/NodeImpl
instanceKlass org/w3c/dom/events/EventTarget
instanceKlass org/w3c/dom/NodeList
instanceKlass org/w3c/dom/Document
instanceKlass org/w3c/dom/ranges/DocumentRange
instanceKlass org/w3c/dom/events/DocumentEvent
instanceKlass org/w3c/dom/traversal/DocumentTraversal
instanceKlass com/sun/org/apache/xerces/internal/dom/DeferredNode
instanceKlass sun/nio/ch/Util$BufferCache
instanceKlass sun/nio/ch/Util
instanceKlass sun/nio/ch/IOStatus
instanceKlass java/nio/channels/NetworkChannel
instanceKlass sun/nio/ch/SelChImpl
instanceKlass sun/nio/ch/Streams
instanceKlass java/nio/channels/Channels
instanceKlass sun/nio/fs/WindowsSecurityDescriptor
instanceKlass org/eclipse/jdt/internal/core/util/Util
instanceKlass org/eclipse/jdt/internal/core/JavaModelManager$SecondaryTypes
instanceKlass org/eclipse/jdt/core/IJavaModelStatusConstants
# instanceKlass java/lang/invoke/LambdaForm$MH+0x0000015134302400
# instanceKlass java/lang/invoke/LambdaForm$MH+0x0000015134302000
instanceKlass org/eclipse/jdt/internal/compiler/ast/TypeOrLambda
instanceKlass org/eclipse/jdt/internal/compiler/CompilationResult
instanceKlass lombok/eclipse/agent/PatchDelegate$BindingTuple
instanceKlass org/eclipse/jdt/internal/compiler/ast/Invocation
instanceKlass org/eclipse/jdt/internal/compiler/ast/IPolyExpression
instanceKlass lombok/eclipse/agent/PatchDelegate
instanceKlass lombok/eclipse/agent/PatchDelegatePortal
instanceKlass lombok/core/LombokNode
instanceKlass lombok/core/DiagnosticsReceiver
instanceKlass lombok/launch/PatchFixesHider$Util
instanceKlass lombok/launch/PatchFixesHider$Delegate
instanceKlass org/eclipse/jdt/internal/core/DeltaProcessingState$RootInfos
instanceKlass org/eclipse/jdt/internal/core/JavaModelManager$PersistedClasspathContainer
instanceKlass org/eclipse/jdt/internal/core/ClasspathAttribute
instanceKlass org/eclipse/jdt/internal/core/ClasspathEntry
instanceKlass org/eclipse/jdt/internal/core/JavaModelManager$PerProjectInfo
instanceKlass org/eclipse/jdt/core/eval/IEvaluationContext
instanceKlass org/eclipse/jdt/internal/compiler/env/IModulePathEntry
instanceKlass org/eclipse/jdt/internal/core/JavaModelManager$VariablesAndContainersLoadHelper
instanceKlass org/eclipse/jdt/internal/core/JavaModelManager$19
instanceKlass org/eclipse/jdt/internal/core/JavaModelManager$18
instanceKlass org/eclipse/jdt/internal/core/JavaModelManager$13
instanceKlass org/eclipse/jdt/internal/core/JavaModelManager$12
instanceKlass  @bci org/eclipse/core/internal/preferences/EclipsePreferences fireNodeEvent (Lorg/eclipse/core/runtime/preferences/IEclipsePreferences$NodeChangeEvent;Z)V 26 <adapter> ; # java/lang/invoke/LambdaForm$MH+0x00000151342f9000
instanceKlass  @bci org/eclipse/core/internal/preferences/EclipsePreferences fireNodeEvent (Lorg/eclipse/core/runtime/preferences/IEclipsePreferences$NodeChangeEvent;Z)V 26 <appendix> form vmentry <vmtarget> ; # java/lang/invoke/LambdaForm$DMH+0x00000151342f8c00
instanceKlass  @bci org/eclipse/core/internal/preferences/EclipsePreferences fireNodeEvent (Lorg/eclipse/core/runtime/preferences/IEclipsePreferences$NodeChangeEvent;Z)V 26 <appendix> member <vmtarget> ; # org/eclipse/core/internal/preferences/EclipsePreferences$$Lambda+0x00000151342543f8
instanceKlass  @cpi org/eclipse/core/internal/preferences/EclipsePreferences 1057 form vmentry <vmtarget> ; # java/lang/invoke/LambdaForm$DMH+0x00000151342f8800
instanceKlass org/eclipse/jdt/internal/formatter/DefaultCodeFormatterOptions
instanceKlass org/eclipse/jdt/core/formatter/DefaultCodeFormatterConstants
instanceKlass org/eclipse/jdt/internal/compiler/util/Util
instanceKlass org/eclipse/jdt/internal/compiler/impl/IrritantSet
instanceKlass org/eclipse/jdt/internal/core/util/ICacheEnumeration
instanceKlass org/eclipse/jdt/internal/formatter/TokenTraverser
instanceKlass org/eclipse/text/edits/TextEdit
instanceKlass org/eclipse/jdt/internal/core/DynamicProjectReferences
instanceKlass org/eclipse/core/resources/IDynamicReferenceProvider
instanceKlass org/eclipse/jdt/core/formatter/CodeFormatter
instanceKlass org/eclipse/core/internal/resources/Workspace$BuildConfigurationComparator
instanceKlass lombok/patcher/scripts/WrapperMethodDescriptor
instanceKlass org/eclipse/core/internal/jobs/JobQueue$2
instanceKlass lombok/patcher/scripts/SetSymbolDuringMethodCallScript$1
instanceKlass org/eclipse/jdt/core/SourceRange
instanceKlass org/eclipse/jdt/internal/compiler/util/JRTUtil$JrtFileVisitor
instanceKlass org/eclipse/jdt/core/IOrdinaryClassFile
instanceKlass org/eclipse/jdt/internal/core/util/ReferenceInfoAdapter
instanceKlass org/eclipse/jdt/internal/compiler/ISourceElementRequestor
instanceKlass org/eclipse/jdt/internal/compiler/env/ISourceType
instanceKlass org/eclipse/jdt/internal/compiler/env/IGenericType
instanceKlass org/eclipse/jdt/core/search/TypeNameMatchRequestor
instanceKlass org/eclipse/jdt/internal/compiler/problem/ProblemHandler
instanceKlass org/eclipse/jdt/core/search/SearchParticipant
instanceKlass org/eclipse/jdt/core/search/IJavaSearchScope
instanceKlass org/eclipse/jdt/core/search/TypeNameMatch
instanceKlass org/eclipse/jdt/core/search/MethodNameMatch
instanceKlass org/eclipse/jdt/internal/compiler/ASTVisitor
instanceKlass org/eclipse/jdt/internal/core/search/IndexQueryRequestor
instanceKlass org/eclipse/jdt/core/search/IParallelizable
instanceKlass org/eclipse/jdt/core/search/SearchPattern
instanceKlass org/eclipse/jdt/internal/core/search/BasicSearchEngine
instanceKlass org/eclipse/jdt/core/ITypeParameter
instanceKlass org/eclipse/jdt/core/ISourceRange
instanceKlass org/eclipse/jdt/core/IAnnotation
instanceKlass org/eclipse/jdt/internal/core/AbstractModule
instanceKlass org/eclipse/jdt/core/IModuleDescription
instanceKlass org/eclipse/jdt/internal/core/NameLookup
instanceKlass org/eclipse/jface/text/IDocument
instanceKlass org/eclipse/jdt/internal/core/JavaModelCache$1
instanceKlass org/eclipse/jdt/internal/compiler/env/IBinaryInfo
instanceKlass org/eclipse/jdt/internal/core/JavaModelCache
instanceKlass org/eclipse/jdt/core/IType
instanceKlass org/eclipse/jdt/core/IAnnotatable
instanceKlass org/eclipse/jdt/core/IMember
instanceKlass org/eclipse/jdt/internal/core/hierarchy/HierarchyBuilder
instanceKlass org/eclipse/jdt/internal/core/hierarchy/TypeHierarchy
instanceKlass org/eclipse/jdt/core/ITypeHierarchy
instanceKlass org/eclipse/jdt/core/dom/ASTNode
instanceKlass org/eclipse/jdt/core/dom/StructuralPropertyDescriptor
instanceKlass org/eclipse/jdt/internal/core/dom/rewrite/RewriteEvent
instanceKlass org/eclipse/jdt/internal/core/dom/rewrite/RewriteEventStore
instanceKlass org/eclipse/jdt/core/dom/ASTVisitor
instanceKlass org/eclipse/jdt/internal/core/DeltaProcessor
instanceKlass org/eclipse/jdt/internal/codeassist/CompletionEngine$1
instanceKlass  @bci org/eclipse/jdt/internal/compiler/lookup/ReferenceBinding <clinit> ()V 58 <appendix> argL0 ; # org/eclipse/jdt/internal/compiler/lookup/ReferenceBinding$$Lambda+0x00000151342d73d8
instanceKlass org/eclipse/jdt/internal/compiler/lookup/ParameterNonNullDefaultProvider
instanceKlass org/eclipse/jdt/internal/compiler/lookup/ReferenceBinding$3
instanceKlass org/eclipse/jdt/internal/compiler/lookup/ReferenceBinding$2
instanceKlass org/eclipse/jdt/internal/compiler/lookup/ReductionResult
instanceKlass org/eclipse/jdt/internal/compiler/lookup/ElementValuePair
instanceKlass org/eclipse/jdt/internal/compiler/lookup/AnnotationBinding
instanceKlass org/eclipse/jdt/internal/compiler/env/IUpdatableModule
instanceKlass org/eclipse/jdt/internal/compiler/lookup/TypeBindingVisitor
instanceKlass org/eclipse/jdt/internal/compiler/lookup/HotSwappable
instanceKlass org/eclipse/jdt/internal/compiler/parser/ScannerHelper
instanceKlass org/eclipse/jdt/core/Signature
instanceKlass org/eclipse/jdt/internal/compiler/lookup/TypeConstants$CloseMethodRecord
instanceKlass org/eclipse/jdt/internal/core/INamingRequestor
instanceKlass org/eclipse/jdt/internal/compiler/lookup/Substitution
instanceKlass org/eclipse/jdt/internal/core/IJavaElementRequestor
instanceKlass org/eclipse/jdt/core/CompletionRequestor
instanceKlass org/eclipse/jdt/core/search/SearchRequestor
instanceKlass org/eclipse/m2e/core/MavenPlugin
instanceKlass org/eclipse/core/internal/resources/ProjectNatureDescriptor
instanceKlass  @bci org/eclipse/core/internal/resources/CheckMissingNaturesListener resourceChanged (Lorg/eclipse/core/resources/IResourceChangeEvent;)V 25 <appendix> member <vmtarget> ; # org/eclipse/core/internal/resources/CheckMissingNaturesListener$$Lambda+0x00000151342c5f50
instanceKlass org/eclipse/core/internal/events/NotificationManager$1
instanceKlass  @bci org/eclipse/core/internal/events/ResourceChangeListenerList getListeners ()[Lorg/eclipse/core/internal/events/ResourceChangeListenerList$ListenerEntry; 4 <appendix> argL0 ; # org/eclipse/core/internal/events/ResourceChangeListenerList$$Lambda+0x00000151342c5af0
instanceKlass org/eclipse/core/internal/events/NodeIDMap
instanceKlass org/eclipse/core/internal/events/ResourceDeltaInfo
instanceKlass org/eclipse/core/internal/dtree/NodeComparison
instanceKlass org/eclipse/core/internal/events/ResourceDeltaFactory
instanceKlass org/eclipse/core/resources/IMarkerDelta
instanceKlass org/eclipse/core/internal/events/ResourceComparator
instanceKlass  @bci org/eclipse/core/internal/jobs/JobManager cancel (Lorg/eclipse/core/internal/jobs/InternalJob;)Z 15 <appendix> member <vmtarget> ; # org/eclipse/core/internal/jobs/JobManager$$Lambda+0x00000151342071a0
instanceKlass lombok/patcher/scripts/ReplaceMethodCallScript$1
instanceKlass org/eclipse/jdt/internal/codeassist/complete/CompletionNode
instanceKlass org/eclipse/jdt/internal/compiler/lookup/Binding
instanceKlass org/eclipse/jdt/internal/codeassist/MissingTypesGuesser$GuessedTypeRequestor
instanceKlass org/eclipse/jdt/internal/codeassist/UnresolvedReferenceNameFinder$UnresolvedReferenceNameRequestor
instanceKlass org/eclipse/jdt/core/CompletionProposal
instanceKlass org/eclipse/jdt/internal/compiler/lookup/Scope
instanceKlass org/eclipse/jdt/core/compiler/IProblem
instanceKlass org/eclipse/jdt/core/CompletionContext
instanceKlass org/eclipse/jdt/internal/compiler/lookup/InvocationSite
instanceKlass org/eclipse/jdt/internal/compiler/ast/ASTNode
instanceKlass org/eclipse/jdt/internal/codeassist/impl/Engine
instanceKlass org/eclipse/jdt/internal/codeassist/ICompletionEngine
instanceKlass org/eclipse/jdt/internal/codeassist/RelevanceConstants
instanceKlass org/eclipse/jdt/internal/compiler/lookup/TypeConstants
instanceKlass org/eclipse/jdt/internal/codeassist/ISearchRequestor
instanceKlass org/eclipse/jdt/internal/compiler/impl/ReferenceContext
instanceKlass org/eclipse/jdt/internal/compiler/ICompilerRequestor
instanceKlass org/eclipse/jdt/internal/compiler/Compiler
instanceKlass org/eclipse/jdt/internal/compiler/problem/ProblemSeverities
instanceKlass org/eclipse/jdt/internal/compiler/impl/ITypeRequestor
instanceKlass org/eclipse/jdt/internal/compiler/env/INameEnvironment
instanceKlass org/eclipse/jdt/internal/core/builder/ClasspathLocation
instanceKlass org/eclipse/jdt/core/IBuffer
instanceKlass org/eclipse/jdt/core/IBufferFactory
instanceKlass org/eclipse/jdt/internal/core/BufferManager
instanceKlass org/eclipse/jdt/internal/core/JavaModelManager$8
instanceKlass  @bci org/eclipse/jdt/internal/core/JavaModelManager <clinit> ()V 139 <appendix> argL0 ; # org/eclipse/jdt/internal/core/JavaModelManager$$Lambda+0x00000151342af4c8
instanceKlass  @bci org/eclipse/jdt/internal/core/search/indexing/IndexNamesRegistry <init> (Ljava/io/File;Lorg/eclipse/core/runtime/IPath;)V 24 <appendix> member <vmtarget> ; # org/eclipse/jdt/internal/core/search/indexing/IndexNamesRegistry$$Lambda+0x00000151342af2a0
instanceKlass org/eclipse/jdt/internal/core/search/indexing/IndexNamesRegistry
instanceKlass org/eclipse/jdt/internal/compiler/util/SimpleLookupTable
instanceKlass org/eclipse/jdt/internal/core/index/IndexLocation
instanceKlass org/eclipse/jdt/internal/compiler/parser/Parser
instanceKlass org/eclipse/jdt/internal/compiler/lookup/TypeIds
instanceKlass org/eclipse/jdt/internal/compiler/ast/OperatorIds
instanceKlass org/eclipse/jdt/internal/compiler/parser/ConflictedParser
instanceKlass org/eclipse/jdt/internal/compiler/parser/ParserBasicInformation
instanceKlass org/eclipse/jdt/internal/compiler/IProblemFactory
instanceKlass org/eclipse/jdt/internal/core/search/indexing/IndexRequest
instanceKlass org/eclipse/jdt/internal/core/search/processing/JobManager
instanceKlass org/eclipse/jdt/internal/core/search/indexing/IIndexConstants
instanceKlass  @bci org/eclipse/jdt/internal/core/JavaModelManager <init> ()V 404 <appendix> argL0 ; # org/eclipse/jdt/internal/core/JavaModelManager$$Lambda+0x00000151342a7550
instanceKlass org/eclipse/jdt/internal/core/JavaModelManager$3
instanceKlass org/eclipse/jdt/internal/core/JavaModelManager$2
instanceKlass org/eclipse/jdt/internal/core/JavaModelManager$EclipsePreferencesListener
instanceKlass org/eclipse/jdt/core/IElementChangedListener
instanceKlass org/eclipse/jdt/internal/core/DeltaProcessingState
instanceKlass org/eclipse/jdt/internal/core/ExternalFoldersManager
instanceKlass org/eclipse/jdt/internal/core/util/Util$Comparer
instanceKlass org/eclipse/jdt/internal/core/JavaModelManager$CompilationParticipants
instanceKlass org/eclipse/jdt/internal/core/BatchInitializationMonitor
instanceKlass org/eclipse/core/resources/IFileState
instanceKlass org/eclipse/jdt/internal/core/JavaModelOperation
instanceKlass org/eclipse/jdt/internal/core/JavaElementInfo
instanceKlass org/eclipse/jdt/internal/codeassist/ISelectionRequestor
instanceKlass org/eclipse/jdt/internal/compiler/env/IElementInfo
instanceKlass org/eclipse/jdt/internal/core/JavaModelManager$1
instanceKlass org/eclipse/jdt/internal/core/search/processing/IJob
instanceKlass org/eclipse/jdt/core/IAccessRule
instanceKlass org/eclipse/jdt/internal/core/search/IRestrictedAccessTypeRequestor
instanceKlass org/eclipse/jdt/internal/core/util/LRUCache
instanceKlass org/eclipse/jdt/core/IJavaElementDelta
instanceKlass org/eclipse/jdt/internal/compiler/util/SuffixConstants
instanceKlass org/eclipse/jdt/internal/compiler/env/ICompilationUnit
instanceKlass org/eclipse/jdt/internal/compiler/env/IDependent
instanceKlass org/eclipse/jdt/core/ICompilationUnit
instanceKlass org/lombokweb/asm/Handle
instanceKlass org/eclipse/jdt/core/IBufferChangedListener
instanceKlass org/eclipse/jdt/core/IPackageFragmentRoot
instanceKlass org/eclipse/core/internal/resources/MarkerManager$1
instanceKlass org/eclipse/jdt/core/IClassFile
instanceKlass org/eclipse/jdt/core/ITypeRoot
instanceKlass org/eclipse/jdt/core/ICodeAssist
instanceKlass org/eclipse/jdt/core/ISourceReference
instanceKlass org/eclipse/jdt/core/IPackageFragment
instanceKlass org/eclipse/jdt/core/ISourceManipulation
instanceKlass org/eclipse/jdt/internal/compiler/util/Util$Displayable
instanceKlass org/eclipse/jdt/core/IJavaModelStatus
instanceKlass org/eclipse/jdt/core/IJavaProject
instanceKlass org/eclipse/jdt/core/IClasspathContainer
instanceKlass org/eclipse/jdt/internal/core/JavaModelManager
instanceKlass  @bci java/util/Comparator comparingDouble (Ljava/util/function/ToDoubleFunction;)Ljava/util/Comparator; 6 <appendix> member <vmtarget> ; # java/util/Comparator$$Lambda+0x00000151341fa4c0
instanceKlass  @bci org/eclipse/jdt/core/JavaCore <clinit> ()V 200 <appendix> argL0 ; # org/eclipse/jdt/core/JavaCore$$Lambda+0x0000015134297a10
instanceKlass  @cpi org/eclipse/jdt/core/JavaCore 2471 form vmentry <vmtarget> ; # java/lang/invoke/LambdaForm$DMH+0x0000015134298c00
# instanceKlass java/lang/invoke/LambdaForm$DMH+0x0000015134298800
instanceKlass java/util/function/ToDoubleFunction
instanceKlass org/eclipse/jdt/core/compiler/CharOperation
instanceKlass org/eclipse/jdt/internal/compiler/impl/CompilerOptions
instanceKlass java/util/AbstractList$SubList$1
instanceKlass org/eclipse/jdt/core/search/TypeNameRequestor
instanceKlass org/eclipse/core/resources/filtermatchers/AbstractFileInfoMatcher
instanceKlass org/eclipse/core/internal/resources/Filter
instanceKlass org/eclipse/jdt/core/IRegion
instanceKlass org/eclipse/jdt/internal/compiler/env/IModule
instanceKlass org/eclipse/jdt/core/IClasspathAttribute
instanceKlass org/eclipse/jdt/core/IWorkingCopy
instanceKlass org/eclipse/jdt/core/IClasspathEntry
instanceKlass org/eclipse/jdt/core/IJavaModel
instanceKlass org/eclipse/jdt/core/IParent
instanceKlass org/eclipse/jdt/core/IOpenable
instanceKlass org/eclipse/jdt/core/IJavaElement
instanceKlass org/eclipse/core/resources/IWorkspaceRunnable
instanceKlass  @bci org/eclipse/jdt/ls/core/internal/filesystem/JLSFile childNames (ILorg/eclipse/core/runtime/IProgressMonitor;)[Ljava/lang/String; 152 <appendix> argL0 ; # org/eclipse/jdt/ls/core/internal/filesystem/JLSFile$$Lambda+0x00000151341c8d28
instanceKlass org/eclipse/core/internal/localstore/UnifiedTreeNode
instanceKlass org/eclipse/core/internal/localstore/UnifiedTree
instanceKlass org/eclipse/jdt/core/WorkingCopyOwner
instanceKlass org/eclipse/jdt/ls/core/contentassist/ICompletionContributionService
instanceKlass  @bci org/eclipse/core/internal/jobs/JobManager reportBlocked (Lorg/eclipse/core/runtime/IProgressMonitor;Ljava/util/Collection;)V 6 <appendix> argL0 ; # org/eclipse/core/internal/jobs/JobManager$$Lambda+0x0000015134206d58
instanceKlass org/eclipse/core/runtime/SubMonitor$RootInfo
instanceKlass org/eclipse/jdt/ls/core/internal/preferences/PreferenceManager
instanceKlass  @bci org/eclipse/core/internal/jobs/OrderedLock enqueue (Lorg/eclipse/core/internal/jobs/Semaphore;)Lorg/eclipse/core/internal/jobs/Semaphore; 10 <appendix> member <vmtarget> ; # org/eclipse/core/internal/jobs/OrderedLock$$Lambda+0x0000015134206b00
instanceKlass java/util/ArrayDeque$DeqSpliterator
instanceKlass org/eclipse/core/internal/jobs/Semaphore
instanceKlass java/util/concurrent/locks/ReentrantReadWriteLock$Sync$HoldCounter
instanceKlass org/eclipse/m2e/core/internal/repository/IRepositoryDiscoverer
instanceKlass org/eclipse/m2e/core/internal/repository/IRepositoryIndexer
instanceKlass org/apache/maven/wagon/authentication/AuthenticationInfo
instanceKlass org/eclipse/m2e/core/internal/repository/RepositoryInfo
instanceKlass org/eclipse/m2e/core/repository/IRepository
instanceKlass org/eclipse/m2e/core/internal/repository/RepositoryRegistry
instanceKlass org/eclipse/m2e/core/repository/IRepositoryRegistry
instanceKlass org/eclipse/m2e/core/internal/project/WorkspaceStateWriter
instanceKlass  @bci org/eclipse/core/internal/runtime/AdapterManager registerFactory (Lorg/eclipse/core/runtime/IAdapterFactory;Ljava/lang/String;)V 5 <appendix> argL0 ; # org/eclipse/core/internal/runtime/AdapterManager$$Lambda+0x00000151341a5398
instanceKlass org/eclipse/m2e/core/project/configurator/ILifecycleMapping
instanceKlass org/eclipse/m2e/core/project/IProjectCreationListener
instanceKlass org/eclipse/m2e/core/project/ProjectImportConfiguration
instanceKlass org/eclipse/m2e/core/project/MavenProjectInfo
instanceKlass org/eclipse/aether/graph/DependencyNode
instanceKlass org/eclipse/m2e/core/internal/project/registry/MavenProjectManager
instanceKlass org/eclipse/m2e/core/project/IMavenProjectRegistry
instanceKlass org/eclipse/aether/graph/DependencyVisitor
instanceKlass org/eclipse/aether/graph/DependencyFilter
instanceKlass org/eclipse/aether/collection/DependencyGraphTransformer
instanceKlass org/eclipse/aether/util/graph/transformer/ConflictResolver$VersionSelector
instanceKlass org/eclipse/aether/util/graph/transformer/ConflictResolver$ScopeSelector
instanceKlass org/eclipse/aether/util/graph/transformer/ConflictResolver$OptionalitySelector
instanceKlass org/eclipse/aether/util/graph/transformer/ConflictResolver$ScopeDeriver
instanceKlass javax/xml/transform/Source
instanceKlass javax/xml/transform/Result
instanceKlass org/w3c/dom/Node
instanceKlass org/eclipse/m2e/core/embedder/MavenModelManager
instanceKlass org/eclipse/m2e/core/project/configurator/ILifecycleMappingConfiguration
instanceKlass org/eclipse/m2e/core/internal/project/ProjectConfigurationManager
instanceKlass org/eclipse/m2e/core/project/IProjectConfigurationManager
instanceKlass org/eclipse/core/runtime/jobs/IJobFunction
instanceKlass org/eclipse/m2e/core/project/MavenUpdateRequest
instanceKlass java/io/ObjectStreamClass$ExceptionInfo
instanceKlass org/eclipse/m2e/core/internal/project/registry/MavenProjectFacade$MavenProjectConfiguration
instanceKlass org/apache/maven/artifact/versioning/VersionRange
instanceKlass org/codehaus/plexus/util/xml/pull/XmlSerializer
instanceKlass org/codehaus/plexus/util/xml/XMLWriter
instanceKlass java/io/ObjectStreamClass$5
instanceKlass java/io/ObjectStreamClass$4
instanceKlass java/io/ObjectStreamClass$3
instanceKlass java/io/ObjectStreamClass$MemberSignature
instanceKlass java/io/ObjectStreamClass$1
instanceKlass org/codehaus/plexus/util/xml/Xpp3Dom
instanceKlass org/eclipse/m2e/core/internal/lifecyclemapping/model/LifecycleMappingMetadataSource
instanceKlass org/eclipse/m2e/core/internal/lifecyclemapping/model/PluginExecutionFilter
instanceKlass org/eclipse/m2e/core/internal/lifecyclemapping/model/PluginExecutionMetadata
instanceKlass org/eclipse/m2e/core/lifecyclemapping/model/IPluginExecutionMetadata
# instanceKlass java/lang/invoke/LambdaForm$MH+0x000001513428c400
# instanceKlass java/lang/invoke/LambdaForm$MH+0x000001513428c000
# instanceKlass java/lang/invoke/LambdaForm$DMH+0x000001513428bc00
# instanceKlass java/lang/invoke/LambdaForm$MH+0x000001513428b800
# instanceKlass java/lang/invoke/LambdaForm$DMH+0x000001513428b400
# instanceKlass java/lang/invoke/LambdaForm$MH+0x000001513428b000
# instanceKlass java/lang/invoke/LambdaForm$MH+0x000001513428ac00
# instanceKlass java/lang/invoke/LambdaForm$MH+0x000001513428a800
# instanceKlass java/lang/invoke/LambdaForm$MH+0x000001513428a400
# instanceKlass java/lang/invoke/LambdaForm$MH+0x000001513428a000
# instanceKlass java/lang/invoke/LambdaForm$MH+0x0000015134289c00
# instanceKlass java/lang/invoke/LambdaForm$MH+0x0000015134289800
# instanceKlass java/lang/invoke/LambdaForm$MH+0x0000015134289000
# instanceKlass java/lang/invoke/LambdaForm$MH+0x0000015134288c00
# instanceKlass java/lang/invoke/LambdaForm$MH+0x0000015134288800
# instanceKlass java/lang/invoke/LambdaForm$MH+0x0000015134288400
# instanceKlass java/lang/invoke/LambdaForm$MH+0x0000015134288000
# instanceKlass java/lang/invoke/LambdaForm$MH+0x0000015134287c00
# instanceKlass java/lang/invoke/LambdaForm$MH+0x0000015134287800
# instanceKlass java/lang/invoke/LambdaForm$DMH+0x0000015134287400
instanceKlass java/util/CollSer
# instanceKlass java/lang/invoke/LambdaForm$MH+0x0000015134285c00
# instanceKlass java/lang/invoke/LambdaForm$MH+0x0000015134285800
# instanceKlass java/lang/invoke/LambdaForm$MH+0x0000015134285400
# instanceKlass java/lang/invoke/LambdaForm$MH+0x0000015134285000
# instanceKlass java/lang/invoke/LambdaForm$MH+0x0000015134284c00
instanceKlass  @bci java/lang/invoke/BootstrapMethodInvoker invoke (Ljava/lang/Class;Ljava/lang/invoke/MethodHandle;Ljava/lang/String;Ljava/lang/Object;Ljava/lang/Object;Ljava/lang/Class;)Ljava/lang/Object; 894 <adapter> ; # java/lang/invoke/LambdaForm$MH+0x0000015134284800
# instanceKlass java/lang/invoke/LambdaForm$MH+0x0000015134284400
# instanceKlass java/lang/invoke/LambdaForm$MH+0x0000015134284000
# instanceKlass java/lang/invoke/LambdaForm$MH+0x0000015134283c00
# instanceKlass java/lang/invoke/LambdaForm$MH+0x0000015134283800
instanceKlass org/eclipse/m2e/core/project/ResolverConfiguration
instanceKlass java/io/FileFilter
# instanceKlass java/lang/invoke/LambdaForm$MH+0x0000015134282c00
# instanceKlass java/lang/invoke/LambdaForm$MH+0x0000015134282800
# instanceKlass java/lang/invoke/LambdaForm$MH+0x0000015134282400
# instanceKlass java/lang/invoke/LambdaForm$MH+0x0000015134282000
# instanceKlass java/lang/invoke/LambdaForm$MH+0x0000015134281c00
instanceKlass  @bci java/lang/invoke/BootstrapMethodInvoker invoke (Ljava/lang/Class;Ljava/lang/invoke/MethodHandle;Ljava/lang/String;Ljava/lang/Object;Ljava/lang/Object;Ljava/lang/Class;)Ljava/lang/Object; 930 <adapter> ; # java/lang/invoke/LambdaForm$MH+0x0000015134281800
# instanceKlass java/lang/invoke/LambdaForm$MH+0x0000015134281400
# instanceKlass java/lang/invoke/LambdaForm$MH+0x0000015134281000
# instanceKlass java/lang/invoke/LambdaForm$MH+0x0000015134280c00
# instanceKlass java/lang/invoke/LambdaForm$MH+0x0000015134280800
# instanceKlass java/lang/invoke/LambdaForm$MH+0x0000015134280400
instanceKlass  @bci org/eclipse/lsp4j/jsonrpc/services/GenericEndpoint recursiveFindRpcMethods (Ljava/lang/Object;Ljava/util/Set;Ljava/util/Set;)V 24 <appendix> form vmentry <vmtarget> ; # java/lang/invoke/LambdaForm$DMH+0x0000015134280000
instanceKlass org/apache/maven/artifact/versioning/ArtifactVersion
instanceKlass org/eclipse/m2e/core/internal/project/registry/RequiredCapability
instanceKlass  @bci org/eclipse/jdt/internal/core/JrtPackageFragmentRoot$JrtModuleKey hashCode ()I 1 <adapter> ; # java/lang/invoke/LambdaForm$MH+0x000001513427f000
instanceKlass  @bci org/eclipse/jdt/internal/core/JrtPackageFragmentRoot$JrtModuleKey hashCode ()I 1 <appendix> form vmentry <vmtarget> ; # java/lang/invoke/LambdaForm$MH+0x000001513427ec00
# instanceKlass java/lang/invoke/LambdaForm$MH+0x000001513427e800
# instanceKlass java/lang/invoke/LambdaForm$MH+0x000001513427e400
instanceKlass  @bci org/eclipse/jdt/internal/core/JrtPackageFragmentRoot$JrtModuleKey hashCode ()I 1 <appendix> form names 7 function resolvedHandle form vmentry <vmtarget> ; # java/lang/invoke/LambdaForm$DMH+0x000001513427e000
instanceKlass  @bci org/eclipse/jdt/internal/core/JrtPackageFragmentRoot$JrtModuleKey hashCode ()I 1 <appendix> argL2 argL2 argL2 form vmentry <vmtarget> ; # java/lang/invoke/LambdaForm$MH+0x000001513427dc00
instanceKlass  @bci java/lang/runtime/ObjectMethods bootstrap (Ljava/lang/invoke/MethodHandles$Lookup;Ljava/lang/String;Ljava/lang/invoke/TypeDescriptor;Ljava/lang/Class;Ljava/lang/String;[Ljava/lang/invoke/MethodHandle;)Ljava/lang/Object; 37 <appendix> argL0 ; # java/lang/runtime/ObjectMethods$$Lambda+0x0000015134058c88
# instanceKlass java/lang/invoke/LambdaForm$DMH+0x000001513427d800
# instanceKlass java/lang/invoke/LambdaForm$DMH+0x000001513427d400
# instanceKlass java/lang/invoke/LambdaForm$DMH+0x000001513427d000
# instanceKlass java/lang/invoke/LambdaForm$DMH+0x000001513427cc00
# instanceKlass java/lang/invoke/LambdaForm$DMH+0x000001513427c800
# instanceKlass java/lang/invoke/LambdaForm$DMH+0x000001513427c400
# instanceKlass java/lang/invoke/LambdaForm$DMH+0x000001513427c000
# instanceKlass java/lang/invoke/LambdaForm$DMH+0x00000151341aac00
# instanceKlass java/lang/invoke/LambdaForm$DMH+0x00000151341aa800
# instanceKlass java/lang/invoke/LambdaForm$DMH+0x00000151341aa400
instanceKlass  @cpi org/eclipse/jdt/internal/compiler/lookup/ModuleBinding 947 form vmentry <vmtarget> ; # java/lang/invoke/LambdaForm$DMH+0x00000151341aa000
instanceKlass java/lang/runtime/ObjectMethods$1
# instanceKlass java/lang/invoke/LambdaForm$MH+0x00000151341a8800
# instanceKlass java/lang/invoke/LambdaForm$MH+0x00000151341a9c00
# instanceKlass java/lang/invoke/LambdaForm$MH+0x00000151341ab000
# instanceKlass java/lang/invoke/LambdaForm$MH+0x000001513427bc00
# instanceKlass java/lang/invoke/LambdaForm$MH+0x000001513427b800
# instanceKlass java/lang/invoke/LambdaForm$MH+0x000001513427b400
instanceKlass java/lang/invoke/MethodHandleImpl$Makers$2
instanceKlass java/lang/invoke/MethodHandleImpl$Makers$1
instanceKlass java/lang/invoke/MethodHandleImpl$Makers
instanceKlass  @bci java/lang/invoke/BootstrapMethodInvoker invoke (Ljava/lang/Class;Ljava/lang/invoke/MethodHandle;Ljava/lang/String;Ljava/lang/Object;Ljava/lang/Object;Ljava/lang/Class;)Ljava/lang/Object; 862 <adapter> ; # java/lang/invoke/LambdaForm$MH+0x000001513427b000
# instanceKlass java/lang/invoke/LambdaForm$DMH+0x000001513427ac00
instanceKlass java/lang/runtime/ObjectMethods
# instanceKlass java/lang/invoke/LambdaForm$MH+0x000001513427a800
# instanceKlass java/lang/invoke/LambdaForm$MH+0x000001513427a400
# instanceKlass java/lang/invoke/LambdaForm$MH+0x000001513427a000
# instanceKlass java/lang/invoke/LambdaForm$DMH+0x0000015134279c00
# instanceKlass java/lang/invoke/LambdaForm$MH+0x0000015134279800
# instanceKlass java/lang/invoke/LambdaForm$MH+0x0000015134279400
# instanceKlass java/lang/invoke/LambdaForm$MH+0x0000015134279000
instanceKlass  @bci java/io/ObjectStreamClass$RecordSupport deserializationCtr (Ljava/io/ObjectStreamClass;)Ljava/lang/invoke/MethodHandle; 46 <appendix> member <vmtarget> ; # java/io/ObjectStreamClass$RecordSupport$$Lambda+0x00000151341f5f48
# instanceKlass java/lang/invoke/LambdaForm$MH+0x0000015134278c00
# instanceKlass java/lang/invoke/LambdaForm$MH+0x0000015134278800
# instanceKlass java/lang/invoke/LambdaForm$MH+0x0000015134278400
# instanceKlass java/lang/invoke/LambdaForm$MH+0x0000015134278000
# instanceKlass java/lang/invoke/LambdaForm$MH+0x0000015134277c00
# instanceKlass java/io/ObjectStreamClass$RecordSupport$$InjectedInvoker+0x0000015134277800
# instanceKlass java/lang/invoke/LambdaForm$MH+0x0000015134277400
instanceKlass java/io/ObjectStreamClass$DeserializationConstructorsCache$Key
# instanceKlass java/lang/invoke/LambdaForm$DMH+0x0000015134277000
# instanceKlass java/lang/invoke/LambdaForm$DMH+0x0000015134276c00
# instanceKlass java/lang/invoke/LambdaForm$DMH+0x0000015134276800
instanceKlass java/io/ObjectStreamClass$RecordSupport
instanceKlass  @bci java/io/ObjectStreamClass lambda$canonicalRecordCtr$2 (Ljava/lang/Class;)Ljava/lang/invoke/MethodHandle; 17 <appendix> argL0 ; # java/io/ObjectStreamClass$$Lambda+0x00000151341f5130
instanceKlass  @bci java/io/ObjectStreamClass lambda$canonicalRecordCtr$2 (Ljava/lang/Class;)Ljava/lang/invoke/MethodHandle; 7 <appendix> argL0 ; # java/io/ObjectStreamClass$$Lambda+0x00000151341f4ef0
instanceKlass  @bci java/io/ObjectStreamClass canonicalRecordCtr (Ljava/lang/Class;)Ljava/lang/invoke/MethodHandle; 42 <appendix> member <vmtarget> ; # java/io/ObjectStreamClass$$Lambda+0x00000151341f4cc8
instanceKlass org/eclipse/m2e/core/internal/project/registry/ProjectRegistryReader$MavenProjectManagerImplReplace
instanceKlass org/eclipse/m2e/core/internal/project/registry/ProjectRegistryReader$IPathReplace
instanceKlass org/eclipse/m2e/core/internal/project/registry/ProjectRegistryReader$IFileReplace
instanceKlass java/util/HashMap$UnsafeHolder
instanceKlass java/io/SerialCallbackContext
instanceKlass java/io/ObjectInputStream$GetField
instanceKlass java/io/ObjectStreamClass$ClassDataSlot
instanceKlass java/io/ObjectStreamClass$FieldReflector
instanceKlass java/io/ObjectStreamClass$FieldReflectorKey
instanceKlass jdk/internal/reflect/ClassDefiner$1
instanceKlass jdk/internal/reflect/ClassDefiner
instanceKlass jdk/internal/reflect/MethodAccessorGenerator$1
instanceKlass jdk/internal/reflect/Label$PatchInfo
instanceKlass jdk/internal/reflect/Label
instanceKlass jdk/internal/reflect/UTF8
instanceKlass jdk/internal/reflect/ClassFileAssembler
instanceKlass jdk/internal/reflect/ByteVectorImpl
instanceKlass jdk/internal/reflect/ByteVector
instanceKlass jdk/internal/reflect/ByteVectorFactory
instanceKlass jdk/internal/reflect/AccessorGenerator
instanceKlass jdk/internal/reflect/ClassFileConstants
instanceKlass  @bci jdk/internal/reflect/MethodHandleLongFieldAccessorImpl getLong (Ljava/lang/Object;)J 11 <adapter> ; # java/lang/invoke/LambdaForm$MH+0x0000015134274400
# instanceKlass java/lang/invoke/LambdaForm$DMH+0x0000015134274000
instanceKlass java/io/ObjectStreamClass$2
instanceKlass java/io/ClassCache
instanceKlass java/io/ObjectStreamClass$Caches
instanceKlass sun/reflect/misc/ReflectUtil
instanceKlass java/io/ObjectStreamClass
instanceKlass  @bci java/io/ObjectInputFilter$Config <clinit> ()V 368 <appendix> argL0 ; # java/io/ObjectInputFilter$Config$$Lambda+0x00000151341ef820
instanceKlass jdk/internal/access/JavaObjectInputFilterAccess
instanceKlass java/io/ObjectInputFilter$Config$BuiltinFilterFactory
instanceKlass  @bci java/io/ObjectInputFilter$Config <clinit> ()V 80 <appendix> argL0 ; # java/io/ObjectInputFilter$Config$$Lambda+0x00000151341ef1b8
instanceKlass  @bci java/io/ObjectInputFilter$Config <clinit> ()V 56 <appendix> argL0 ; # java/io/ObjectInputFilter$Config$$Lambda+0x00000151341eef98
instanceKlass java/io/ObjectInputFilter
instanceKlass java/io/ObjectInputFilter$Config
instanceKlass java/io/ObjectInputStream$ValidationList
instanceKlass java/io/ObjectInputStream$HandleTable$HandleList
instanceKlass java/io/ObjectInputStream$HandleTable
instanceKlass  @bci java/io/ObjectInputStream <clinit> ()V 100 <appendix> argL0 ; # java/io/ObjectInputStream$$Lambda+0x00000151341eda18
instanceKlass jdk/internal/access/JavaObjectInputStreamReadString
instanceKlass  @bci java/io/ObjectInputStream <clinit> ()V 92 <appendix> argL0 ; # java/io/ObjectInputStream$$Lambda+0x00000151341ed5f8
instanceKlass jdk/internal/access/JavaObjectInputStreamAccess
instanceKlass org/apache/maven/execution/MavenExecutionRequest
instanceKlass org/eclipse/m2e/core/project/IMavenProjectChangedListener
instanceKlass org/apache/maven/project/ProjectBuildingResult
instanceKlass org/eclipse/core/runtime/SubMonitor
instanceKlass org/eclipse/m2e/core/internal/project/registry/DependencyResolutionContext
instanceKlass org/eclipse/m2e/core/internal/project/registry/MavenProjectFacade
instanceKlass com/google/common/cache/LocalCache$AbstractReferenceEntry
instanceKlass java/util/concurrent/atomic/AtomicReferenceArray
instanceKlass com/google/common/cache/LocalCache$LoadingValueReference
instanceKlass com/google/common/cache/Weigher
instanceKlass com/google/common/base/Predicate
instanceKlass com/google/common/base/Equivalence
instanceKlass java/util/function/BiPredicate
instanceKlass com/google/common/base/MoreObjects
instanceKlass com/google/common/cache/LocalCache$1
instanceKlass com/google/common/cache/ReferenceEntry
instanceKlass com/google/common/cache/LocalCache$ValueReference
instanceKlass com/google/common/cache/LocalCache$LocalManualCache
instanceKlass com/google/common/cache/CacheLoader
instanceKlass  @bci org/eclipse/m2e/core/internal/project/registry/MavenProjectCache <init> ()V 25 <appendix> member <vmtarget> ; # org/eclipse/m2e/core/internal/project/registry/MavenProjectCache$$Lambda+0x0000015134264228
instanceKlass org/eclipse/m2e/core/internal/project/registry/MavenProjectCache$CacheLine
instanceKlass  @bci org/eclipse/m2e/core/internal/project/registry/MavenProjectCache <init> ()V 16 <appendix> member <vmtarget> ; # org/eclipse/m2e/core/internal/project/registry/MavenProjectCache$$Lambda+0x0000015134264000
instanceKlass com/google/common/cache/RemovalListener
instanceKlass com/google/common/cache/CacheBuilder$2
instanceKlass com/google/common/base/Preconditions
instanceKlass com/google/common/cache/CacheStats
instanceKlass com/google/common/base/Suppliers$SupplierOfInstance
instanceKlass com/google/common/base/Suppliers
instanceKlass com/google/common/cache/CacheBuilder$1
instanceKlass com/google/common/cache/AbstractCache$StatsCounter
instanceKlass com/google/common/base/Ticker
instanceKlass com/google/common/base/Supplier
instanceKlass com/google/common/cache/CacheBuilder
instanceKlass com/google/common/cache/LoadingCache
instanceKlass com/google/common/base/Function
instanceKlass com/google/common/cache/Cache
instanceKlass org/eclipse/m2e/core/internal/preferences/MavenPreferenceConstants
instanceKlass org/eclipse/m2e/core/internal/embedder/MavenExecutionContext
instanceKlass org/eclipse/m2e/core/embedder/ILocalRepositoryListener
instanceKlass org/apache/maven/model/ModelBase
instanceKlass org/apache/maven/wagon/proxy/ProxyInfo
instanceKlass org/apache/maven/execution/MavenSession
instanceKlass org/apache/maven/project/ProjectBuildingRequest
instanceKlass org/apache/maven/lifecycle/MavenExecutionPlan
instanceKlass org/eclipse/m2e/core/internal/embedder/MavenImpl$MavenSettings
instanceKlass org/apache/maven/model/building/ModelProblemCollectorRequest
instanceKlass org/apache/maven/model/ConfigurationContainer
instanceKlass org/apache/maven/model/InputLocationTracker
instanceKlass org/apache/maven/settings/TrackableBase
instanceKlass org/apache/maven/plugin/MojoExecution
instanceKlass org/eclipse/m2e/core/embedder/ICallable
instanceKlass org/apache/maven/artifact/Artifact
instanceKlass org/eclipse/m2e/core/embedder/ISettingsChangeListener
instanceKlass org/eclipse/sisu/inject/MildKeys
instanceKlass org/eclipse/sisu/inject/Weak
instanceKlass com/google/inject/matcher/AbstractMatcher
instanceKlass com/google/inject/matcher/Matcher
instanceKlass com/google/inject/Module
instanceKlass com/google/inject/spi/TypeConverter
instanceKlass org/codehaus/plexus/component/configurator/converters/ParameterizedConfigurationConverter
instanceKlass org/codehaus/plexus/component/configurator/converters/AbstractConfigurationConverter
instanceKlass org/codehaus/plexus/component/configurator/converters/ConfigurationConverter
instanceKlass org/codehaus/plexus/component/configurator/converters/lookup/DefaultConverterLookup
instanceKlass org/eclipse/m2e/core/internal/markers/SourceLocation
instanceKlass org/apache/maven/project/MavenProject
instanceKlass org/eclipse/m2e/core/internal/markers/MavenProblemInfo
instanceKlass org/eclipse/aether/artifact/Artifact
instanceKlass org/eclipse/m2e/core/internal/markers/MavenMarkerManager
instanceKlass org/apache/maven/extension/internal/CoreExtensionEntry
instanceKlass org/eclipse/m2e/core/internal/embedder/MavenProperties
instanceKlass org/apache/felix/scr/impl/ComponentRegistry$2
instanceKlass org/eclipse/m2e/core/internal/preferences/MavenConfigurationImpl$1
instanceKlass org/eclipse/core/runtime/preferences/IPreferenceFilter
instanceKlass org/apache/felix/scr/impl/ComponentRegistry$Entry
instanceKlass org/eclipse/osgi/internal/log/Arguments
instanceKlass org/eclipse/m2e/core/internal/embedder/EclipseLogger
instanceKlass org/codehaus/plexus/logging/Logger
instanceKlass org/codehaus/plexus/logging/AbstractLoggerManager
instanceKlass org/codehaus/plexus/logging/LoggerManager
instanceKlass org/eclipse/m2e/core/internal/embedder/IMavenPlexusContainer
instanceKlass org/codehaus/plexus/PlexusContainer
instanceKlass org/codehaus/plexus/classworlds/ClassWorldListener
instanceKlass org/codehaus/plexus/classworlds/ClassWorld
instanceKlass org/apache/maven/plugin/version/PluginVersionRequest
instanceKlass org/codehaus/plexus/configuration/PlexusConfiguration
instanceKlass org/codehaus/plexus/component/configurator/expression/ExpressionEvaluator
instanceKlass org/apache/maven/model/building/ModelBuildingRequest
instanceKlass org/apache/maven/settings/crypto/SettingsDecryptionRequest
instanceKlass org/apache/maven/settings/building/SettingsBuildingRequest
instanceKlass org/apache/maven/execution/MavenExecutionResult
instanceKlass org/eclipse/aether/RepositorySystemSession
instanceKlass org/codehaus/plexus/component/configurator/converters/lookup/ConverterLookup
instanceKlass org/eclipse/m2e/core/internal/embedder/MavenImpl
instanceKlass org/eclipse/m2e/core/embedder/IMavenConfigurationChangeListener
instanceKlass org/eclipse/m2e/core/internal/preferences/MavenConfigurationImpl
instanceKlass org/eclipse/m2e/core/internal/project/registry/MavenProjectCache
instanceKlass org/eclipse/m2e/core/internal/project/registry/ProjectRegistryReader
instanceKlass org/eclipse/m2e/core/internal/embedder/PlexusContainerManager
instanceKlass org/eclipse/m2e/core/internal/markers/IMavenMarkerManager
instanceKlass org/eclipse/m2e/core/internal/project/registry/BasicProjectRegistry
instanceKlass org/eclipse/m2e/core/internal/project/registry/AbstractMavenDependencyResolver
instanceKlass org/eclipse/m2e/core/embedder/IMavenExecutionContext
instanceKlass org/eclipse/m2e/core/project/IProjectConfiguration
instanceKlass org/eclipse/aether/repository/WorkspaceReader
instanceKlass org/apache/maven/artifact/repository/MavenArtifactRepository
instanceKlass org/apache/maven/artifact/repository/ArtifactRepository
instanceKlass org/eclipse/m2e/core/internal/project/registry/IProjectRegistry
instanceKlass org/eclipse/m2e/core/internal/project/registry/Capability
instanceKlass org/eclipse/m2e/core/project/IMavenProjectFacade
instanceKlass org/eclipse/m2e/core/embedder/IMavenExecutableLocation
instanceKlass org/eclipse/m2e/core/embedder/IMaven
instanceKlass org/eclipse/m2e/core/embedder/IComponentLookup
instanceKlass org/eclipse/m2e/core/embedder/IMavenConfiguration
instanceKlass org/eclipse/m2e/core/internal/project/registry/ProjectRegistryManager
instanceKlass ch/qos/logback/classic/util/LoggerNameUtil
instanceKlass org/slf4j/helpers/Reporter
instanceKlass ch/qos/logback/core/util/CachingDateFormatter$CacheTuple
instanceKlass ch/qos/logback/core/util/CachingDateFormatter
instanceKlass ch/qos/logback/core/util/StatusPrinter2
instanceKlass ch/qos/logback/core/util/StatusPrinter
instanceKlass ch/qos/logback/core/status/StatusUtil
instanceKlass  @bci ch/qos/logback/classic/util/ContextInitializer printDuration (JLch/qos/logback/classic/spi/Configurator;Lch/qos/logback/classic/spi/Configurator$ExecutionStatus;)V 31 <adapter> ; # java/lang/invoke/LambdaForm$MH+0x0000015134242400
instanceKlass  @bci ch/qos/logback/classic/util/ContextInitializer printDuration (JLch/qos/logback/classic/spi/Configurator;Lch/qos/logback/classic/spi/Configurator$ExecutionStatus;)V 31 <appendix> form vmentry <vmtarget> ; # java/lang/invoke/LambdaForm$MH+0x0000015134242000
# instanceKlass java/lang/invoke/LambdaForm$MH+0x0000015134241c00
instanceKlass  @bci ch/qos/logback/classic/util/ContextInitializer printDuration (JLch/qos/logback/classic/spi/Configurator;Lch/qos/logback/classic/spi/Configurator$ExecutionStatus;)V 31 <appendix> form names 8 function resolvedHandle form vmentry <vmtarget> ; # java/lang/invoke/LambdaForm$DMH+0x0000015134241800
instanceKlass  @bci ch/qos/logback/classic/util/ContextInitializer printDuration (JLch/qos/logback/classic/spi/Configurator;Lch/qos/logback/classic/spi/Configurator$ExecutionStatus;)V 31 <appendix> argL3 form vmentry <vmtarget> ; # java/lang/invoke/LambdaForm$MH+0x0000015134241400
# instanceKlass java/lang/invoke/LambdaForm$MH+0x0000015134241000
# instanceKlass java/lang/invoke/LambdaForm$MH+0x0000015134240c00
# instanceKlass java/lang/invoke/LambdaForm$MH+0x0000015134240800
# instanceKlass java/lang/invoke/LambdaForm$MH+0x0000015134240400
instanceKlass  @bci ch/qos/logback/classic/util/ContextInitializer printDuration (JLch/qos/logback/classic/spi/Configurator;Lch/qos/logback/classic/spi/Configurator$ExecutionStatus;)V 31 <appendix> form names 12 function resolvedHandle form vmentry <vmtarget> ; # java/lang/invoke/LambdaForm$DMH+0x0000015134240000
instanceKlass  @bci ch/qos/logback/classic/util/ContextInitializer printDuration (JLch/qos/logback/classic/spi/Configurator;Lch/qos/logback/classic/spi/Configurator$ExecutionStatus;)V 31 <appendix> argL1 form vmentry <vmtarget> ; # java/lang/invoke/LambdaForm$MH+0x000001513423fc00
# instanceKlass java/lang/invoke/LambdaForm$MH+0x000001513423f800
# instanceKlass java/lang/invoke/LambdaForm$MH+0x000001513423f400
# instanceKlass java/lang/invoke/LambdaForm$MH+0x000001513423f000
instanceKlass ch/qos/logback/core/Appender
instanceKlass ch/qos/logback/core/spi/FilterAttachable
instanceKlass ch/qos/logback/core/spi/ContextAwareBase
instanceKlass ch/qos/logback/core/status/StatusListener
instanceKlass ch/qos/logback/core/util/StatusListenerConfigHelper
instanceKlass ch/qos/logback/core/status/StatusBase
instanceKlass ch/qos/logback/core/util/EnvUtil
instanceKlass ch/qos/logback/classic/util/ClassicEnvUtil
instanceKlass ch/qos/logback/core/util/OptionHelper
instanceKlass ch/qos/logback/core/util/Loader
instanceKlass ch/qos/logback/classic/spi/Configurator
instanceKlass ch/qos/logback/core/spi/ContextAwareImpl
instanceKlass ch/qos/logback/classic/util/ContextInitializer$1
instanceKlass ch/qos/logback/core/spi/ContextAware
instanceKlass ch/qos/logback/classic/util/ContextInitializer
instanceKlass org/slf4j/MDC
instanceKlass ch/qos/logback/classic/util/LogbackMDCAdapter
instanceKlass ch/qos/logback/classic/Level
instanceKlass ch/qos/logback/classic/spi/ILoggingEvent
instanceKlass ch/qos/logback/core/spi/DeferredProcessingAware
instanceKlass org/slf4j/spi/LoggingEventBuilder
instanceKlass ch/qos/logback/classic/Logger
instanceKlass ch/qos/logback/core/spi/AppenderAttachable
instanceKlass org/slf4j/spi/LoggingEventAware
instanceKlass org/slf4j/spi/LocationAwareLogger
instanceKlass ch/qos/logback/classic/spi/LoggerContextVO
instanceKlass ch/qos/logback/core/spi/LogbackLock
instanceKlass ch/qos/logback/core/helpers/CyclicBuffer
instanceKlass ch/qos/logback/core/BasicStatusManager
instanceKlass ch/qos/logback/core/status/Status
instanceKlass ch/qos/logback/core/status/StatusManager
instanceKlass ch/qos/logback/core/ContextBase
instanceKlass ch/qos/logback/core/spi/LifeCycle
instanceKlass ch/qos/logback/core/Context
instanceKlass ch/qos/logback/core/spi/PropertyContainer
# instanceKlass java/lang/invoke/LambdaForm$MH+0x0000015134231400
instanceKlass  @cpi org/eclipse/core/internal/resources/Workspace 2659 form vmentry <vmtarget> ; # java/lang/invoke/LambdaForm$DMH+0x0000015134231000
instanceKlass org/apache/aries/spifly/Util$7
instanceKlass org/apache/aries/spifly/Util$5
instanceKlass org/eclipse/osgi/internal/container/NamespaceList$Builder$1
instanceKlass org/apache/felix/resolver/WireImpl
instanceKlass org/apache/felix/resolver/util/ArrayMap$1$1
instanceKlass org/eclipse/core/resources/team/ResourceRuleFactory
instanceKlass org/apache/felix/resolver/UsedBlames
instanceKlass org/apache/felix/resolver/PackageSpaces$4
instanceKlass org/apache/felix/resolver/PackageSpaces$3
instanceKlass org/apache/felix/resolver/PackageSpaces$2
instanceKlass org/apache/felix/resolver/Blame
instanceKlass org/apache/felix/resolver/PackageSpaces$1
instanceKlass org/apache/felix/resolver/Packages
instanceKlass org/apache/felix/resolver/WrappedRequirement
instanceKlass org/apache/felix/resolver/WireCandidate
instanceKlass org/apache/felix/resolver/EnhancedExecutor$1
instanceKlass org/apache/felix/resolver/PackageSpaces$1Computer
instanceKlass org/apache/felix/resolver/WrappedResource
instanceKlass org/apache/felix/resolver/util/CopyOnWriteSet
instanceKlass org/apache/felix/resolver/util/CandidateSelector
instanceKlass org/apache/felix/resolver/DumbExecutor
instanceKlass org/slf4j/helpers/Util
instanceKlass org/slf4j/helpers/NOPMDCAdapter
instanceKlass org/slf4j/helpers/NOPLoggerFactory
instanceKlass org/slf4j/helpers/NOP_FallbackServiceProvider
instanceKlass org/slf4j/helpers/ThreadLocalMapOfStacks
instanceKlass org/objectweb/asm/tree/ParameterNode
instanceKlass org/slf4j/helpers/BasicMDCAdapter
instanceKlass org/slf4j/Marker
instanceKlass org/slf4j/helpers/BasicMarkerFactory
instanceKlass org/slf4j/Logger
instanceKlass org/slf4j/helpers/SubstituteLoggerFactory
instanceKlass org/slf4j/ILoggerFactory
instanceKlass org/slf4j/spi/MDCAdapter
instanceKlass org/slf4j/IMarkerFactory
instanceKlass org/slf4j/helpers/SubstituteServiceProvider
instanceKlass org/slf4j/event/LoggingEvent
instanceKlass org/slf4j/LoggerFactory
instanceKlass  @bci org/eclipse/osgi/container/ModuleWiring lambda$1 (Lorg/eclipse/osgi/internal/container/NamespaceList$Builder;)V 26 <appendix> argL0 ; # org/eclipse/osgi/container/ModuleWiring$$Lambda+0x00000151341479a8
instanceKlass java/util/function/UnaryOperator
instanceKlass  @bci org/eclipse/osgi/container/ModuleWiring addDynamicImports (Lorg/eclipse/osgi/container/ModuleRevisionBuilder;)V 39 <appendix> member <vmtarget> ; # org/eclipse/osgi/container/ModuleWiring$$Lambda+0x0000015134147780
instanceKlass  @bci org/eclipse/osgi/container/ModuleWiring addDynamicImports (Lorg/eclipse/osgi/container/ModuleRevisionBuilder;)V 7 <appendix> member <vmtarget> ; # org/eclipse/osgi/container/ModuleWiring$$Lambda+0x0000015134147538
instanceKlass org/eclipse/osgi/container/builders/OSGiManifestBuilderFactory
instanceKlass  @bci sun/net/www/protocol/jrt/JavaRuntimeURLConnection <clinit> ()V 0 <appendix> argL0 ; # sun/net/www/protocol/jrt/JavaRuntimeURLConnection$$Lambda+0x00000151341eadb0
instanceKlass org/objectweb/asm/Handler
instanceKlass org/objectweb/asm/tree/TryCatchBlockNode
instanceKlass org/objectweb/asm/Handle
instanceKlass org/objectweb/asm/Edge
instanceKlass org/objectweb/asm/tree/LocalVariableNode
instanceKlass java/util/BitSet
instanceKlass org/objectweb/asm/tree/InsnList
instanceKlass org/objectweb/asm/tree/Util
instanceKlass org/objectweb/asm/tree/AbstractInsnNode
instanceKlass org/objectweb/asm/commons/Method
instanceKlass org/objectweb/asm/Label
instanceKlass org/objectweb/asm/Frame
instanceKlass org/objectweb/asm/Context
instanceKlass org/objectweb/asm/Attribute
instanceKlass org/objectweb/asm/Type
instanceKlass org/objectweb/asm/ByteVector
instanceKlass org/objectweb/asm/Symbol
instanceKlass org/objectweb/asm/SymbolTable
instanceKlass org/objectweb/asm/FieldVisitor
instanceKlass org/objectweb/asm/MethodVisitor
instanceKlass org/objectweb/asm/AnnotationVisitor
instanceKlass org/objectweb/asm/ModuleVisitor
instanceKlass org/objectweb/asm/RecordComponentVisitor
instanceKlass org/objectweb/asm/ClassReader
instanceKlass org/eclipse/m2e/core/internal/URLConnectionCaches
instanceKlass  @bci org/eclipse/m2e/core/internal/MavenPluginActivator start (Lorg/osgi/framework/BundleContext;)V 31 <adapter> ; # java/lang/invoke/LambdaForm$MH+0x000001513421b800
# instanceKlass java/lang/invoke/LambdaForm$DMH+0x000001513421b400
instanceKlass  @bci org/eclipse/m2e/core/internal/MavenPluginActivator start (Lorg/osgi/framework/BundleContext;)V 31 <appendix> form vmentry <vmtarget> ; # java/lang/invoke/LambdaForm$MH+0x000001513421b000
instanceKlass  @bci org/eclipse/m2e/core/internal/MavenPluginActivator start (Lorg/osgi/framework/BundleContext;)V 31 <appendix> form names 5 function resolvedHandle form vmentry <vmtarget> ; # java/lang/invoke/LambdaForm$DMH+0x000001513421ac00
instanceKlass  @bci org/eclipse/m2e/core/internal/MavenPluginActivator start (Lorg/osgi/framework/BundleContext;)V 31 <appendix> argL3 form vmentry <vmtarget> ; # java/lang/invoke/LambdaForm$MH+0x000001513421a800
# instanceKlass java/lang/invoke/LambdaForm$MH+0x000001513421a400
# instanceKlass java/lang/invoke/LambdaForm$MH+0x000001513421a000
# instanceKlass java/lang/invoke/LambdaForm$MH+0x0000015134219c00
# instanceKlass java/lang/invoke/LambdaForm$MH+0x0000015134219800
# instanceKlass java/lang/invoke/LambdaForm$MH+0x0000015134219400
# instanceKlass java/lang/invoke/LambdaForm$MH+0x0000015134219000
instanceKlass  @bci org/eclipse/m2e/core/internal/MavenPluginActivator start (Lorg/osgi/framework/BundleContext;)V 31 <appendix> form names 9 function resolvedHandle form vmentry <vmtarget> ; # java/lang/invoke/LambdaForm$DMH+0x0000015134218c00
instanceKlass  @bci org/eclipse/m2e/core/internal/MavenPluginActivator start (Lorg/osgi/framework/BundleContext;)V 31 <appendix> argL1 form vmentry <vmtarget> ; # java/lang/invoke/LambdaForm$MH+0x0000015134218800
# instanceKlass java/lang/invoke/LambdaForm$MH+0x0000015134218400
instanceKlass  @bci org/eclipse/m2e/core/internal/MavenPluginActivator start (Lorg/osgi/framework/BundleContext;)V 31 <appendix> argL1 argL0 form vmentry <vmtarget> ; # java/lang/invoke/LambdaForm$MH+0x0000015134218000
# instanceKlass java/lang/invoke/LambdaForm$MH+0x0000015134217c00
# instanceKlass java/lang/invoke/LambdaForm$MH+0x0000015134217800
# instanceKlass java/lang/invoke/LambdaForm$MH+0x0000015134217400
# instanceKlass java/lang/invoke/LambdaForm$MH+0x0000015134217000
instanceKlass  @bci org/eclipse/m2e/core/internal/MavenPluginActivator <init> ()V 16 <appendix> argL0 ; # org/eclipse/m2e/core/internal/MavenPluginActivator$$Lambda+0x0000015134215d78
instanceKlass org/eclipse/m2e/core/internal/jobs/IBackgroundProcessingQueue
# instanceKlass java/lang/invoke/LambdaForm$MH+0x0000015134215000
# instanceKlass java/lang/invoke/LambdaForm$MH+0x0000015134214c00
# instanceKlass java/lang/invoke/LambdaForm$MH+0x0000015134214800
# instanceKlass java/lang/invoke/LambdaForm$MH+0x0000015134214400
# instanceKlass java/lang/invoke/LambdaForm$DMH+0x0000015134214000
instanceKlass org/eclipse/core/resources/IResourceChangeEvent
instanceKlass java/util/concurrent/atomic/Striped64$1
instanceKlass jdk/internal/util/random/RandomSupport
instanceKlass  @bci org/apache/felix/scr/impl/manager/ComponentContextImpl createNewFieldHandlerMap ()Ljava/util/Map; 4 <appendix> argL0 ; # org/apache/felix/scr/impl/manager/ComponentContextImpl$$Lambda+0x0000015134211358
instanceKlass org/eclipse/core/internal/preferences/BundleStateScope
instanceKlass org/apache/felix/scr/impl/inject/field/FieldHandler$Resolved
instanceKlass org/apache/felix/scr/impl/inject/field/FieldUtils$FieldSearchResult
instanceKlass org/apache/felix/scr/impl/inject/field/FieldUtils$1
instanceKlass org/apache/felix/scr/impl/inject/field/FieldUtils
instanceKlass org/apache/felix/scr/impl/inject/field/FieldHandler$1
instanceKlass org/apache/felix/scr/impl/inject/field/FieldHandler$ReferenceMethodImpl
instanceKlass org/apache/felix/scr/impl/inject/field/FieldHandler$NotResolved
instanceKlass org/apache/felix/scr/impl/inject/field/FieldHandler$State
instanceKlass org/apache/felix/scr/impl/inject/InitReferenceMethod
instanceKlass org/apache/felix/scr/impl/inject/field/FieldHandler
instanceKlass org/apache/felix/scr/impl/inject/field/FieldMethods
instanceKlass org/eclipse/core/internal/resources/CheckMissingNaturesListener
instanceKlass org/eclipse/core/internal/resources/ResourceChangeListenerRegistrar
instanceKlass org/eclipse/core/internal/resources/Rules
instanceKlass  @bci org/eclipse/core/internal/jobs/JobManager startJob (Lorg/eclipse/core/internal/jobs/Worker;)Lorg/eclipse/core/runtime/jobs/Job; 45 <appendix> member <vmtarget> ; # org/eclipse/core/internal/jobs/JobManager$$Lambda+0x0000015134206490
instanceKlass  @cpi org/eclipse/core/internal/jobs/JobManager 1541 form vmentry <vmtarget> ; # java/lang/invoke/LambdaForm$DMH+0x0000015134209800
instanceKlass  @bci org/eclipse/jdt/internal/compiler/lookup/TypeSystem$HashedParameterizedTypes$PTBKey <init> (Lorg/eclipse/jdt/internal/compiler/lookup/TypeSystem$HashedParameterizedTypes;Lorg/eclipse/jdt/internal/compiler/lookup/ReferenceBinding;[Lorg/eclipse/jdt/internal/compiler/lookup/TypeBinding;Lorg/eclipse/jdt/internal/compiler/lookup/ReferenceBinding;Lorg/eclipse/jdt/internal/compiler/lookup/LookupEnvironment;)V 118 <adapter> ; # java/lang/invoke/LambdaForm$MH+0x0000015134209400
# instanceKlass java/lang/invoke/LambdaForm$DMH+0x0000015134209000
instanceKlass  @bci org/eclipse/jdt/internal/compiler/lookup/TypeSystem$HashedParameterizedTypes$PTBKey <init> (Lorg/eclipse/jdt/internal/compiler/lookup/TypeSystem$HashedParameterizedTypes;Lorg/eclipse/jdt/internal/compiler/lookup/ReferenceBinding;[Lorg/eclipse/jdt/internal/compiler/lookup/TypeBinding;Lorg/eclipse/jdt/internal/compiler/lookup/ReferenceBinding;Lorg/eclipse/jdt/internal/compiler/lookup/LookupEnvironment;)V 118 <appendix> form vmentry <vmtarget> ; # java/lang/invoke/LambdaForm$DMH+0x0000015134208c00
instanceKlass  @bci org/eclipse/core/internal/jobs/JobManager endJob (Lorg/eclipse/core/internal/jobs/InternalJob;Lorg/eclipse/core/runtime/IStatus;ZZ)V 14 <appendix> member <vmtarget> ; # org/eclipse/core/internal/jobs/JobManager$$Lambda+0x0000015134206248
instanceKlass  @cpi org/eclipse/core/internal/jobs/JobManager 1497 form vmentry <vmtarget> ; # java/lang/invoke/LambdaForm$DMH+0x0000015134208800
instanceKlass  @bci org/eclipse/core/internal/resources/AliasManager buildAliasedProjectsSet ()V 30 <appendix> member <vmtarget> ; # org/eclipse/core/internal/resources/AliasManager$$Lambda+0x000001513420c298
instanceKlass org/eclipse/core/internal/filesystem/FileStoreUtil
instanceKlass  @bci org/eclipse/core/internal/resources/AliasManager$LocationMap <init> (Lorg/eclipse/core/internal/resources/AliasManager;)V 14 <appendix> argL0 ; # org/eclipse/core/internal/resources/AliasManager$LocationMap$$Lambda+0x000001513420c000
instanceKlass org/eclipse/core/internal/resources/AliasManager$LocationMap
instanceKlass org/eclipse/core/internal/resources/AliasManager
instanceKlass org/eclipse/core/resources/refresh/IRefreshMonitor
instanceKlass org/eclipse/core/internal/refresh/MonitorManager
instanceKlass org/eclipse/core/resources/IResourceDeltaVisitor
instanceKlass org/eclipse/core/resources/IPathVariableChangeListener
instanceKlass org/eclipse/core/internal/refresh/RefreshManager
instanceKlass org/eclipse/core/resources/refresh/IRefreshResult
instanceKlass  @bci org/eclipse/core/internal/resources/ContentDescriptionManager getCurrentPlatformState ()Ljava/lang/String; 39 <appendix> argL0 ; # org/eclipse/core/internal/resources/ContentDescriptionManager$$Lambda+0x0000015134202318
instanceKlass  @bci org/eclipse/core/internal/properties/PropertyBucket$PropertyEntry <clinit> ()V 0 <appendix> argL0 ; # org/eclipse/core/internal/properties/PropertyBucket$PropertyEntry$$Lambda+0x0000015134201cf0
instanceKlass  @cpi org/eclipse/jdt/internal/compiler/util/SortedCharArrays 78 form vmentry <vmtarget> ; # java/lang/invoke/LambdaForm$DMH+0x0000015134208400
instanceKlass org/eclipse/core/internal/resources/ProjectContentTypes
instanceKlass org/eclipse/core/internal/utils/Cache
instanceKlass org/eclipse/core/internal/resources/ContentDescriptionManager
instanceKlass  @bci org/eclipse/core/internal/resources/CharsetManager initPreferenceChangeListener ()V 2 <appendix> member <vmtarget> ; # org/eclipse/core/internal/resources/CharsetManager$$Lambda+0x00000151342010f0
instanceKlass  @bci org/eclipse/jdt/internal/core/builder/ClasspathMultiReleaseJar initializeVersions (Ljava/util/zip/ZipFile;Ljava/lang/String;)[Ljava/lang/String; 36 <appendix> form vmentry <vmtarget> ; # java/lang/invoke/LambdaForm$MH+0x0000015134208000
instanceKlass  @bci org/eclipse/jdt/internal/core/builder/ClasspathMultiReleaseJar initializeVersions (Ljava/util/zip/ZipFile;Ljava/lang/String;)[Ljava/lang/String; 36 <appendix> argL3 form vmentry <vmtarget> ; # java/lang/invoke/LambdaForm$MH+0x0000015134205c00
# instanceKlass java/lang/invoke/LambdaForm$MH+0x0000015134205800
# instanceKlass java/lang/invoke/LambdaForm$MH+0x0000015134205400
# instanceKlass java/lang/invoke/LambdaForm$MH+0x0000015134205000
instanceKlass  @bci org/eclipse/core/internal/jobs/JobManager now ()J 5 <appendix> member <vmtarget> ; # org/eclipse/core/internal/jobs/JobManager$$Lambda+0x0000015134206000
instanceKlass java/util/function/LongUnaryOperator
instanceKlass org/eclipse/core/internal/jobs/JobChangeEvent
instanceKlass  @bci org/eclipse/core/internal/jobs/JobManager schedule (Lorg/eclipse/core/internal/jobs/InternalJob;J)V 5 <adapter> ; # java/lang/invoke/LambdaForm$MH+0x0000015134204c00
# instanceKlass java/lang/invoke/LambdaForm$DMH+0x0000015134204800
instanceKlass  @bci org/eclipse/core/internal/jobs/JobManager schedule (Lorg/eclipse/core/internal/jobs/InternalJob;J)V 5 <appendix> form vmentry <vmtarget> ; # java/lang/invoke/LambdaForm$DMH+0x0000015134204400
instanceKlass  @bci org/eclipse/core/internal/jobs/JobManager schedule (Lorg/eclipse/core/internal/jobs/InternalJob;J)V 5 <appendix> member <vmtarget> ; # org/eclipse/core/internal/jobs/JobManager$$Lambda+0x000001513418fa00
instanceKlass  @cpi org/eclipse/core/internal/jobs/JobManager 1514 form vmentry <vmtarget> ; # java/lang/invoke/LambdaForm$DMH+0x0000015134204000
instanceKlass org/eclipse/core/internal/resources/CharsetDeltaJob$ICharsetListenerFilter
instanceKlass  @bci org/osgi/framework/FrameworkUtil lambda$4 (Ljava/lang/Class;)Lorg/osgi/framework/Bundle; 29 <appendix> argL0 ; # org/osgi/framework/FrameworkUtil$$Lambda+0x00000151341470f0
instanceKlass  @bci org/osgi/framework/FrameworkUtil lambda$4 (Ljava/lang/Class;)Lorg/osgi/framework/Bundle; 19 <appendix> argL0 ; # org/osgi/framework/FrameworkUtil$$Lambda+0x0000015134146ea0
instanceKlass  @bci org/osgi/framework/FrameworkUtil lambda$4 (Ljava/lang/Class;)Lorg/osgi/framework/Bundle; 9 <appendix> member <vmtarget> ; # org/osgi/framework/FrameworkUtil$$Lambda+0x0000015134146c58
instanceKlass org/eclipse/core/runtime/PerformanceStats
instanceKlass org/eclipse/core/internal/events/ResourceStats
instanceKlass org/eclipse/core/internal/events/ResourceChangeListenerList$ListenerEntry
instanceKlass org/eclipse/core/internal/resources/CharsetManager$ResourceChangeListener
instanceKlass org/eclipse/core/resources/IResourceChangeListener
instanceKlass org/eclipse/core/internal/resources/CharsetManager
instanceKlass org/eclipse/core/internal/localstore/Bucket$Entry
instanceKlass org/eclipse/core/internal/localstore/BucketTree
instanceKlass org/eclipse/core/internal/localstore/Bucket$Visitor
instanceKlass org/eclipse/core/internal/localstore/Bucket
instanceKlass org/eclipse/core/internal/properties/PropertyManager2
instanceKlass org/eclipse/core/internal/events/LifecycleEvent
instanceKlass  @bci jdk/internal/reflect/MethodHandleBooleanFieldAccessorImpl setBoolean (Ljava/lang/Object;Z)V 41 <adapter> ; # java/lang/invoke/LambdaForm$MH+0x00000151341d9800
instanceKlass java/lang/Short$ShortCache
instanceKlass com/sun/jna/NativeMappedConverter
instanceKlass com/sun/jna/Klass
instanceKlass com/sun/jna/Native$Buffers
instanceKlass com/sun/jna/VarArgsChecker
instanceKlass com/sun/jna/NativeLibrary$NativeLibraryDisposer
instanceKlass com/sun/jna/NativeLibrary$1
instanceKlass com/sun/jna/SymbolProvider
instanceKlass com/sun/jna/NativeLibrary
instanceKlass org/eclipse/core/internal/filesystem/local/Win32Handler$FileAPIh
instanceKlass com/sun/jna/Memory$MemoryDisposer
instanceKlass com/sun/jna/internal/Cleaner$Cleanable
instanceKlass com/sun/jna/internal/Cleaner
instanceKlass com/sun/jna/WeakMemoryHolder
instanceKlass org/eclipse/core/filesystem/provider/FileInfo
# instanceKlass java/lang/invoke/LambdaForm$MH+0x00000151341d9400
instanceKlass  @bci org/eclipse/jdt/internal/core/JrtPackageFragmentRoot$JrtModuleKey hashCode ()I 1 <appendix> argL1 argL1 form vmentry <vmtarget> ; # java/lang/invoke/LambdaForm$MH+0x00000151341d9000
instanceKlass  @bci jdk/internal/reflect/MethodHandleBooleanFieldAccessorImpl getBoolean (Ljava/lang/Object;)Z 20 <adapter> ; # java/lang/invoke/LambdaForm$MH+0x00000151341d8c00
# instanceKlass java/lang/invoke/LambdaForm$MH+0x00000151341d8800
# instanceKlass java/lang/invoke/LambdaForm$BMH+0x00000151341d8400
instanceKlass  @cpi java/io/ObjectInputStream 1214 form vmentry <vmtarget> ; # java/lang/invoke/LambdaForm$DMH+0x00000151341d8000
instanceKlass com/sun/jna/Structure$StructField
instanceKlass com/sun/jna/Structure$LayoutInfo
instanceKlass java/lang/Class$AnnotationData
instanceKlass java/lang/annotation/Documented
instanceKlass com/sun/jna/Structure$FieldOrder
instanceKlass  @bci com/sun/jna/Structure fieldOrder ()Ljava/util/List; 84 <appendix> member <vmtarget> ; # com/sun/jna/Structure$$Lambda+0x00000151341d7810
instanceKlass  @bci com/sun/jna/Structure getFieldList ()Ljava/util/List; 84 <appendix> member <vmtarget> ; # com/sun/jna/Structure$$Lambda+0x00000151341d75c8
instanceKlass  @bci com/sun/jna/Structure validateFields ()V 75 <appendix> member <vmtarget> ; # com/sun/jna/Structure$$Lambda+0x00000151341d7380
instanceKlass com/sun/jna/platform/win32/WinBase
instanceKlass com/sun/jna/platform/win32/BaseTSD
instanceKlass com/sun/jna/platform/win32/WinDef
instanceKlass com/sun/jna/Library
instanceKlass com/sun/jna/win32/W32APITypeMapper$2
instanceKlass com/sun/jna/DefaultTypeMapper$Entry
instanceKlass com/sun/jna/win32/W32APITypeMapper$1
instanceKlass com/sun/jna/TypeConverter
instanceKlass com/sun/jna/DefaultTypeMapper
instanceKlass com/sun/jna/TypeMapper
instanceKlass com/sun/jna/Structure$ByReference
instanceKlass com/sun/jna/Native$2
instanceKlass com/sun/jna/Structure$FFIType$FFITypes
instanceKlass com/sun/jna/Native$ffi_callback
instanceKlass com/sun/jna/JNIEnv
instanceKlass com/sun/jna/PointerType
instanceKlass com/sun/jna/NativeMapped
instanceKlass com/sun/jna/WString
instanceKlass com/sun/jna/win32/DLLCallback
instanceKlass com/sun/jna/CallbackProxy
instanceKlass com/sun/jna/Callback
instanceKlass com/sun/jna/Structure$ByValue
instanceKlass jdk/internal/loader/NativeLibraries$Unloader
instanceKlass sun/security/provider/AbstractDrbg$NonceProvider
instanceKlass  @bci sun/security/provider/AbstractDrbg$SeederHolder <clinit> ()V 42 <appendix> member <vmtarget> ; # sun/security/provider/AbstractDrbg$SeederHolder$$Lambda+0x00000151341e7618
instanceKlass  @cpi sun/security/provider/AbstractDrbg$SeederHolder 91 form vmentry <vmtarget> ; # java/lang/invoke/LambdaForm$DMH+0x00000151341d0800
# instanceKlass java/lang/invoke/LambdaForm$DMH+0x00000151341d0400
instanceKlass sun/nio/fs/BasicFileAttributesHolder
instanceKlass sun/nio/fs/WindowsDirectoryStream$WindowsDirectoryIterator
instanceKlass sun/nio/fs/WindowsDirectoryStream
instanceKlass java/nio/file/DirectoryStream
instanceKlass java/nio/file/Files$AcceptAllFilter
instanceKlass java/nio/file/DirectoryStream$Filter
instanceKlass java/net/NetworkInterface$1
instanceKlass java/net/DefaultInterface
instanceKlass java/net/Inet6Address$Inet6AddressHolder
instanceKlass java/net/InetAddress$PlatformResolver
instanceKlass java/net/spi/InetAddressResolver
instanceKlass java/net/spi/InetAddressResolver$LookupPolicy
instanceKlass java/net/Inet4AddressImpl
instanceKlass java/net/Inet6AddressImpl
instanceKlass java/net/InetAddressImpl
instanceKlass java/util/concurrent/ConcurrentSkipListMap$Node
instanceKlass java/util/concurrent/ConcurrentSkipListMap$Index
instanceKlass java/util/concurrent/ConcurrentNavigableMap
instanceKlass java/net/InetAddress$InetAddressHolder
instanceKlass java/net/InetAddress$1
instanceKlass jdk/internal/access/JavaNetInetAddressAccess
instanceKlass java/net/InterfaceAddress
instanceKlass java/net/NetworkInterface
instanceKlass sun/security/provider/SeedGenerator$1
instanceKlass sun/security/provider/SeedGenerator
instanceKlass sun/security/provider/AbstractDrbg$SeederHolder
instanceKlass java/security/DrbgParameters$NextBytes
instanceKlass  @bci sun/security/provider/AbstractDrbg <clinit> ()V 12 <appendix> argL0 ; # sun/security/provider/AbstractDrbg$$Lambda+0x00000151341e4c70
instanceKlass  @cpi sun/security/provider/AbstractDrbg 383 form vmentry <vmtarget> ; # java/lang/invoke/LambdaForm$DMH+0x00000151341d0000
# instanceKlass java/lang/invoke/LambdaForm$DMH+0x00000151341ca400
instanceKlass sun/security/provider/EntropySource
instanceKlass sun/security/provider/AbstractDrbg
instanceKlass java/security/DrbgParameters$Instantiation
instanceKlass java/security/DrbgParameters
instanceKlass sun/security/provider/MoreDrbgParameters
instanceKlass  @bci sun/security/provider/DRBG <init> (Ljava/security/SecureRandomParameters;)V 26 <appendix> argL0 ; # sun/security/provider/DRBG$$Lambda+0x00000151341e3710
instanceKlass java/security/SecureRandomSpi
instanceKlass java/io/File$TempDirectory
instanceKlass com/sun/jna/Native$5
instanceKlass com/sun/jna/Platform
instanceKlass com/sun/jna/Native$1
instanceKlass java/io/FilenameFilter
instanceKlass com/sun/jna/Callback$UncaughtExceptionHandler
instanceKlass com/sun/jna/Native
instanceKlass com/sun/jna/Version
instanceKlass com/sun/jna/ToNativeContext
instanceKlass com/sun/jna/FromNativeContext
instanceKlass com/sun/jna/FromNativeConverter
instanceKlass com/sun/jna/ToNativeConverter
instanceKlass com/sun/jna/Structure
instanceKlass com/sun/jna/Pointer
instanceKlass org/eclipse/core/internal/filesystem/local/NativeHandler
instanceKlass org/eclipse/core/internal/filesystem/local/LocalFileNativesManager
instanceKlass org/eclipse/core/resources/FileInfoMatcherDescription
instanceKlass org/eclipse/core/internal/resources/FilterDescription
instanceKlass javax/xml/parsers/DocumentBuilder
instanceKlass javax/xml/parsers/DocumentBuilderFactory
instanceKlass org/eclipse/core/internal/runtime/XmlProcessorFactory
instanceKlass org/eclipse/core/internal/resources/IModelObjectConstants
instanceKlass org/eclipse/core/filesystem/URIUtil
instanceKlass java/util/AbstractMap$2$1
instanceKlass  @bci org/eclipse/core/internal/resources/ProjectVariableProviderManager <clinit> ()V 14 <appendix> argL0 ; # org/eclipse/core/internal/resources/ProjectVariableProviderManager$$Lambda+0x00000151341c7190
instanceKlass  @cpi org/eclipse/core/internal/resources/ProjectVariableProviderManager 171 form vmentry <vmtarget> ; # java/lang/invoke/LambdaForm$DMH+0x00000151341ca000
instanceKlass org/eclipse/core/resources/variableresolvers/PathVariableResolver
instanceKlass org/eclipse/core/internal/resources/ProjectVariableProviderManager$Descriptor
instanceKlass org/eclipse/core/internal/resources/ProjectVariableProviderManager
instanceKlass org/eclipse/core/internal/resources/ProjectPathVariableManager
instanceKlass  @bci org/eclipse/core/internal/filesystem/local/LocalFile createExecutor (I)Ljava/util/concurrent/ForkJoinPool; 15 <appendix> argL0 ; # org/eclipse/core/internal/filesystem/local/LocalFile$$Lambda+0x00000151341c97f8
instanceKlass  @bci org/eclipse/core/internal/filesystem/local/LocalFile createExecutor (I)Ljava/util/concurrent/ForkJoinPool; 5 <appendix> argL0 ; # org/eclipse/core/internal/filesystem/local/LocalFile$$Lambda+0x00000151341c95d8
instanceKlass org/eclipse/jdt/ls/core/internal/filesystem/JLSFsUtils
instanceKlass sun/nio/fs/WindowsUriSupport
instanceKlass org/eclipse/core/filesystem/IFileStore
instanceKlass org/eclipse/jdt/ls/core/internal/filesystem/JDTLSFilesystemActivator$1
instanceKlass org/eclipse/jdt/ls/core/internal/filesystem/JDTLSFilesystemActivator
instanceKlass org/eclipse/core/filesystem/IFileSystem
instanceKlass org/eclipse/core/internal/filesystem/InternalFileSystemCore
instanceKlass org/eclipse/core/filesystem/EFS
instanceKlass org/eclipse/core/internal/localstore/FileStoreRoot
instanceKlass org/eclipse/core/filesystem/IFileInfo
instanceKlass org/eclipse/core/internal/resources/SyncInfoSnapReader
instanceKlass org/eclipse/core/internal/resources/MarkerAttributeMap
instanceKlass org/eclipse/core/internal/resources/MarkerSet
instanceKlass org/eclipse/core/internal/resources/MarkerReader
instanceKlass org/eclipse/core/internal/dtree/DataTreeLookup
instanceKlass org/eclipse/core/internal/watson/ElementTree$ChildIDsCache
instanceKlass org/eclipse/core/internal/resources/MarkerSnapshotReader
instanceKlass org/eclipse/core/runtime/ILogListener
instanceKlass java/io/FileOutputStream$1
instanceKlass java/util/stream/Nodes$ArrayNode
instanceKlass  @bci sun/util/locale/provider/LocaleProviderAdapter toLocaleArray (Ljava/util/Set;)[Ljava/util/Locale; 16 <appendix> argL0 ; # sun/util/locale/provider/LocaleProviderAdapter$$Lambda+0x800000069
instanceKlass  @bci sun/util/locale/provider/LocaleProviderAdapter toLocaleArray (Ljava/util/Set;)[Ljava/util/Locale; 6 <appendix> argL0 ; # sun/util/locale/provider/LocaleProviderAdapter$$Lambda+0x800000068
instanceKlass  @bci sun/util/cldr/CLDRLocaleProviderAdapter getCalendarDataProvider ()Ljava/util/spi/CalendarDataProvider; 8 <appendix> member <vmtarget> ; # sun/util/cldr/CLDRLocaleProviderAdapter$$Lambda+0x800000062
instanceKlass sun/util/locale/provider/CalendarDataUtility$CalendarWeekParameterGetter
instanceKlass sun/util/locale/provider/LocaleServiceProviderPool$LocalizedObjectGetter
instanceKlass sun/util/locale/provider/LocaleServiceProviderPool
instanceKlass java/util/Calendar$Builder
instanceKlass  @bci sun/util/locale/provider/JRELocaleProviderAdapter getCalendarProvider ()Lsun/util/spi/CalendarProvider; 8 <appendix> member <vmtarget> ; # sun/util/locale/provider/JRELocaleProviderAdapter$$Lambda+0x800000063
instanceKlass org/eclipse/osgi/internal/log/ExtendedLogEntryImpl
instanceKlass org/eclipse/equinox/log/ExtendedLogEntry
instanceKlass java/lang/StackTraceElement$HashedModules
instanceKlass org/eclipse/osgi/framework/log/FrameworkLogEntry
instanceKlass  @bci org/eclipse/core/internal/runtime/InternalPlatform getLog (Lorg/osgi/framework/Bundle;)Lorg/eclipse/core/runtime/ILog; 13 <appendix> member <vmtarget> ; # org/eclipse/core/internal/runtime/InternalPlatform$$Lambda+0x00000151341b4560
instanceKlass org/eclipse/core/internal/runtime/Log
instanceKlass org/eclipse/core/resources/IResourceStatus
instanceKlass org/eclipse/core/internal/dtree/DataTreeReader
instanceKlass org/eclipse/core/internal/watson/ElementTreeReader$1
instanceKlass org/eclipse/core/internal/dtree/IDataFlattener
instanceKlass org/eclipse/core/internal/watson/ElementTreeReader
instanceKlass  @bci org/eclipse/core/internal/resources/LocalMetaArea getSafeTableLocationFor (Ljava/lang/String;)Lorg/eclipse/core/runtime/IPath; 44 <appendix> form vmentry <vmtarget> ; # java/lang/invoke/LambdaForm$MH+0x00000151341c2800
# instanceKlass java/lang/invoke/LambdaForm$MH+0x00000151341c2400
instanceKlass  @bci org/eclipse/core/internal/resources/LocalMetaArea getSafeTableLocationFor (Ljava/lang/String;)Lorg/eclipse/core/runtime/IPath; 44 <appendix> argL3 form vmentry <vmtarget> ; # java/lang/invoke/LambdaForm$MH+0x00000151341c2000
# instanceKlass java/lang/invoke/LambdaForm$MH+0x00000151341c1c00
# instanceKlass java/lang/invoke/LambdaForm$MH+0x00000151341c1800
# instanceKlass java/lang/invoke/LambdaForm$MH+0x00000151341c1400
# instanceKlass java/lang/invoke/LambdaForm$MH+0x00000151341c1000
instanceKlass  @bci org/eclipse/core/internal/resources/LocalMetaArea getSafeTableLocationFor (Ljava/lang/String;)Lorg/eclipse/core/runtime/IPath; 44 <appendix> argL1 form vmentry <vmtarget> ; # java/lang/invoke/LambdaForm$MH+0x00000151341c0c00
# instanceKlass java/lang/invoke/LambdaForm$MH+0x00000151341c0800
# instanceKlass java/lang/invoke/LambdaForm$MH+0x00000151341c0400
# instanceKlass java/lang/invoke/LambdaForm$MH+0x00000151341c0000
instanceKlass org/eclipse/core/internal/resources/SafeFileTable
instanceKlass org/eclipse/core/internal/resources/SavedState
instanceKlass org/eclipse/core/internal/resources/SyncInfoReader
instanceKlass org/eclipse/core/internal/resources/WorkspaceTreeReader
instanceKlass org/eclipse/core/resources/ISavedState
instanceKlass org/eclipse/core/resources/ISaveContext
instanceKlass org/eclipse/core/internal/resources/SaveManager
instanceKlass org/eclipse/core/internal/watson/IElementInfoFlattener
instanceKlass org/eclipse/core/internal/resources/SyncInfoWriter
instanceKlass org/eclipse/core/internal/resources/Synchronizer
instanceKlass org/eclipse/core/internal/resources/MarkerWriter
instanceKlass org/eclipse/core/internal/resources/MarkerDeltaManager
instanceKlass org/eclipse/core/internal/resources/MarkerTypeDefinitionCache$MarkerTypeDefinition
instanceKlass org/eclipse/core/internal/resources/MarkerTypeDefinitionCache
instanceKlass org/eclipse/core/internal/resources/MarkerInfo
instanceKlass org/eclipse/core/internal/resources/IMarkerSetElement
instanceKlass org/eclipse/core/internal/resources/MarkerManager
instanceKlass  @bci org/eclipse/core/internal/events/NotificationManager$NotifyJob <init> (Lorg/eclipse/core/internal/events/NotificationManager;)V 13 <appendix> argL0 ; # org/eclipse/core/internal/events/NotificationManager$NotifyJob$$Lambda+0x00000151341b85b0
instanceKlass org/eclipse/core/internal/events/ResourceChangeListenerList
instanceKlass org/eclipse/core/internal/events/NotificationManager
instanceKlass java/util/stream/SortedOps
instanceKlass  @bci org/eclipse/core/internal/runtime/InternalPlatform getBundles0 (Ljava/lang/String;Ljava/lang/String;)Ljava/util/stream/Stream; 90 <appendix> argL0 ; # org/eclipse/core/internal/runtime/InternalPlatform$$Lambda+0x00000151341b4000
instanceKlass  @bci org/eclipse/core/internal/runtime/InternalPlatform getBundles0 (Ljava/lang/String;Ljava/lang/String;)Ljava/util/stream/Stream; 80 <appendix> argL0 ; # org/eclipse/core/internal/runtime/InternalPlatform$$Lambda+0x000001513419dd40
instanceKlass org/eclipse/core/internal/events/BuildManager$DeltaCache
instanceKlass org/eclipse/core/resources/ICommand
instanceKlass org/eclipse/core/internal/events/InternalBuilder
instanceKlass org/eclipse/core/resources/IResourceDelta
instanceKlass org/eclipse/core/resources/IBuildContext
instanceKlass org/eclipse/core/internal/events/BuildManager
instanceKlass org/eclipse/core/internal/resources/FilterTypeManager$1
instanceKlass org/eclipse/core/internal/resources/FilterDescriptor
instanceKlass org/eclipse/core/resources/IFilterMatcherDescriptor
instanceKlass org/eclipse/core/internal/resources/FilterTypeManager
instanceKlass org/eclipse/core/resources/IProjectNatureDescriptor
instanceKlass org/eclipse/core/internal/resources/NatureManager
instanceKlass org/eclipse/core/internal/events/ILifecycleListener
instanceKlass org/eclipse/core/internal/resources/PathVariableManager
instanceKlass  @bci org/eclipse/core/internal/resources/WorkspaceRoot getProject (Ljava/lang/String;)Lorg/eclipse/core/resources/IProject; 95 <appendix> member <vmtarget> ; # org/eclipse/core/internal/resources/WorkspaceRoot$$Lambda+0x00000151341af958
instanceKlass java/text/AttributedCharacterIterator$Attribute
instanceKlass java/text/FieldPosition$Delegate
instanceKlass java/text/Format$FieldDelegate
instanceKlass java/text/DigitList
instanceKlass  @bci sun/util/locale/provider/JRELocaleProviderAdapter getNumberFormatProvider ()Ljava/text/spi/NumberFormatProvider; 8 <appendix> member <vmtarget> ; # sun/util/locale/provider/JRELocaleProviderAdapter$$Lambda+0x800000067
instanceKlass java/text/FieldPosition
instanceKlass java/text/Format
instanceKlass org/eclipse/core/internal/preferences/PreferencesService$1
instanceKlass  @bci org/eclipse/core/internal/preferences/PreferencesService getLookupOrder (Ljava/lang/String;Ljava/lang/String;)[Ljava/lang/String; 29 <appendix> argL0 ; # org/eclipse/core/internal/preferences/PreferencesService$$Lambda+0x00000151341a1430
instanceKlass  @bci org/eclipse/core/internal/localstore/FileSystemResourceManager <init> (Lorg/eclipse/core/internal/resources/Workspace;)V 6 <appendix> member <vmtarget> ; # org/eclipse/core/internal/localstore/FileSystemResourceManager$$Lambda+0x00000151341af730
instanceKlass org/eclipse/core/internal/localstore/IHistoryStore
instanceKlass org/eclipse/core/internal/localstore/RefreshLocalVisitor
instanceKlass org/eclipse/core/internal/localstore/ILocalStoreConstants
instanceKlass org/eclipse/core/internal/localstore/IUnifiedTreeVisitor
instanceKlass org/eclipse/core/internal/localstore/FileSystemResourceManager
instanceKlass org/eclipse/core/runtime/jobs/MultiRule
instanceKlass org/eclipse/core/internal/jobs/OrderedLock
instanceKlass org/eclipse/core/internal/resources/WorkManager$NotifyRule
instanceKlass org/eclipse/core/internal/resources/WorkManager
instanceKlass org/eclipse/core/runtime/NullProgressMonitor
instanceKlass org/eclipse/core/runtime/preferences/IExportedPreferences
instanceKlass  @bci org/eclipse/core/internal/resources/WorkspacePreferences <init> ()V 189 <appendix> member <vmtarget> ; # org/eclipse/core/internal/resources/WorkspacePreferences$$Lambda+0x000001513419e7a0
instanceKlass org/eclipse/core/runtime/Preferences$IPropertyChangeListener
instanceKlass org/eclipse/core/runtime/preferences/IEclipsePreferences$INodeChangeListener
instanceKlass org/eclipse/core/runtime/preferences/IEclipsePreferences$IPreferenceChangeListener
instanceKlass  @bci org/eclipse/core/runtime/Plugin getPluginPreferences ()Lorg/eclipse/core/runtime/Preferences; 65 <appendix> member <vmtarget> ; # org/eclipse/core/runtime/Plugin$$Lambda+0x000001513419d368
instanceKlass org/eclipse/core/runtime/Preferences
# instanceKlass java/lang/invoke/LambdaForm$MH+0x00000151341ae000
instanceKlass lombok/eclipse/agent/PatchFixesShadowLoaded
instanceKlass lombok/core/LombokNode
instanceKlass lombok/core/DiagnosticsReceiver
instanceKlass lombok/launch/PatchFixesHider$Util
instanceKlass lombok/launch/PatchFixesHider$LombokDeps
instanceKlass lombok/launch/ClassFileMetaData
instanceKlass  @bci jdk/internal/reflect/MethodHandleObjectFieldAccessorImpl set (Ljava/lang/Object;Ljava/lang/Object;)V 41 <adapter> ; # java/lang/invoke/LambdaForm$MH+0x00000151341ac800
instanceKlass lombok/launch/PackageShader
# instanceKlass java/lang/invoke/LambdaForm$MH+0x00000151341ac400
# instanceKlass java/lang/invoke/LambdaForm$MH+0x00000151341ac000
# instanceKlass java/lang/invoke/LambdaForm$MH+0x00000151341abc00
# instanceKlass java/lang/invoke/LambdaForm$MH+0x00000151341ab800
# instanceKlass java/lang/invoke/LambdaForm$DMH+0x00000151341ab400
# instanceKlass java/lang/invoke/LambdaForm$MH+0x00000151341a9800
# instanceKlass java/lang/invoke/LambdaForm$MH+0x00000151341a9400
# instanceKlass java/lang/invoke/LambdaForm$MH+0x00000151341a9000
instanceKlass  @cpi org/eclipse/jdt/internal/core/builder/ClasspathJrt 447 form vmentry <vmtarget> ; # java/lang/invoke/LambdaForm$DMH+0x00000151341a8c00
# instanceKlass java/lang/invoke/LambdaForm$MH+0x00000151341a8400
# instanceKlass java/lang/invoke/LambdaForm$MH+0x00000151341a8000
# instanceKlass java/lang/invoke/LambdaForm$MH+0x00000151341a3c00
# instanceKlass java/lang/invoke/LambdaForm$MH+0x00000151341a3800
# instanceKlass java/lang/invoke/LambdaForm$MH+0x00000151341a3400
# instanceKlass java/lang/invoke/LambdaForm$MH+0x00000151341a3000
instanceKlass jdk/internal/vm/annotation/ForceInline
instanceKlass java/lang/constant/ClassDesc
instanceKlass java/io/ObjectOutput
instanceKlass java/io/ObjectStreamConstants
instanceKlass java/io/ObjectInput
instanceKlass java/lang/foreign/ValueLayout
instanceKlass java/lang/foreign/MemoryLayout
# instanceKlass java/lang/invoke/LambdaForm$MH+0x00000151341a2c00
# instanceKlass java/lang/invoke/LambdaForm$MH+0x00000151341a2800
# instanceKlass java/lang/invoke/LambdaForm$MH+0x00000151341a2400
# instanceKlass java/lang/invoke/LambdaForm$MH+0x00000151341a2000
instanceKlass org/eclipse/core/internal/runtime/Product
instanceKlass org/eclipse/core/runtime/IProduct
instanceKlass lombok/patcher/scripts/WrapReturnValuesScript$1
instanceKlass org/eclipse/equinox/internal/app/ProductExtensionBranding
instanceKlass org/eclipse/core/internal/runtime/FindSupport
instanceKlass org/eclipse/core/runtime/FileLocator
instanceKlass  @bci org/eclipse/osgi/internal/framework/legacy/PackageAdminImpl getBundles (Ljava/lang/String;Ljava/lang/String;)[Lorg/osgi/framework/Bundle; 281 <appendix> argL0 ; # org/eclipse/osgi/internal/framework/legacy/PackageAdminImpl$$Lambda+0x00000151341462a0
instanceKlass org/eclipse/core/runtime/SafeRunner
instanceKlass  @bci org/eclipse/core/internal/preferences/PreferenceServiceRegistryHelper runInitializer (Lorg/eclipse/core/runtime/IConfigurationElement;)V 18 <appendix> member <vmtarget> ; # org/eclipse/core/internal/preferences/PreferenceServiceRegistryHelper$$Lambda+0x00000151341a0458
instanceKlass org/eclipse/core/runtime/IExecutableExtensionFactory
instanceKlass org/eclipse/core/runtime/IExecutableExtension
instanceKlass org/eclipse/core/runtime/preferences/AbstractPreferenceInitializer
instanceKlass org/eclipse/core/internal/dtree/AbstractDataTree
instanceKlass org/eclipse/core/internal/dtree/AbstractDataTreeNode
instanceKlass org/eclipse/core/internal/watson/ElementTree
instanceKlass org/eclipse/core/internal/runtime/DataArea
instanceKlass org/eclipse/core/internal/runtime/MetaDataKeeper
instanceKlass org/eclipse/core/internal/resources/LocalMetaArea
instanceKlass org/eclipse/core/internal/resources/LocationValidator
instanceKlass org/eclipse/core/runtime/Platform$OS
instanceKlass org/eclipse/core/internal/utils/FileUtil
instanceKlass org/eclipse/core/internal/watson/IElementContentVisitor
instanceKlass org/eclipse/core/resources/IResourceFilterDescription
instanceKlass org/eclipse/core/resources/IMarker
instanceKlass org/eclipse/core/resources/team/IResourceTree
instanceKlass org/eclipse/core/resources/IResourceProxy
instanceKlass org/eclipse/core/runtime/Platform
instanceKlass org/eclipse/core/resources/team/FileModificationValidationContext
instanceKlass org/eclipse/core/internal/resources/InternalTeamHook
instanceKlass org/eclipse/core/internal/watson/IElementComparator
instanceKlass org/eclipse/core/internal/dtree/IComparator
instanceKlass org/eclipse/core/resources/ISynchronizer
instanceKlass org/eclipse/core/resources/IBuildConfiguration
instanceKlass org/eclipse/core/resources/IResourceRuleFactory
instanceKlass org/eclipse/core/resources/team/IMoveDeleteHook
instanceKlass org/eclipse/core/resources/IProject
instanceKlass org/eclipse/core/internal/resources/ModelObject
instanceKlass org/eclipse/core/resources/IPathVariableManager
instanceKlass org/eclipse/core/resources/IProjectDescription
instanceKlass org/eclipse/core/internal/properties/IPropertyManager
instanceKlass org/eclipse/core/internal/resources/IManager
instanceKlass org/eclipse/core/resources/IWorkspaceDescription
instanceKlass org/eclipse/core/resources/IFile
instanceKlass org/eclipse/core/resources/IEncodedStorage
instanceKlass org/eclipse/core/resources/IStorage
instanceKlass org/eclipse/core/resources/IFolder
instanceKlass org/eclipse/core/internal/watson/IPathRequestor
instanceKlass org/eclipse/core/internal/resources/ResourceInfo
instanceKlass org/eclipse/core/internal/utils/IStringPoolParticipant
instanceKlass org/eclipse/core/runtime/ICoreRunnable
instanceKlass org/eclipse/core/internal/watson/IElementTreeData
instanceKlass org/eclipse/core/internal/jobs/WorkerPool
instanceKlass org/eclipse/core/internal/jobs/JobQueue
instanceKlass org/eclipse/core/internal/jobs/DeadlockDetector
instanceKlass org/eclipse/core/internal/jobs/LockManager
instanceKlass org/eclipse/core/runtime/jobs/JobChangeAdapter
instanceKlass  @bci org/eclipse/core/internal/jobs/JobManager <init> ()V 52 <appendix> member <vmtarget> ; # org/eclipse/core/internal/jobs/JobManager$$Lambda+0x000001513418d318
instanceKlass  @bci org/eclipse/core/internal/jobs/JobListeners <init> ()V 50 <appendix> argL0 ; # org/eclipse/core/internal/jobs/JobListeners$$Lambda+0x000001513418d0f8
instanceKlass  @bci org/eclipse/core/internal/jobs/JobListeners <init> ()V 41 <appendix> argL0 ; # org/eclipse/core/internal/jobs/JobListeners$$Lambda+0x000001513418ced8
instanceKlass  @bci org/eclipse/core/internal/jobs/JobListeners <init> ()V 32 <appendix> argL0 ; # org/eclipse/core/internal/jobs/JobListeners$$Lambda+0x000001513418ccb8
instanceKlass  @bci org/eclipse/core/internal/jobs/JobListeners <init> ()V 23 <appendix> argL0 ; # org/eclipse/core/internal/jobs/JobListeners$$Lambda+0x000001513418ca98
instanceKlass  @bci org/eclipse/core/internal/jobs/JobListeners <init> ()V 14 <appendix> argL0 ; # org/eclipse/core/internal/jobs/JobListeners$$Lambda+0x000001513418c878
instanceKlass  @bci org/eclipse/core/internal/jobs/JobListeners <init> ()V 5 <appendix> argL0 ; # org/eclipse/core/internal/jobs/JobListeners$$Lambda+0x000001513418c658
instanceKlass org/eclipse/core/internal/jobs/JobListeners$IListenerDoit
instanceKlass org/eclipse/core/runtime/jobs/IJobChangeEvent
instanceKlass org/eclipse/core/internal/jobs/JobListeners
instanceKlass org/eclipse/core/internal/jobs/ImplicitJobs
instanceKlass org/eclipse/core/internal/jobs/JobManager$1
instanceKlass org/eclipse/core/runtime/ProgressMonitorWrapper
instanceKlass org/eclipse/core/runtime/IProgressMonitorWithBlocking
instanceKlass org/eclipse/core/internal/jobs/InternalJobGroup
instanceKlass org/eclipse/core/runtime/jobs/ILock
instanceKlass org/eclipse/core/runtime/jobs/IJobChangeListener
instanceKlass org/eclipse/core/internal/jobs/JobManager
instanceKlass org/eclipse/core/runtime/jobs/IJobManager
instanceKlass org/eclipse/core/internal/jobs/JobOSGiUtils
instanceKlass org/eclipse/core/internal/jobs/JobActivator
instanceKlass org/eclipse/core/resources/IWorkspaceRoot
instanceKlass org/eclipse/core/resources/IContainer
instanceKlass org/eclipse/core/resources/IResource
instanceKlass org/eclipse/core/runtime/jobs/ISchedulingRule
instanceKlass org/eclipse/core/runtime/PlatformObject
instanceKlass org/eclipse/core/internal/resources/ICoreConstants
instanceKlass  @bci java/time/format/DateTimeFormatter <clinit> ()V 1075 <appendix> argL0 ; # java/time/format/DateTimeFormatter$$Lambda+0x80000000e
instanceKlass  @bci java/time/format/DateTimeFormatter <clinit> ()V 1067 <appendix> argL0 ; # java/time/format/DateTimeFormatter$$Lambda+0x80000000d
instanceKlass java/time/Period
instanceKlass java/time/chrono/ChronoPeriod
instanceKlass java/time/format/DateTimeFormatterBuilder$TextPrinterParser
instanceKlass java/time/format/DateTimeTextProvider$1
instanceKlass java/time/format/DateTimeTextProvider
instanceKlass java/time/format/DateTimeTextProvider$LocaleStore
instanceKlass java/time/format/DateTimeFormatterBuilder$InstantPrinterParser
instanceKlass java/time/format/DateTimeFormatterBuilder$StringLiteralPrinterParser
instanceKlass java/time/format/DateTimeFormatterBuilder$ZoneIdPrinterParser
instanceKlass java/time/format/DateTimeFormatterBuilder$OffsetIdPrinterParser
instanceKlass java/time/format/DecimalStyle
instanceKlass java/time/format/DateTimeFormatterBuilder$CompositePrinterParser
instanceKlass java/time/chrono/AbstractChronology
instanceKlass java/time/chrono/Chronology
instanceKlass java/time/format/DateTimeFormatterBuilder$CharLiteralPrinterParser
instanceKlass java/time/format/DateTimeFormatterBuilder$NumberPrinterParser
instanceKlass java/time/format/DateTimeFormatterBuilder$DateTimePrinterParser
instanceKlass java/time/temporal/JulianFields
instanceKlass java/time/temporal/IsoFields
instanceKlass  @bci java/time/format/DateTimeFormatterBuilder <clinit> ()V 0 <appendix> argL0 ; # java/time/format/DateTimeFormatterBuilder$$Lambda+0x80000000f
instanceKlass java/time/temporal/TemporalQuery
instanceKlass java/time/format/DateTimeFormatterBuilder
instanceKlass java/time/format/DateTimeFormatter
instanceKlass org/eclipse/osgi/internal/debug/EclipseDebugTrace
instanceKlass org/eclipse/core/internal/utils/Policy$1
instanceKlass org/eclipse/core/runtime/IProgressMonitor
instanceKlass org/eclipse/core/internal/utils/Policy
instanceKlass org/eclipse/core/resources/ResourcesPlugin$WorkspaceInitCustomizer
instanceKlass org/eclipse/core/resources/IWorkspace
instanceKlass org/eclipse/core/runtime/IAdaptable
instanceKlass org/eclipse/jdt/ls/core/internal/managers/ProjectsManager
instanceKlass org/eclipse/jdt/ls/core/internal/managers/IProjectsManager
instanceKlass org/eclipse/core/resources/ISaveParticipant
instanceKlass org/eclipse/core/internal/runtime/LogServiceFactory
instanceKlass org/eclipse/equinox/internal/app/AppCommands
instanceKlass  @bci org/eclipse/jdt/ls/core/internal/handlers/BundleUtils startBundle (Ljava/lang/String;)V 60 <adapter> ; # java/lang/invoke/LambdaForm$MH+0x0000015134185400
instanceKlass  @bci org/eclipse/jdt/ls/core/internal/handlers/BundleUtils startBundle (Ljava/lang/String;)V 60 <appendix> form vmentry <vmtarget> ; # java/lang/invoke/LambdaForm$MH+0x0000015134185000
# instanceKlass java/lang/invoke/LambdaForm$MH+0x0000015134184c00
instanceKlass  @bci org/eclipse/jdt/ls/core/internal/handlers/BundleUtils startBundle (Ljava/lang/String;)V 60 <appendix> form names 6 function resolvedHandle form vmentry <vmtarget> ; # java/lang/invoke/LambdaForm$DMH+0x0000015134184800
instanceKlass  @bci org/eclipse/jdt/ls/core/internal/handlers/BundleUtils startBundle (Ljava/lang/String;)V 60 <appendix> argL3 form vmentry <vmtarget> ; # java/lang/invoke/LambdaForm$MH+0x0000015134184400
# instanceKlass java/lang/invoke/LambdaForm$MH+0x0000015134184000
# instanceKlass java/lang/invoke/LambdaForm$MH+0x0000015134183c00
# instanceKlass java/lang/invoke/LambdaForm$MH+0x0000015134183800
# instanceKlass java/lang/invoke/LambdaForm$MH+0x0000015134183400
instanceKlass  @bci org/eclipse/jdt/ls/core/internal/handlers/BundleUtils startBundle (Ljava/lang/String;)V 60 <appendix> form names 10 function resolvedHandle form vmentry <vmtarget> ; # java/lang/invoke/LambdaForm$DMH+0x0000015134183000
instanceKlass  @bci org/eclipse/jdt/ls/core/internal/handlers/BundleUtils startBundle (Ljava/lang/String;)V 60 <appendix> argL1 form vmentry <vmtarget> ; # java/lang/invoke/LambdaForm$MH+0x0000015134182c00
# instanceKlass java/lang/invoke/LambdaForm$MH+0x0000015134182800
# instanceKlass java/lang/invoke/LambdaForm$MH+0x0000015134182400
# instanceKlass java/lang/invoke/LambdaForm$MH+0x0000015134182000
instanceKlass org/eclipse/equinox/internal/app/EclipseAppContainer$RegisterService
instanceKlass org/eclipse/equinox/app/IApplicationContext
instanceKlass org/osgi/service/application/ApplicationHandle
instanceKlass org/osgi/service/application/ApplicationDescriptor
instanceKlass org/eclipse/osgi/service/runnable/ApplicationLauncher
instanceKlass org/eclipse/equinox/internal/app/IBranding
instanceKlass org/eclipse/osgi/service/runnable/ApplicationRunnable
instanceKlass org/eclipse/osgi/service/runnable/ParameterizedRunnable
instanceKlass org/eclipse/equinox/internal/app/EclipseAppContainer
instanceKlass org/osgi/service/application/ScheduledApplication
instanceKlass org/eclipse/equinox/internal/app/AppPersistence
instanceKlass org/eclipse/equinox/internal/app/Activator
instanceKlass org/eclipse/equinox/internal/app/CommandLineArgs
instanceKlass org/eclipse/core/internal/preferences/legacy/InitLegacyPreferences
instanceKlass org/eclipse/core/internal/preferences/legacy/ProductPreferencesService
instanceKlass org/eclipse/core/internal/preferences/exchange/IProductPreferencesService
instanceKlass org/eclipse/core/internal/runtime/AuthorizationHandler
instanceKlass org/eclipse/core/runtime/IBundleGroupProvider
instanceKlass  @bci org/eclipse/core/internal/runtime/InternalPlatform <clinit> ()V 98 <appendix> argL0 ; # org/eclipse/core/internal/runtime/InternalPlatform$$Lambda+0x000001513417e678
instanceKlass org/eclipse/core/runtime/ILog
instanceKlass org/eclipse/core/internal/runtime/InternalPlatform
instanceKlass org/eclipse/core/runtime/Plugin
instanceKlass org/eclipse/equinox/internal/frameworkadmin/equinox/Log
# instanceKlass java/lang/invoke/LambdaForm$MH+0x000001513417d000
# instanceKlass java/lang/invoke/LambdaForm$MH+0x000001513417cc00
# instanceKlass java/lang/invoke/LambdaForm$MH+0x000001513417c800
instanceKlass org/eclipse/equinox/internal/provisional/configuratormanipulator/ConfiguratorManipulator
instanceKlass java/lang/Process
instanceKlass org/eclipse/equinox/internal/provisional/frameworkadmin/Manipulator
instanceKlass org/eclipse/equinox/internal/frameworkadmin/equinox/EquinoxFwAdminImpl
instanceKlass org/eclipse/equinox/internal/provisional/frameworkadmin/FrameworkAdmin
instanceKlass org/osgi/util/promise/DeferredPromiseImpl$ResolveWith
instanceKlass  @bci org/osgi/util/promise/PromiseFactory$All run ()V 81 <appendix> member <vmtarget> ; # org/osgi/util/promise/PromiseFactory$All$$Lambda+0x000001513417a690
instanceKlass  @cpi org/osgi/util/promise/PromiseFactory$All 144 form vmentry <vmtarget> ; # java/lang/invoke/LambdaForm$DMH+0x000001513417b000
instanceKlass org/osgi/util/promise/PromiseImpl$Result
instanceKlass org/osgi/util/promise/PromiseFactory$All
instanceKlass org/osgi/util/promise/PromiseImpl$InlineCallback
instanceKlass org/eclipse/core/runtime/QualifiedName
instanceKlass org/eclipse/core/internal/content/ContentTypeHandler
instanceKlass org/apache/felix/scr/impl/inject/methods/ActivateMethod$1
instanceKlass org/apache/felix/scr/impl/inject/MethodResult
instanceKlass org/eclipse/core/internal/content/ContentTypeManager$ContentTypeRegistryChangeListener
instanceKlass org/apache/felix/scr/impl/manager/DependencyManager$OpenStatusImpl
instanceKlass org/apache/felix/scr/impl/manager/SingleComponentManager$1
instanceKlass org/apache/felix/scr/impl/inject/ReferenceMethod$1
instanceKlass org/apache/felix/scr/impl/inject/methods/BaseMethod$Resolved
instanceKlass org/apache/felix/scr/impl/inject/methods/BaseMethod$MethodInfo
instanceKlass org/apache/felix/scr/impl/inject/methods/BaseMethod$1
instanceKlass  @bci java/util/stream/Collectors joining (Ljava/lang/CharSequence;Ljava/lang/CharSequence;Ljava/lang/CharSequence;)Ljava/util/stream/Collector; 22 <appendix> argL0 ; # java/util/stream/Collectors$$Lambda+0x800000043
instanceKlass  @bci java/util/stream/Collectors joining (Ljava/lang/CharSequence;Ljava/lang/CharSequence;Ljava/lang/CharSequence;)Ljava/util/stream/Collector; 17 <appendix> argL0 ; # java/util/stream/Collectors$$Lambda+0x800000041
instanceKlass  @bci java/util/stream/Collectors joining (Ljava/lang/CharSequence;Ljava/lang/CharSequence;Ljava/lang/CharSequence;)Ljava/util/stream/Collector; 12 <appendix> argL0 ; # java/util/stream/Collectors$$Lambda+0x80000003e
instanceKlass  @bci java/util/stream/Collectors joining (Ljava/lang/CharSequence;Ljava/lang/CharSequence;Ljava/lang/CharSequence;)Ljava/util/stream/Collector; 7 <appendix> member <vmtarget> ; # java/util/stream/Collectors$$Lambda+0x800000046
instanceKlass  @bci java/lang/Class methodToString (Ljava/lang/String;[Ljava/lang/Class;)Ljava/lang/String; 42 <appendix> argL0 ; # java/lang/Class$$Lambda+0x00000151340f92f0
instanceKlass org/eclipse/core/internal/content/BasicDescription
instanceKlass org/eclipse/core/runtime/content/IContentTypeManager$IContentTypeChangeListener
instanceKlass org/eclipse/core/internal/preferences/BundleStateScopeServiceFactory
instanceKlass org/eclipse/core/internal/preferences/Activator$1
instanceKlass  @bci org/eclipse/jdt/internal/compiler/util/Messages buildVariants (Ljava/lang/String;)[Ljava/lang/String; 24 <appendix> form vmentry <vmtarget> ; # java/lang/invoke/LambdaForm$MH+0x0000015134176c00
# instanceKlass java/lang/invoke/LambdaForm$MH+0x0000015134176800
instanceKlass  @bci org/eclipse/jdt/internal/compiler/util/Messages buildVariants (Ljava/lang/String;)[Ljava/lang/String; 24 <appendix> argL3 form vmentry <vmtarget> ; # java/lang/invoke/LambdaForm$MH+0x0000015134176400
# instanceKlass java/lang/invoke/LambdaForm$MH+0x0000015134176000
# instanceKlass java/lang/invoke/LambdaForm$MH+0x0000015134175c00
# instanceKlass java/lang/invoke/LambdaForm$MH+0x0000015134175800
instanceKlass org/eclipse/core/internal/registry/ExtensionRegistry$ListenerInfo
instanceKlass org/eclipse/core/internal/preferences/PreferenceServiceRegistryHelper
instanceKlass  @bci org/eclipse/jdt/ls/core/internal/JavaLanguageServerPlugin$1 run (Lorg/eclipse/core/runtime/IProgressMonitor;)Lorg/eclipse/core/runtime/IStatus; 22 <appendix> form vmentry <vmtarget> ; # java/lang/invoke/LambdaForm$MH+0x0000015134175400
instanceKlass  @bci org/eclipse/jdt/ls/core/internal/JavaLanguageServerPlugin$1 run (Lorg/eclipse/core/runtime/IProgressMonitor;)Lorg/eclipse/core/runtime/IStatus; 22 <appendix> argL3 form vmentry <vmtarget> ; # java/lang/invoke/LambdaForm$MH+0x0000015134175000
# instanceKlass java/lang/invoke/LambdaForm$MH+0x0000015134174c00
# instanceKlass java/lang/invoke/LambdaForm$MH+0x0000015134174800
instanceKlass  @bci org/eclipse/jdt/ls/core/internal/handlers/BundleUtils startBundle (Ljava/lang/String;)V 60 <appendix> argL1 argL1 form vmentry <vmtarget> ; # java/lang/invoke/LambdaForm$MH+0x0000015134174400
# instanceKlass java/lang/invoke/LambdaForm$MH+0x0000015134174000
instanceKlass org/eclipse/core/runtime/ListenerList$ListenerListIterator
instanceKlass org/eclipse/core/internal/preferences/OSGiPreferencesServiceManager
instanceKlass org/osgi/service/prefs/PreferencesService
instanceKlass org/eclipse/core/runtime/preferences/AbstractScope
instanceKlass org/eclipse/core/runtime/Path
instanceKlass org/eclipse/core/runtime/Path$Constants
instanceKlass org/eclipse/core/runtime/IPath
instanceKlass org/eclipse/core/internal/preferences/ImmutableMap
instanceKlass org/eclipse/core/internal/preferences/EclipsePreferences
instanceKlass org/eclipse/core/runtime/preferences/IScope
instanceKlass org/eclipse/core/runtime/preferences/IEclipsePreferences
instanceKlass org/eclipse/core/internal/preferences/PreferencesService
instanceKlass org/eclipse/core/runtime/preferences/IPreferencesService
instanceKlass org/eclipse/core/internal/preferences/exchange/ILegacyPreferences
instanceKlass org/eclipse/core/internal/preferences/PreferencesOSGiUtils
instanceKlass org/eclipse/core/internal/preferences/Activator
instanceKlass org/eclipse/core/runtime/preferences/IScopeContext
instanceKlass org/eclipse/core/runtime/content/IContentTypeManager$ISelectionPolicy
instanceKlass org/eclipse/core/internal/content/ContentTypeBuilder
instanceKlass org/eclipse/core/internal/content/ContentTypeCatalog
instanceKlass org/apache/felix/scr/impl/inject/ValueUtils
instanceKlass org/eclipse/core/internal/content/ILazySource
instanceKlass org/eclipse/core/internal/adapter/AdapterManagerListener
instanceKlass org/eclipse/core/internal/runtime/IAdapterManagerProvider
instanceKlass org/eclipse/core/runtime/IRegistryEventListener
instanceKlass org/eclipse/core/internal/registry/osgi/RegistryCommandProvider
instanceKlass org/eclipse/osgi/framework/console/CommandProvider
instanceKlass org/eclipse/core/internal/registry/RegistryProviderFactory
instanceKlass org/eclipse/core/internal/registry/osgi/RegistryProviderOSGI
instanceKlass org/eclipse/core/internal/registry/TemporaryObjectManager
instanceKlass org/eclipse/core/internal/registry/RegistryIndexChildren
instanceKlass org/eclipse/core/internal/registry/RegistryIndexElement
instanceKlass org/eclipse/core/internal/registry/CombinedEventDelta
instanceKlass org/eclipse/core/internal/registry/Contribution
instanceKlass org/eclipse/core/runtime/Assert
# instanceKlass java/lang/invoke/LambdaForm$MH+0x0000015134168c00
instanceKlass java/lang/invoke/DirectMethodHandle$1
instanceKlass org/eclipse/core/internal/runtime/LocalizationUtils
instanceKlass org/eclipse/core/runtime/Status
instanceKlass  @bci jdk/internal/reflect/MethodHandleObjectFieldAccessorImpl set (Ljava/lang/Object;Ljava/lang/Object;)V 29 <adapter> ; # java/lang/invoke/LambdaForm$MH+0x0000015134168800
# instanceKlass java/lang/invoke/LambdaForm$MH+0x0000015134168400
# instanceKlass java/lang/invoke/LambdaForm$MH+0x0000015134168000
instanceKlass  @bci org/eclipse/osgi/util/NLS <clinit> ()V 7 <appendix> argL0 ; # org/eclipse/osgi/util/NLS$$Lambda+0x0000015134144c78
instanceKlass org/eclipse/osgi/util/NLS
instanceKlass org/eclipse/core/internal/runtime/ResourceTranslator
instanceKlass org/eclipse/core/runtime/spi/RegistryContributor
instanceKlass org/eclipse/core/runtime/IContributor
instanceKlass org/eclipse/core/runtime/ContributorFactoryOSGi
instanceKlass org/eclipse/core/internal/registry/osgi/EclipseBundleListener
instanceKlass org/eclipse/osgi/compatibility/state/ReadOnlyState
instanceKlass org/eclipse/core/internal/registry/HashtableOfStringAndInt
instanceKlass org/eclipse/core/internal/registry/KeyedHashSet
instanceKlass org/eclipse/core/runtime/IConfigurationElement
instanceKlass org/eclipse/core/internal/registry/Handle
instanceKlass org/eclipse/core/internal/registry/RegistryObjectManager
instanceKlass org/eclipse/core/internal/registry/IObjectManager
instanceKlass  @bci org/eclipse/core/internal/registry/RegistryProperties getContextProperty (Ljava/lang/String;)Ljava/lang/String; 18 <appendix> member <vmtarget> ; # org/eclipse/core/internal/registry/RegistryProperties$$Lambda+0x0000015134162d08
instanceKlass org/eclipse/core/internal/registry/RegistryTimestamp
instanceKlass org/eclipse/core/internal/registry/TableReader
instanceKlass org/eclipse/core/runtime/ListenerList
instanceKlass org/eclipse/core/internal/registry/ReadWriteMonitor
instanceKlass org/eclipse/core/internal/registry/RegistryObjectFactory
instanceKlass org/eclipse/core/runtime/IExtensionPoint
instanceKlass org/eclipse/core/runtime/IExtensionDelta
instanceKlass org/eclipse/core/runtime/ISafeRunnable
instanceKlass org/eclipse/core/runtime/IExtension
instanceKlass org/eclipse/core/internal/registry/RegistryObject
instanceKlass org/eclipse/core/internal/registry/KeyedElement
instanceKlass org/eclipse/core/internal/registry/ExtensionRegistry
instanceKlass org/eclipse/core/runtime/spi/IDynamicExtensionRegistry
instanceKlass org/eclipse/core/runtime/IExtensionRegistry
instanceKlass org/eclipse/core/runtime/RegistryFactory
instanceKlass org/eclipse/core/internal/registry/ReferenceMap$IEntry
instanceKlass org/eclipse/core/internal/registry/ReferenceMap
instanceKlass org/eclipse/core/internal/registry/osgi/OSGIUtils
instanceKlass org/eclipse/core/internal/registry/osgi/EquinoxUtils
instanceKlass org/eclipse/core/internal/registry/RegistryProperties
instanceKlass org/eclipse/core/runtime/spi/IRegistryProvider
instanceKlass org/eclipse/core/runtime/spi/RegistryStrategy
instanceKlass org/eclipse/core/internal/registry/osgi/Activator
instanceKlass org/eclipse/core/runtime/IRegistryChangeListener
instanceKlass org/eclipse/core/internal/content/IContentTypeInfo
instanceKlass org/eclipse/core/runtime/content/IContentDescription
instanceKlass org/eclipse/core/runtime/content/IContentType
instanceKlass org/eclipse/core/runtime/content/IContentTypeSettings
instanceKlass org/osgi/service/prefs/Preferences
instanceKlass org/apache/felix/scr/impl/inject/internal/ComponentConstructorImpl
instanceKlass org/apache/felix/scr/impl/inject/ReferenceMethods$1
instanceKlass org/apache/felix/scr/impl/inject/ReferenceMethod
instanceKlass org/apache/felix/scr/impl/inject/methods/BindMethods
instanceKlass org/apache/felix/scr/impl/inject/ReferenceMethods
instanceKlass org/apache/felix/scr/impl/inject/methods/BaseMethod$NotApplicable
instanceKlass org/apache/felix/scr/impl/inject/methods/BaseMethod$NotResolved
instanceKlass org/apache/felix/scr/impl/inject/methods/BaseMethod$State
instanceKlass org/apache/felix/scr/impl/inject/BaseParameter
instanceKlass org/apache/felix/scr/impl/inject/methods/BaseMethod
instanceKlass org/eclipse/core/internal/content/ContentTypeMatcher
instanceKlass org/eclipse/core/runtime/content/IContentTypeManager
instanceKlass org/eclipse/core/runtime/content/IContentTypeMatcher
instanceKlass org/apache/felix/scr/impl/helper/ComponentServiceObjectsHelper
instanceKlass org/apache/felix/scr/impl/manager/EdgeInfo
instanceKlass org/apache/felix/scr/impl/manager/ComponentContextImpl$ComponentInstanceImpl
instanceKlass org/osgi/service/component/ComponentInstance
instanceKlass org/apache/felix/scr/impl/manager/ComponentContextImpl
instanceKlass org/apache/felix/scr/impl/manager/RegistrationManager$RegStateWrapper
instanceKlass org/apache/felix/scr/impl/BundleComponentActivator$ListenerInfo
instanceKlass org/apache/felix/scr/impl/manager/ServiceTracker$AbstractTracked
instanceKlass org/apache/felix/scr/impl/manager/ExtendedServiceListener
instanceKlass org/apache/felix/scr/impl/manager/ServiceTracker
instanceKlass org/apache/felix/scr/impl/helper/Coercions
instanceKlass org/apache/felix/scr/impl/manager/DependencyManager$AbstractCustomizer
instanceKlass org/apache/felix/scr/impl/manager/DependencyManager$Customizer
instanceKlass org/apache/felix/scr/impl/inject/RefPair
instanceKlass org/apache/felix/scr/impl/manager/ServiceTrackerCustomizer
instanceKlass org/apache/felix/scr/impl/inject/OpenStatus
instanceKlass org/apache/felix/scr/impl/manager/DependencyManager
instanceKlass org/apache/felix/scr/impl/manager/ReferenceManager
instanceKlass org/osgi/util/promise/Deferred
instanceKlass org/apache/felix/scr/impl/inject/ScrComponentContext
instanceKlass org/apache/felix/scr/component/ExtComponentContext
instanceKlass org/apache/felix/scr/impl/manager/SingleComponentManager$SetImplementationObject
instanceKlass org/apache/felix/scr/impl/manager/RegistrationManager
instanceKlass org/apache/felix/scr/impl/helper/ConfigAdminTracker$1
instanceKlass org/apache/felix/scr/impl/helper/ConfigAdminTracker
instanceKlass java/util/Timer$ThreadReaper
instanceKlass java/util/TaskQueue
instanceKlass java/util/Timer
instanceKlass org/apache/felix/scr/impl/inject/ComponentConstructor
instanceKlass org/apache/felix/scr/impl/inject/LifecycleMethod
instanceKlass org/apache/felix/scr/impl/inject/internal/ComponentMethodsImpl
instanceKlass org/apache/felix/scr/impl/metadata/TargetedPID
instanceKlass java/util/concurrent/CompletionStage
instanceKlass org/osgi/util/promise/PromiseImpl
instanceKlass org/osgi/util/promise/Promise
instanceKlass org/osgi/util/promise/PromiseFactory
instanceKlass org/osgi/util/promise/Promises
instanceKlass org/apache/felix/scr/impl/inject/ComponentMethods
instanceKlass org/osgi/service/component/ComponentFactory
instanceKlass org/apache/felix/scr/impl/manager/AbstractComponentManager
instanceKlass org/apache/felix/scr/impl/manager/ComponentManager
instanceKlass org/apache/felix/scr/impl/manager/ConfigurableComponentHolder
instanceKlass org/apache/felix/scr/impl/manager/ComponentContainer
instanceKlass org/apache/felix/scr/impl/ComponentRegistryKey
instanceKlass org/apache/felix/scr/impl/metadata/PropertyMetadata
instanceKlass org/apache/felix/scr/impl/metadata/ReferenceMetadata
instanceKlass org/apache/felix/scr/impl/metadata/ServiceMetadata
instanceKlass org/apache/felix/scr/impl/metadata/ComponentMetadata
instanceKlass org/apache/felix/scr/impl/xml/XmlConstants
instanceKlass com/sun/org/apache/xerces/internal/impl/Constants$ArrayEnumeration
instanceKlass com/sun/org/apache/xerces/internal/impl/Constants
instanceKlass com/sun/org/apache/xerces/internal/parsers/AbstractSAXParser$LocatorProxy
instanceKlass org/xml/sax/ext/Locator2
instanceKlass org/xml/sax/Locator
instanceKlass com/sun/org/apache/xerces/internal/util/XMLSymbols
instanceKlass com/sun/org/apache/xerces/internal/util/XMLChar
instanceKlass com/sun/xml/internal/stream/Entity
instanceKlass com/sun/xml/internal/stream/util/BufferAllocator
instanceKlass com/sun/xml/internal/stream/util/ThreadLocalBufferAllocator
instanceKlass com/sun/org/apache/xerces/internal/impl/XMLEntityManager$EncodingInfo
instanceKlass com/sun/org/apache/xerces/internal/utils/XMLLimitAnalyzer
instanceKlass com/sun/org/apache/xerces/internal/xni/parser/XMLInputSource
instanceKlass com/sun/org/apache/xerces/internal/util/ErrorHandlerWrapper
instanceKlass com/sun/org/apache/xerces/internal/xni/parser/XMLErrorHandler
instanceKlass com/sun/org/apache/xerces/internal/impl/ExternalSubsetResolver
instanceKlass com/sun/org/apache/xerces/internal/util/EntityResolverWrapper
instanceKlass org/xml/sax/ext/EntityResolver2
instanceKlass org/xml/sax/InputSource
instanceKlass com/sun/org/apache/xerces/internal/parsers/AbstractSAXParser$AttributesProxy
instanceKlass org/xml/sax/ext/Attributes2
instanceKlass org/xml/sax/Attributes
instanceKlass org/xml/sax/AttributeList
instanceKlass com/sun/org/apache/xerces/internal/util/FeatureState
instanceKlass com/sun/org/apache/xerces/internal/util/PropertyState
instanceKlass com/sun/org/apache/xerces/internal/impl/msg/XMLMessageFormatter
instanceKlass com/sun/org/apache/xerces/internal/util/MessageFormatter
instanceKlass com/sun/org/apache/xerces/internal/impl/XMLVersionDetector
instanceKlass com/sun/org/apache/xerces/internal/impl/validation/ValidationManager
instanceKlass com/sun/org/apache/xerces/internal/impl/dv/dtd/NMTOKENDatatypeValidator
instanceKlass com/sun/org/apache/xerces/internal/impl/dv/dtd/NOTATIONDatatypeValidator
instanceKlass com/sun/org/apache/xerces/internal/impl/dv/dtd/ENTITYDatatypeValidator
instanceKlass com/sun/org/apache/xerces/internal/impl/dv/dtd/ListDatatypeValidator
instanceKlass com/sun/org/apache/xerces/internal/impl/dv/dtd/IDREFDatatypeValidator
instanceKlass com/sun/org/apache/xerces/internal/impl/dv/dtd/IDDatatypeValidator
instanceKlass com/sun/org/apache/xerces/internal/impl/dv/dtd/StringDatatypeValidator
instanceKlass com/sun/org/apache/xerces/internal/impl/dv/DatatypeValidator
instanceKlass com/sun/org/apache/xerces/internal/impl/dv/DTDDVFactory
instanceKlass com/sun/org/apache/xerces/internal/impl/dtd/DTDGrammarBucket
instanceKlass com/sun/org/apache/xerces/internal/impl/dtd/XMLAttributeDecl
instanceKlass com/sun/org/apache/xerces/internal/impl/dtd/XMLSimpleType
instanceKlass com/sun/org/apache/xerces/internal/impl/dtd/XMLElementDecl
instanceKlass com/sun/org/apache/xerces/internal/impl/validation/ValidationState
instanceKlass com/sun/org/apache/xerces/internal/impl/dv/ValidationContext
instanceKlass com/sun/org/apache/xerces/internal/impl/dtd/XMLDTDValidator
instanceKlass com/sun/org/apache/xerces/internal/impl/RevalidationHandler
instanceKlass com/sun/org/apache/xerces/internal/impl/dtd/XMLDTDValidatorFilter
instanceKlass com/sun/org/apache/xerces/internal/xni/parser/XMLDocumentFilter
instanceKlass com/sun/org/apache/xerces/internal/impl/dtd/XMLEntityDecl
instanceKlass com/sun/org/apache/xerces/internal/impl/dtd/XMLDTDProcessor
instanceKlass com/sun/org/apache/xerces/internal/xni/parser/XMLDTDContentModelFilter
instanceKlass com/sun/org/apache/xerces/internal/xni/parser/XMLDTDFilter
instanceKlass com/sun/org/apache/xerces/internal/xni/parser/XMLDTDScanner
instanceKlass com/sun/org/apache/xerces/internal/xni/parser/XMLDTDContentModelSource
instanceKlass com/sun/org/apache/xerces/internal/xni/parser/XMLDTDSource
instanceKlass com/sun/org/apache/xerces/internal/xni/grammars/XMLDTDDescription
instanceKlass com/sun/org/apache/xerces/internal/xni/grammars/XMLGrammarDescription
instanceKlass com/sun/org/apache/xerces/internal/impl/XMLDocumentScannerImpl$TrailingMiscDriver
instanceKlass com/sun/org/apache/xerces/internal/impl/XMLDocumentScannerImpl$PrologDriver
instanceKlass com/sun/org/apache/xerces/internal/impl/XMLDocumentScannerImpl$XMLDeclDriver
instanceKlass com/sun/org/apache/xerces/internal/util/NamespaceSupport
instanceKlass com/sun/org/apache/xerces/internal/xni/NamespaceContext
instanceKlass com/sun/org/apache/xerces/internal/util/XMLAttributesImpl$Attribute
instanceKlass com/sun/org/apache/xerces/internal/util/XMLAttributesImpl
instanceKlass com/sun/org/apache/xerces/internal/xni/XMLAttributes
instanceKlass com/sun/org/apache/xerces/internal/impl/XMLDocumentFragmentScannerImpl$FragmentContentDriver
instanceKlass com/sun/org/apache/xerces/internal/impl/XMLDocumentFragmentScannerImpl$Driver
instanceKlass com/sun/org/apache/xerces/internal/impl/XMLDocumentFragmentScannerImpl$ElementStack2
instanceKlass com/sun/org/apache/xerces/internal/xni/QName
instanceKlass com/sun/org/apache/xerces/internal/impl/XMLDocumentFragmentScannerImpl$ElementStack
instanceKlass com/sun/org/apache/xerces/internal/xni/XMLString
instanceKlass com/sun/org/apache/xerces/internal/impl/XMLScanner
instanceKlass com/sun/xml/internal/stream/XMLBufferListener
instanceKlass com/sun/org/apache/xerces/internal/impl/XMLEntityHandler
instanceKlass com/sun/org/apache/xerces/internal/xni/parser/XMLDocumentScanner
instanceKlass com/sun/org/apache/xerces/internal/xni/parser/XMLDocumentSource
instanceKlass com/sun/org/apache/xerces/internal/impl/XMLErrorReporter
instanceKlass com/sun/org/apache/xerces/internal/impl/XMLEntityScanner
instanceKlass com/sun/org/apache/xerces/internal/xni/XMLLocator
instanceKlass com/sun/xml/internal/stream/XMLEntityStorage
instanceKlass com/sun/org/apache/xerces/internal/util/AugmentationsImpl$AugmentationsItemsContainer
instanceKlass com/sun/org/apache/xerces/internal/util/AugmentationsImpl
instanceKlass com/sun/org/apache/xerces/internal/xni/Augmentations
instanceKlass com/sun/org/apache/xerces/internal/util/XMLResourceIdentifierImpl
instanceKlass com/sun/org/apache/xerces/internal/xni/XMLResourceIdentifier
instanceKlass com/sun/org/apache/xerces/internal/impl/XMLEntityManager
instanceKlass com/sun/org/apache/xerces/internal/xni/parser/XMLEntityResolver
instanceKlass com/sun/org/apache/xerces/internal/xni/parser/XMLComponent
instanceKlass com/sun/org/apache/xerces/internal/util/SymbolTable$Entry
instanceKlass com/sun/org/apache/xerces/internal/util/SymbolTable
instanceKlass jdk/xml/internal/JdkConstants
instanceKlass jdk/xml/internal/JdkXmlUtils
instanceKlass com/sun/org/apache/xerces/internal/util/ParserConfigurationSettings
instanceKlass com/sun/org/apache/xerces/internal/parsers/XML11Configurable
instanceKlass com/sun/org/apache/xerces/internal/xni/parser/XMLPullParserConfiguration
instanceKlass com/sun/org/apache/xerces/internal/xni/parser/XMLParserConfiguration
instanceKlass com/sun/org/apache/xerces/internal/xni/parser/XMLComponentManager
instanceKlass com/sun/org/apache/xerces/internal/parsers/XMLParser
instanceKlass com/sun/org/apache/xerces/internal/xni/XMLDTDContentModelHandler
instanceKlass com/sun/org/apache/xerces/internal/xni/XMLDTDHandler
instanceKlass com/sun/org/apache/xerces/internal/xni/XMLDocumentHandler
instanceKlass org/xml/sax/XMLReader
instanceKlass org/xml/sax/Parser
instanceKlass com/sun/org/apache/xerces/internal/utils/XMLSecurityPropertyManager
instanceKlass com/sun/org/apache/xerces/internal/utils/XMLSecurityManager
instanceKlass javax/xml/parsers/SAXParser
instanceKlass com/sun/org/apache/xerces/internal/xs/PSVIProvider
instanceKlass com/sun/org/apache/xerces/internal/jaxp/JAXPConstants
instanceKlass  @bci javax/xml/parsers/FactoryFinder newInstance (Ljava/lang/Class;Ljava/lang/String;Ljava/lang/ClassLoader;ZZ)Ljava/lang/Object; 104 <appendix> member <vmtarget> ; # javax/xml/parsers/FactoryFinder$$Lambda+0x00000151340dd558
instanceKlass  @bci jdk/xml/internal/SecuritySupport getContextClassLoader ()Ljava/lang/ClassLoader; 0 <appendix> argL0 ; # jdk/xml/internal/SecuritySupport$$Lambda+0x00000151340dd0d0
instanceKlass  @bci javax/xml/parsers/FactoryFinder find (Ljava/lang/Class;Ljava/lang/String;)Ljava/lang/Object; 104 <appendix> member <vmtarget> ; # javax/xml/parsers/FactoryFinder$$Lambda+0x00000151340dcea8
instanceKlass javax/xml/parsers/FactoryFinder$1
instanceKlass  @bci jdk/xml/internal/SecuritySupport getFileInputStream (Ljava/io/File;)Ljava/io/FileInputStream; 1 <appendix> member <vmtarget> ; # jdk/xml/internal/SecuritySupport$$Lambda+0x00000151340dca50
instanceKlass  @bci jdk/xml/internal/SecuritySupport doesFileExist (Ljava/io/File;)Z 1 <appendix> member <vmtarget> ; # jdk/xml/internal/SecuritySupport$$Lambda+0x00000151340dc828
instanceKlass  @bci javax/xml/parsers/FactoryFinder find (Ljava/lang/Class;Ljava/lang/String;)Ljava/lang/Object; 6 <appendix> member <vmtarget> ; # javax/xml/parsers/FactoryFinder$$Lambda+0x00000151340dc600
instanceKlass  @bci jdk/xml/internal/SecuritySupport getSystemProperty (Ljava/lang/String;)Ljava/lang/String; 1 <appendix> member <vmtarget> ; # jdk/xml/internal/SecuritySupport$$Lambda+0x00000151340dc3d8
instanceKlass jdk/xml/internal/SecuritySupport
instanceKlass javax/xml/parsers/FactoryFinder
instanceKlass javax/xml/parsers/SAXParserFactory
instanceKlass org/xml/sax/helpers/DefaultHandler
instanceKlass org/xml/sax/ErrorHandler
instanceKlass org/xml/sax/ContentHandler
instanceKlass org/xml/sax/DTDHandler
instanceKlass org/xml/sax/EntityResolver
instanceKlass org/apache/felix/scr/impl/BundleComponentActivator
instanceKlass org/apache/felix/scr/impl/manager/ComponentActivator
instanceKlass org/apache/felix/scr/impl/manager/ExtendedServiceListenerContext
instanceKlass org/eclipse/core/internal/runtime/IAdapterFactoryExt
instanceKlass org/eclipse/core/internal/runtime/AdapterFactoryBridge$LazyAdapterFactory
instanceKlass org/eclipse/core/internal/runtime/AdapterFactoryBridge
instanceKlass org/eclipse/core/runtime/IAdapterFactory
instanceKlass org/eclipse/core/internal/runtime/TracingOptions$1
instanceKlass org/eclipse/core/internal/runtime/TracingOptions
instanceKlass java/util/AbstractMap$1$1
instanceKlass org/osgi/service/url/URLStreamHandlerService
instanceKlass  @bci org/eclipse/core/runtime/ServiceCaller current ()Ljava/util/Optional; 4 <appendix> argL0 ; # org/eclipse/core/runtime/ServiceCaller$$Lambda+0x0000015134141078
instanceKlass  @bci org/eclipse/jdt/internal/compiler/util/Messages buildVariants (Ljava/lang/String;)[Ljava/lang/String; 24 <appendix> argL2 form vmentry <vmtarget> ; # java/lang/invoke/LambdaForm$MH+0x0000015134142000
instanceKlass  @bci org/eclipse/core/runtime/ServiceCaller trackCurrent ()Ljava/util/Optional; 19 <appendix> member <vmtarget> ; # org/eclipse/core/runtime/ServiceCaller$$Lambda+0x0000015134140e30
instanceKlass  @bci org/eclipse/core/runtime/ServiceCaller getCurrent ()Ljava/util/Optional; 12 <appendix> member <vmtarget> ; # org/eclipse/core/runtime/ServiceCaller$$Lambda+0x0000015134140be8
instanceKlass org/eclipse/core/runtime/ServiceCaller$ReferenceAndService
instanceKlass org/eclipse/core/internal/runtime/AdapterManager
instanceKlass org/eclipse/core/runtime/IAdapterManager
instanceKlass org/eclipse/core/internal/runtime/PlatformURLConverter
instanceKlass org/eclipse/core/internal/runtime/RuntimeLog
instanceKlass org/eclipse/core/runtime/IStatus
instanceKlass org/eclipse/core/internal/runtime/PlatformLogWriter
instanceKlass org/eclipse/osgi/internal/log/ExtendedLogReaderServiceImpl
instanceKlass  @bci org/eclipse/core/runtime/ServiceCaller <init> (Ljava/lang/Class;Ljava/lang/Class;Ljava/lang/String;)V 39 <appendix> argL0 ; # org/eclipse/core/runtime/ServiceCaller$$Lambda+0x000001513413d000
instanceKlass  @bci org/osgi/framework/FrameworkUtil getBundle (Ljava/lang/Class;)Lorg/osgi/framework/Bundle; 26 <appendix> member <vmtarget> ; # org/osgi/framework/FrameworkUtil$$Lambda+0x000001513412f718
instanceKlass  @bci org/osgi/framework/FrameworkUtil getBundle (Ljava/lang/Class;)Lorg/osgi/framework/Bundle; 17 <appendix> argL0 ; # org/osgi/framework/FrameworkUtil$$Lambda+0x000001513412f4d8
instanceKlass  @bci org/osgi/framework/FrameworkUtil getBundle (Ljava/lang/Class;)Lorg/osgi/framework/Bundle; 1 <appendix> member <vmtarget> ; # org/osgi/framework/FrameworkUtil$$Lambda+0x000001513412f2b0
instanceKlass  @bci org/eclipse/core/runtime/ServiceCaller <init> (Ljava/lang/Class;Ljava/lang/Class;Ljava/lang/String;)V 31 <appendix> argL0 ; # org/eclipse/core/runtime/ServiceCaller$$Lambda+0x000001513413cca8
instanceKlass org/eclipse/core/runtime/ServiceCaller
instanceKlass org/eclipse/core/internal/runtime/Activator
instanceKlass org/apache/felix/scr/impl/config/ScrMetaTypeProviderServiceFactory
instanceKlass org/apache/felix/scr/impl/config/ScrManagedServiceServiceFactory
instanceKlass org/apache/felix/scr/impl/ComponentCommands$2
instanceKlass org/apache/felix/scr/impl/ComponentCommands$1
instanceKlass org/apache/felix/scr/impl/ComponentCommands
instanceKlass org/apache/felix/scr/impl/Activator$ScrExtension
instanceKlass org/apache/felix/scr/impl/ComponentActorThread$1
instanceKlass org/apache/felix/scr/impl/ComponentActorThread
instanceKlass org/apache/felix/scr/impl/runtime/ServiceComponentRuntimeImpl
instanceKlass org/apache/felix/scr/impl/manager/ComponentHolder
instanceKlass org/apache/felix/scr/impl/manager/RegionConfigurationSupport
instanceKlass java/util/TimerTask
instanceKlass org/apache/felix/scr/impl/ComponentRegistry
instanceKlass org/apache/felix/scr/impl/logger/ScrLogManager$1
instanceKlass org/apache/felix/scr/impl/logger/LogManager$LogDomain
instanceKlass org/apache/felix/scr/impl/logger/LogManager$Lock
instanceKlass org/apache/felix/scr/impl/logger/LogManager$LoggerFacade
instanceKlass org/apache/felix/scr/impl/logger/BundleLogger
instanceKlass org/apache/felix/scr/impl/logger/ComponentLogger
instanceKlass org/apache/felix/scr/impl/logger/ScrLogger
instanceKlass org/apache/felix/scr/impl/logger/InternalLogger
instanceKlass org/apache/felix/scr/impl/logger/ScrLoggerFactory
instanceKlass org/osgi/service/component/ComponentContext
instanceKlass org/osgi/service/component/ComponentServiceObjects
instanceKlass org/apache/felix/scr/impl/inject/internal/ClassUtils
instanceKlass org/apache/felix/scr/impl/config/ScrConfigurationImpl
instanceKlass org/osgi/service/component/runtime/ServiceComponentRuntime
instanceKlass org/apache/felix/scr/impl/manager/ScrConfiguration
instanceKlass org/apache/felix/scr/impl/logger/LogConfiguration
instanceKlass org/apache/felix/scr/impl/AbstractExtender
instanceKlass org/eclipse/osgi/internal/loader/buddy/PolicyHandler
instanceKlass org/apache/aries/spifly/WeavingData
instanceKlass org/apache/aries/spifly/ConsumerRestriction
instanceKlass org/apache/aries/spifly/MethodRestriction
instanceKlass org/apache/aries/spifly/ArgRestrictions
instanceKlass org/apache/aries/spifly/BundleDescriptor
instanceKlass  @bci org/apache/aries/spifly/BaseActivator addConsumerWeavingData (Lorg/osgi/framework/Bundle;Ljava/lang/String;)V 177 <appendix> member <vmtarget> ; # org/apache/aries/spifly/BaseActivator$$Lambda+0x0000015134132e38
instanceKlass  @bci org/apache/aries/spifly/BaseActivator addConsumerWeavingData (Lorg/osgi/framework/Bundle;Ljava/lang/String;)V 161 <appendix> member <vmtarget> ; # org/apache/aries/spifly/BaseActivator$$Lambda+0x0000015134132be0
instanceKlass  @bci org/apache/aries/spifly/BaseActivator addConsumerWeavingData (Lorg/osgi/framework/Bundle;Ljava/lang/String;)V 149 <appendix> argL0 ; # org/apache/aries/spifly/BaseActivator$$Lambda+0x00000151341329c0
instanceKlass  @bci org/apache/aries/spifly/BaseActivator addConsumerWeavingData (Lorg/osgi/framework/Bundle;Ljava/lang/String;)V 141 <appendix> argL0 ; # org/apache/aries/spifly/BaseActivator$$Lambda+0x0000015134132780
instanceKlass org/apache/aries/spifly/ConsumerBundleTrackerCustomizer
instanceKlass java/util/Formattable
instanceKlass java/time/LocalTime$1
instanceKlass sun/util/locale/provider/LocaleResources
instanceKlass  @bci sun/util/locale/provider/JRELocaleProviderAdapter getDecimalFormatSymbolsProvider ()Ljava/text/spi/DecimalFormatSymbolsProvider; 8 <appendix> member <vmtarget> ; # sun/util/locale/provider/JRELocaleProviderAdapter$$Lambda+0x800000066
instanceKlass java/text/DecimalFormatSymbols
instanceKlass sun/util/resources/Bundles$CacheKeyReference
instanceKlass  @bci sun/util/cldr/CLDRLocaleProviderAdapter applyAliases (Ljava/util/Locale;)Ljava/util/Locale; 4 <appendix> argL0 ; # sun/util/cldr/CLDRLocaleProviderAdapter$$Lambda+0x80000005f
instanceKlass sun/util/resources/Bundles$CacheKey
instanceKlass sun/util/resources/Bundles
instanceKlass sun/util/resources/LocaleData$LocaleDataStrategy
instanceKlass sun/util/resources/Bundles$Strategy
instanceKlass sun/util/resources/LocaleData$1
instanceKlass sun/util/resources/LocaleData
instanceKlass java/util/Locale$Builder
instanceKlass sun/util/locale/provider/CalendarDataUtility
instanceKlass sun/util/locale/provider/AvailableLanguageTags
instanceKlass  @bci sun/util/locale/provider/JRELocaleProviderAdapter getDateFormatSymbolsProvider ()Ljava/text/spi/DateFormatSymbolsProvider; 8 <appendix> member <vmtarget> ; # sun/util/locale/provider/JRELocaleProviderAdapter$$Lambda+0x800000065
instanceKlass sun/util/resources/cldr/provider/CLDRLocaleDataMetaInfo
instanceKlass jdk/internal/module/ModulePatcher$PatchedModuleReader
instanceKlass  @bci sun/util/cldr/CLDRLocaleProviderAdapter <init> ()V 4 <appendix> argL0 ; # sun/util/cldr/CLDRLocaleProviderAdapter$$Lambda+0x800000061
instanceKlass sun/util/locale/BaseLocale$Key
instanceKlass sun/util/locale/InternalLocaleBuilder$CaseInsensitiveChar
instanceKlass sun/util/locale/InternalLocaleBuilder
instanceKlass sun/util/locale/StringTokenIterator
instanceKlass sun/util/locale/ParseStatus
instanceKlass sun/util/locale/LanguageTag
instanceKlass sun/util/cldr/CLDRBaseLocaleDataMetaInfo
instanceKlass sun/util/locale/provider/LocaleDataMetaInfo
instanceKlass sun/util/locale/provider/ResourceBundleBasedAdapter
instanceKlass sun/util/locale/provider/LocaleProviderAdapter
instanceKlass java/util/spi/LocaleServiceProvider
instanceKlass java/text/DateFormatSymbols
instanceKlass java/time/LocalDate$1
instanceKlass java/time/ZonedDateTime$1
instanceKlass java/util/Calendar
instanceKlass java/util/Formatter$FixedString
instanceKlass java/util/Formatter$DateTime
instanceKlass java/util/Formatter$Flags
instanceKlass java/util/Formatter$FormatSpecifier
instanceKlass java/util/Formatter$FormatString
instanceKlass java/util/Formatter$Conversion
instanceKlass  @bci java/util/regex/Pattern Range (II)Ljava/util/regex/Pattern$CharPredicate; 23 <appendix> member <vmtarget> ; # java/util/regex/Pattern$$Lambda+0x80000002a
instanceKlass java/util/Formatter
instanceKlass  @bci java/util/ResourceBundle$ResourceBundleProviderHelper loadPropertyResourceBundle (Ljava/lang/Module;Ljava/lang/Module;Ljava/lang/String;Ljava/util/Locale;)Ljava/util/ResourceBundle; 14 <appendix> member <vmtarget> ; # java/util/ResourceBundle$ResourceBundleProviderHelper$$Lambda+0x00000151340d9130
instanceKlass  @bci java/util/ResourceBundle$ResourceBundleProviderHelper newResourceBundle (Ljava/lang/Class;)Ljava/util/ResourceBundle; 22 <appendix> member <vmtarget> ; # java/util/ResourceBundle$ResourceBundleProviderHelper$$Lambda+0x800000010
instanceKlass  @bci java/util/ResourceBundle$ResourceBundleProviderHelper loadResourceBundle (Ljava/lang/Module;Ljava/lang/Module;Ljava/lang/String;Ljava/util/Locale;)Ljava/util/ResourceBundle; 13 <appendix> member <vmtarget> ; # java/util/ResourceBundle$ResourceBundleProviderHelper$$Lambda+0x00000151340d8a40
instanceKlass java/util/ResourceBundle$ResourceBundleProviderHelper
instanceKlass java/util/ResourceBundle$3
instanceKlass  @bci java/util/ResourceBundle getLoader (Ljava/lang/Module;)Ljava/lang/ClassLoader; 6 <appendix> member <vmtarget> ; # java/util/ResourceBundle$$Lambda+0x00000151340d85e0
instanceKlass java/util/ResourceBundle$CacheKeyReference
instanceKlass java/util/ResourceBundle$CacheKey
instanceKlass sun/util/locale/LocaleObjectCache
instanceKlass java/util/ResourceBundle$Control
instanceKlass java/util/logging/Level$RbAccess
instanceKlass  @bci java/util/logging/LogRecord inferCaller ()V 18 <appendix> member <vmtarget> ; # java/util/logging/LogRecord$$Lambda+0x00000151340d7b20
instanceKlass  @bci org/eclipse/jdt/internal/compiler/ast/SwitchStatement$SwitchTranslator initializeLabels (Lorg/eclipse/jdt/internal/compiler/codegen/CodeStream;)V 27 <bsm> form vmentry <vmtarget> ; # java/lang/invoke/LambdaForm$DMH+0x0000015134136000
instanceKlass java/lang/StackStreamFactory$FrameBuffer
instanceKlass java/lang/StackStreamFactory
instanceKlass  @bci java/util/logging/LogRecord$CallerFinder get ()Ljava/util/Optional; 4 <appendix> member <vmtarget> ; # java/util/logging/LogRecord$CallerFinder$$Lambda+0x00000151340d6320
instanceKlass  @bci java/util/logging/LogRecord$CallerFinder <clinit> ()V 0 <appendix> argL0 ; # java/util/logging/LogRecord$CallerFinder$$Lambda+0x00000151340d6100
instanceKlass java/util/logging/LogRecord$CallerFinder
instanceKlass java/time/zone/Ser
instanceKlass java/io/Externalizable
instanceKlass java/time/zone/ZoneRulesProvider$1
instanceKlass java/time/zone/ZoneRulesProvider
instanceKlass sun/util/calendar/ZoneInfoFile$ZoneOffsetTransitionRule
instanceKlass sun/util/calendar/ZoneInfoFile$1
instanceKlass sun/util/calendar/ZoneInfoFile
instanceKlass java/util/TimeZone
instanceKlass java/util/logging/LogManager$CloseOnReset
instanceKlass java/util/logging/StreamHandler$1
instanceKlass java/util/logging/Handler$1
instanceKlass java/util/logging/ErrorManager
instanceKlass jdk/internal/logger/SimpleConsoleLogger$Formatting
instanceKlass  @bci java/util/logging/SimpleFormatter <init> ()V 5 <appendix> argL0 ; # java/util/logging/SimpleFormatter$$Lambda+0x00000151340d3cc0
instanceKlass java/util/logging/Formatter
instanceKlass java/time/Clock
instanceKlass java/time/InstantSource
instanceKlass java/util/logging/LogRecord
instanceKlass org/apache/aries/spifly/ProviderServiceFactory
instanceKlass ch/qos/logback/classic/spi/LogbackServiceProvider
instanceKlass org/slf4j/spi/SLF4JServiceProvider
instanceKlass org/eclipse/osgi/internal/framework/EquinoxBundle$1
instanceKlass org/apache/aries/spifly/ProviderBundleTrackerCustomizer$ServiceDetails
instanceKlass org/eclipse/osgi/storage/bundlefile/ZipBundleFile$1
instanceKlass  @bci org/eclipse/osgi/storage/bundlefile/ZipBundleFile getPaths ()Ljava/lang/Iterable; 1 <appendix> member <vmtarget> ; # org/eclipse/osgi/storage/bundlefile/ZipBundleFile$$Lambda+0x000001513412e5b8
instanceKlass  @bci org/apache/aries/spifly/BaseActivator registerProviderBundle (Ljava/lang/String;Lorg/osgi/framework/Bundle;Ljava/util/Map;)V 33 <appendix> member <vmtarget> ; # org/apache/aries/spifly/BaseActivator$$Lambda+0x0000015134131e90
instanceKlass org/apache/aries/spifly/Pair
instanceKlass  @bci org/apache/aries/spifly/BaseActivator registerProviderBundle (Ljava/lang/String;Lorg/osgi/framework/Bundle;Ljava/util/Map;)V 5 <appendix> argL0 ; # org/apache/aries/spifly/BaseActivator$$Lambda+0x0000015134131a30
instanceKlass  @bci org/osgi/framework/FrameworkUtil <clinit> ()V 27 <appendix> member <vmtarget> ; # org/osgi/framework/FrameworkUtil$$Lambda+0x000001513412e380
instanceKlass org/osgi/framework/connect/FrameworkUtilHelper
instanceKlass  @bci org/osgi/framework/FrameworkUtil <clinit> ()V 8 <appendix> argL0 ; # org/osgi/framework/FrameworkUtil$$Lambda+0x000001513412df60
instanceKlass org/osgi/framework/FrameworkUtil
instanceKlass  @bci org/eclipse/jdt/internal/compiler/lookup/ReferenceBinding collateFunctionalInterfaceContracts (Lorg/eclipse/jdt/internal/compiler/lookup/Scope;ZLjava/util/Set;)Ljava/util/stream/Stream; 47 <adapter> ; # java/lang/invoke/LambdaForm$MH+0x0000015134134c00
# instanceKlass java/lang/invoke/LambdaForm$DMH+0x0000015134134800
instanceKlass  @bci org/eclipse/jdt/internal/compiler/lookup/ReferenceBinding collateFunctionalInterfaceContracts (Lorg/eclipse/jdt/internal/compiler/lookup/Scope;ZLjava/util/Set;)Ljava/util/stream/Stream; 47 <appendix> form vmentry <vmtarget> ; # java/lang/invoke/LambdaForm$DMH+0x0000015134134400
instanceKlass  @bci aQute/bnd/header/Attrs mergeWith (LaQute/bnd/header/Attrs;Z)V 4 <appendix> member <vmtarget> ; # aQute/bnd/header/Attrs$$Lambda+0x00000151341317f8
instanceKlass  @cpi aQute/bnd/header/Attrs 639 form vmentry <vmtarget> ; # java/lang/invoke/LambdaForm$DMH+0x0000015134134000
instanceKlass  @bci org/apache/aries/spifly/ProviderBundleTrackerCustomizer getFromAutoProviderProperty (Lorg/osgi/framework/Bundle;Ljava/util/Map;)Ljava/util/Map$Entry; 58 <appendix> argL0 ; # org/apache/aries/spifly/ProviderBundleTrackerCustomizer$$Lambda+0x00000151341315d8
instanceKlass  @bci org/apache/aries/spifly/ProviderBundleTrackerCustomizer getFromAutoProviderProperty (Lorg/osgi/framework/Bundle;Ljava/util/Map;)Ljava/util/Map$Entry; 50 <appendix> member <vmtarget> ; # org/apache/aries/spifly/ProviderBundleTrackerCustomizer$$Lambda+0x0000015134131390
instanceKlass java/util/AbstractMap$SimpleImmutableEntry
instanceKlass  @bci aQute/bnd/stream/EntryPipeline values ()Ljava/util/stream/Stream; 4 <appendix> argL0 ; # aQute/bnd/stream/EntryPipeline$$Lambda+0x0000015134131150
instanceKlass  @bci aQute/bnd/stream/EntryPipeline filterKey (Ljava/util/function/Predicate;)LaQute/bnd/stream/MapStream; 14 <appendix> member <vmtarget> ; # aQute/bnd/stream/EntryPipeline$$Lambda+0x0000015134130ef8
instanceKlass  @bci org/apache/aries/spifly/ProviderBundleTrackerCustomizer getFromAutoProviderProperty (Lorg/osgi/framework/Bundle;Ljava/util/Map;)Ljava/util/Map$Entry; 27 <appendix> member <vmtarget> ; # org/apache/aries/spifly/ProviderBundleTrackerCustomizer$$Lambda+0x0000015134130ca0
instanceKlass sun/invoke/util/VerifyAccess$1
instanceKlass aQute/bnd/stream/EntryPipeline
instanceKlass  @bci org/apache/aries/spifly/ProviderBundleTrackerCustomizer getFromAutoProviderProperty (Lorg/osgi/framework/Bundle;Ljava/util/Map;)Ljava/util/Map$Entry; 15 <appendix> argL0 ; # org/apache/aries/spifly/ProviderBundleTrackerCustomizer$$Lambda+0x0000015134130640
instanceKlass  @bci org/apache/aries/spifly/ProviderBundleTrackerCustomizer getFromAutoProviderProperty (Lorg/osgi/framework/Bundle;Ljava/util/Map;)Ljava/util/Map$Entry; 7 <appendix> argL0 ; # org/apache/aries/spifly/ProviderBundleTrackerCustomizer$$Lambda+0x0000015134130400
instanceKlass aQute/bnd/stream/MapStream
instanceKlass org/apache/aries/spifly/SpiFlyConstants
instanceKlass org/apache/aries/spifly/ConsumerHeaderProcessor
instanceKlass  @bci aQute/bnd/header/OSGiHeader parseHeader (Ljava/lang/String;LaQute/service/reporter/Reporter;LaQute/bnd/header/Parameters;)LaQute/bnd/header/Parameters; 437 <appendix> member <vmtarget> ; # aQute/bnd/header/OSGiHeader$$Lambda+0x0000015134128800
instanceKlass  @bci aQute/bnd/header/Attrs <clinit> ()V 72 <appendix> argL0 ; # aQute/bnd/header/Attrs$$Lambda+0x000001513412bc10
instanceKlass  @bci aQute/bnd/header/Attrs <clinit> ()V 64 <appendix> argL0 ; # aQute/bnd/header/Attrs$$Lambda+0x000001513412b9f0
instanceKlass  @bci aQute/bnd/header/Attrs <clinit> ()V 56 <appendix> argL0 ; # aQute/bnd/header/Attrs$$Lambda+0x000001513412b7d0
instanceKlass  @bci aQute/bnd/header/Attrs <clinit> ()V 48 <appendix> argL0 ; # aQute/bnd/header/Attrs$$Lambda+0x000001513412b5b0
instanceKlass  @bci aQute/bnd/header/Attrs <clinit> ()V 40 <appendix> argL0 ; # aQute/bnd/header/Attrs$$Lambda+0x000001513412b390
instanceKlass  @bci aQute/bnd/header/Attrs <clinit> ()V 32 <appendix> argL0 ; # aQute/bnd/header/Attrs$$Lambda+0x000001513412b170
instanceKlass  @bci aQute/bnd/header/Attrs <clinit> ()V 24 <appendix> argL0 ; # aQute/bnd/header/Attrs$$Lambda+0x000001513412af50
instanceKlass  @bci aQute/bnd/header/Attrs <clinit> ()V 16 <appendix> argL0 ; # aQute/bnd/header/Attrs$$Lambda+0x000001513412ad30
instanceKlass aQute/bnd/header/Attrs$DataType
instanceKlass aQute/bnd/header/Attrs
instanceKlass aQute/libg/qtokens/QuotedTokenizer
instanceKlass  @bci java/util/regex/Pattern union (Ljava/util/regex/Pattern$CharPredicate;Ljava/util/regex/Pattern$CharPredicate;Z)Ljava/util/regex/Pattern$CharPredicate; 6 <appendix> member <vmtarget> ; # java/util/regex/Pattern$$Lambda+0x800000032
instanceKlass  @bci java/util/regex/CharPredicates ASCII_WORD ()Ljava/util/regex/Pattern$BmpCharPredicate; 0 <appendix> argL0 ; # java/util/regex/CharPredicates$$Lambda+0x00000151340d2190
instanceKlass aQute/bnd/header/OSGiHeader
instanceKlass org/eclipse/osgi/framework/util/CaseInsensitiveDictionaryMap$CaseInsentiveEntry
instanceKlass org/eclipse/osgi/framework/util/CaseInsensitiveDictionaryMap$EntryIterator
instanceKlass org/eclipse/osgi/framework/util/CaseInsensitiveDictionaryMap$KeyIterator
instanceKlass java/util/ResourceBundle$1
instanceKlass jdk/internal/access/JavaUtilResourceBundleAccess
instanceKlass java/util/ResourceBundle
instanceKlass  @bci org/eclipse/osgi/storage/Storage lambda$7 (Ljava/util/List;Ljava/lang/String;)Ljava/util/stream/Stream; 7 <appendix> member <vmtarget> ; # org/eclipse/osgi/storage/Storage$$Lambda+0x0000015134127b08
instanceKlass org/eclipse/osgi/internal/container/InternalUtils$1
instanceKlass  @bci org/eclipse/osgi/storage/Storage findEntries (Ljava/util/List;Ljava/lang/String;Ljava/lang/String;I)Ljava/util/Enumeration; 101 <appendix> argL0 ; # org/eclipse/osgi/storage/Storage$$Lambda+0x0000015134127668
instanceKlass  @bci org/eclipse/osgi/storage/Storage findEntries (Ljava/util/List;Ljava/lang/String;Ljava/lang/String;I)Ljava/util/Enumeration; 91 <appendix> member <vmtarget> ; # org/eclipse/osgi/storage/Storage$$Lambda+0x0000015134127420
instanceKlass org/eclipse/osgi/storage/ManifestLocalization$BundleResourceBundle
instanceKlass org/eclipse/osgi/storage/ManifestLocalization
instanceKlass org/apache/aries/spifly/ProviderBundleTrackerCustomizer
instanceKlass org/osgi/util/tracker/BundleTracker
instanceKlass  @bci org/apache/aries/spifly/BaseActivator start (Lorg/osgi/framework/BundleContext;Ljava/lang/String;)V 46 <appendix> argL0 ; # org/apache/aries/spifly/BaseActivator$$Lambda+0x0000015134129668
instanceKlass  @bci org/apache/aries/spifly/BaseActivator start (Lorg/osgi/framework/BundleContext;Ljava/lang/String;)V 20 <appendix> argL0 ; # org/apache/aries/spifly/BaseActivator$$Lambda+0x0000015134129428
instanceKlass aQute/bnd/header/Parameters
instanceKlass java/util/AbstractList$Itr
instanceKlass  @bci org/eclipse/osgi/internal/weaving/WovenClassImpl notifyWovenClassListeners ()V 1 <appendix> member <vmtarget> ; # org/eclipse/osgi/internal/weaving/WovenClassImpl$$Lambda+0x0000015134126878
instanceKlass  @bci org/eclipse/osgi/internal/serviceregistry/ServiceRegistrationImpl$FrameworkHookRegistration getSafeService (Lorg/eclipse/osgi/internal/framework/BundleContextImpl;Lorg/eclipse/osgi/internal/serviceregistry/ServiceConsumer;)Ljava/lang/Object; 17 <appendix> member <vmtarget> ; # org/eclipse/osgi/internal/serviceregistry/ServiceRegistrationImpl$FrameworkHookRegistration$$Lambda+0x0000015134126620
instanceKlass org/apache/aries/spifly/Util
instanceKlass org/objectweb/asm/Opcodes
instanceKlass org/objectweb/asm/ClassVisitor
instanceKlass org/apache/aries/spifly/dynamic/ClientWeavingHook
instanceKlass java/util/logging/Logger$SystemLoggerHelper$1
instanceKlass java/util/logging/Logger$SystemLoggerHelper
instanceKlass java/util/logging/LogManager$4
instanceKlass jdk/internal/logger/BootstrapLogger$BootstrapExecutors
instanceKlass jdk/internal/logger/LoggerFinderLoader
instanceKlass  @bci java/lang/System$LoggerFinder accessProvider ()Ljava/lang/System$LoggerFinder; 8 <appendix> argL0 ; # java/lang/System$LoggerFinder$$Lambda+0x00000151340d0840
instanceKlass  @bci java/util/logging/Level$KnownLevel findByName (Ljava/lang/String;Ljava/util/function/Function;)Ljava/util/Optional; 29 <appendix> argL0 ; # java/util/logging/Level$KnownLevel$$Lambda+0x800000023
instanceKlass  @bci java/util/logging/Level findLevel (Ljava/lang/String;)Ljava/util/logging/Level; 13 <appendix> argL0 ; # java/util/logging/Level$$Lambda+0x800000011
instanceKlass java/util/logging/LogManager$LoggerContext$1
instanceKlass java/util/logging/LogManager$VisitedLoggers
instanceKlass java/util/logging/LogManager$2
instanceKlass java/util/logging/LogManager$LoggingProviderAccess
instanceKlass java/util/logging/LogManager$LogNode
instanceKlass java/util/logging/LogManager$LoggerContext
instanceKlass java/util/logging/LogManager$1
instanceKlass java/util/logging/LogManager
instanceKlass java/util/logging/Logger$ConfigurationData
instanceKlass java/util/logging/Logger$LoggerBundle
instanceKlass  @bci java/util/logging/Level$KnownLevel add (Ljava/util/logging/Level;)V 49 <appendix> argL0 ; # java/util/logging/Level$KnownLevel$$Lambda+0x800000022
instanceKlass  @bci java/util/logging/Level$KnownLevel add (Ljava/util/logging/Level;)V 19 <appendix> argL0 ; # java/util/logging/Level$KnownLevel$$Lambda+0x800000021
instanceKlass java/util/logging/Level
instanceKlass java/util/logging/Handler
instanceKlass java/util/logging/Logger
instanceKlass org/osgi/util/tracker/BundleTrackerCustomizer
instanceKlass org/eclipse/osgi/internal/loader/ModuleClassLoader$DefineClassResult
instanceKlass org/apache/aries/spifly/BaseActivator
instanceKlass org/eclipse/osgi/internal/weaving/WeavingHookConfigurator$WovenClassContext
instanceKlass org/eclipse/osgi/internal/weaving/WovenClassImpl
instanceKlass org/osgi/framework/hooks/weaving/WovenClass
instanceKlass org/eclipse/osgi/internal/loader/classpath/ClasspathManager$DefineContext
instanceKlass org/eclipse/osgi/internal/loader/BundleLoader$3
instanceKlass org/eclipse/osgi/container/ModuleContainer$ContainerStartLevel$2
instanceKlass java/util/concurrent/CountDownLatch
instanceKlass org/eclipse/osgi/internal/framework/EquinoxContainerAdaptor$1$1
instanceKlass  @bci org/eclipse/osgi/internal/framework/EquinoxEventPublisher notifyEventHooksPrivileged (Lorg/osgi/framework/BundleEvent;Ljava/util/Collection;)V 98 <appendix> member <vmtarget> ; # org/eclipse/osgi/internal/framework/EquinoxEventPublisher$$Lambda+0x00000151341225b0
instanceKlass org/eclipse/osgi/container/ModuleResolutionReport
instanceKlass  @bci java/util/stream/StreamSpliterators$WrappingSpliterator forEachRemaining (Ljava/util/function/Consumer;)V 33 <appendix> member <vmtarget> ; # java/util/stream/StreamSpliterators$WrappingSpliterator$$Lambda+0x00000151340cf940
instanceKlass  @cpi org/eclipse/core/internal/jobs/JobListeners 385 form vmentry <vmtarget> ; # java/lang/invoke/LambdaForm$DMH+0x0000015134124000
instanceKlass  @bci java/util/stream/Collectors toList ()Ljava/util/stream/Collector; 14 <appendix> argL0 ; # java/util/stream/Collectors$$Lambda+0x00000151340cf6f8
instanceKlass  @bci java/util/stream/Collectors toList ()Ljava/util/stream/Collector; 9 <appendix> argL0 ; # java/util/stream/Collectors$$Lambda+0x00000151340cf4c8
instanceKlass  @bci java/util/stream/Collectors toList ()Ljava/util/stream/Collector; 4 <appendix> argL0 ; # java/util/stream/Collectors$$Lambda+0x00000151340cf2a8
instanceKlass  @bci org/apache/felix/resolver/Candidates$FaultyResourcesReport getUnresolvedRequirements ()Ljava/util/Collection; 38 <appendix> argL0 ; # org/apache/felix/resolver/Candidates$FaultyResourcesReport$$Lambda+0x0000015134121808
instanceKlass  @bci org/apache/felix/resolver/Candidates$FaultyResourcesReport getUnresolvedRequirements ()Ljava/util/Collection; 14 <appendix> argL0 ; # org/apache/felix/resolver/Candidates$FaultyResourcesReport$$Lambda+0x00000151341215c8
instanceKlass java/util/concurrent/ConcurrentLinkedQueue$Node
instanceKlass org/apache/felix/resolver/EnhancedExecutor
instanceKlass org/apache/felix/resolver/PackageSpaces
instanceKlass org/apache/felix/resolver/Backlog
instanceKlass org/apache/felix/resolver/util/OpenHashMap$MapEntry
instanceKlass org/apache/felix/resolver/util/OpenHashMap$MapIterator
instanceKlass org/apache/felix/resolver/util/OpenHashMap$1
instanceKlass org/eclipse/osgi/container/ModuleResolutionReport$EntryImpl
instanceKlass org/eclipse/osgi/report/resolution/ResolutionReport$Entry
instanceKlass  @bci org/eclipse/osgi/internal/framework/FilterImpl$Equal compare_Version (Lorg/osgi/framework/Version;)Z 3 <appendix> argL0 ; # org/eclipse/osgi/internal/framework/FilterImpl$Equal$$Lambda+0x000001513411ac58
instanceKlass org/apache/felix/resolver/Candidates$PopulateResult
instanceKlass org/apache/felix/resolver/util/OpenHashMap
instanceKlass org/osgi/service/resolver/HostedCapability
instanceKlass org/apache/felix/resolver/Candidates
instanceKlass org/apache/felix/resolver/Util
instanceKlass org/apache/felix/resolver/ResolveSession
instanceKlass org/eclipse/osgi/container/ModuleResolver$ResolveProcess$DynamicFragments
instanceKlass  @bci org/eclipse/osgi/container/ModuleResolver$ResolveProcess removeSubstituted (Ljava/util/List;)V 2 <appendix> member <vmtarget> ; # org/eclipse/osgi/container/ModuleResolver$ResolveProcess$$Lambda+0x000001513411dbd8
instanceKlass  @bci org/eclipse/osgi/container/ModuleResolver removeNonEffectiveCapabilities (Ljava/util/Collection;)V 2 <appendix> member <vmtarget> ; # org/eclipse/osgi/container/ModuleResolver$$Lambda+0x000001513411d980
instanceKlass  @bci org/eclipse/osgi/container/ModuleResolver$ResolveProcess filterDisabled (Ljava/util/List;)V 2 <appendix> member <vmtarget> ; # org/eclipse/osgi/container/ModuleResolver$ResolveProcess$$Lambda+0x000001513411d728
instanceKlass java/util/Collections$ReverseComparator2
instanceKlass java/util/Collections$ReverseComparator
instanceKlass  @bci org/eclipse/osgi/container/ModuleResolver$ResolveProcess resolveNonPayLoadFragments ()Ljava/util/Map; 84 <appendix> argL0 ; # org/eclipse/osgi/container/ModuleResolver$ResolveProcess$$Lambda+0x000001513411d4e8
instanceKlass org/eclipse/osgi/internal/framework/OSGiFrameworkHooks$CoreResolverHookFactory$CoreResolverHook
instanceKlass org/eclipse/osgi/report/resolution/ResolutionReport$Listener
instanceKlass  @bci org/eclipse/osgi/internal/framework/OSGiFrameworkHooks$CoreResolverHookFactory getHookReferences (Lorg/eclipse/osgi/internal/serviceregistry/ServiceRegistry;Lorg/eclipse/osgi/internal/framework/BundleContextImpl;)[Lorg/eclipse/osgi/internal/serviceregistry/ServiceReferenceImpl; 2 <appendix> member <vmtarget> ; # org/eclipse/osgi/internal/framework/OSGiFrameworkHooks$CoreResolverHookFactory$$Lambda+0x000001513411ca00
instanceKlass org/eclipse/osgi/container/ModuleResolutionReport$Builder
instanceKlass org/osgi/service/resolver/ResolveContext
instanceKlass org/eclipse/osgi/container/ModuleDatabase$1
# instanceKlass java/lang/invoke/LambdaForm$MH+0x0000015134118400
instanceKlass org/eclipse/osgi/container/ModuleContainer$ResolutionLock$Permits
# instanceKlass java/lang/invoke/LambdaForm$MH+0x0000015134118000
instanceKlass org/eclipse/osgi/framework/eventmgr/EventManager$EventThread$Queued
instanceKlass  @bci org/eclipse/osgi/framework/eventmgr/EventManager getEventThread ()Lorg/eclipse/osgi/framework/eventmgr/EventManager$EventThread; 24 <appendix> member <vmtarget> ; # org/eclipse/osgi/framework/eventmgr/EventManager$$Lambda+0x0000015134117598
instanceKlass org/eclipse/osgi/container/ModuleContainer$ContainerWiring$1
instanceKlass org/osgi/dto/DTO
instanceKlass  @bci org/eclipse/osgi/internal/framework/BundleContextImpl notifyFindHooksPriviledged (Lorg/eclipse/osgi/internal/framework/BundleContextImpl;Ljava/util/Collection;)V 73 <appendix> member <vmtarget> ; # org/eclipse/osgi/internal/framework/BundleContextImpl$$Lambda+0x00000151341153b8
instanceKlass org/eclipse/osgi/framework/util/FilePath
instanceKlass sun/nio/ch/FileChannelImpl$Closer
instanceKlass sun/nio/fs/WindowsChannelFactory$Flags
instanceKlass sun/nio/fs/WindowsChannelFactory$1
instanceKlass sun/nio/fs/WindowsChannelFactory
instanceKlass org/eclipse/core/runtime/internal/adaptor/ConsoleManager
instanceKlass org/eclipse/core/runtime/internal/adaptor/DefaultStartupMonitor
instanceKlass org/eclipse/osgi/service/runnable/StartupMonitor
instanceKlass java/lang/Thread$Builder$OfVirtual
instanceKlass java/lang/Thread$Builder$OfPlatform
instanceKlass java/lang/Thread$Builder
instanceKlass org/eclipse/osgi/internal/serviceregistry/ServiceFactoryUse$1
instanceKlass java/util/LinkedList$ListItr
instanceKlass java/util/LinkedList$Node
instanceKlass org/eclipse/osgi/internal/resolver/StateImpl
instanceKlass org/eclipse/osgi/service/resolver/GenericSpecification
instanceKlass org/eclipse/osgi/service/resolver/GenericDescription
instanceKlass org/eclipse/osgi/service/resolver/BundleSpecification
instanceKlass org/eclipse/osgi/service/resolver/BundleDescription
instanceKlass org/eclipse/osgi/service/resolver/HostSpecification
instanceKlass org/eclipse/osgi/service/resolver/NativeCodeSpecification
instanceKlass org/eclipse/osgi/service/resolver/NativeCodeDescription
instanceKlass org/eclipse/osgi/service/resolver/ExportPackageDescription
instanceKlass org/eclipse/osgi/service/resolver/BaseDescription
instanceKlass org/eclipse/osgi/service/resolver/ImportPackageSpecification
instanceKlass org/eclipse/osgi/service/resolver/VersionConstraint
instanceKlass org/eclipse/osgi/internal/resolver/StateObjectFactoryImpl
instanceKlass org/eclipse/osgi/service/resolver/Resolver
instanceKlass org/eclipse/osgi/service/resolver/State
instanceKlass org/eclipse/osgi/service/resolver/StateObjectFactory
instanceKlass org/eclipse/osgi/compatibility/state/PlatformAdminImpl
instanceKlass org/eclipse/osgi/service/resolver/PlatformAdmin
instanceKlass org/eclipse/osgi/compatibility/state/Activator
instanceKlass org/eclipse/osgi/internal/serviceregistry/ServiceConsumer$2
instanceKlass org/eclipse/osgi/internal/serviceregistry/ServiceConsumer$1
instanceKlass org/eclipse/osgi/internal/serviceregistry/ServiceConsumer
instanceKlass org/eclipse/osgi/service/security/TrustEngine
instanceKlass org/eclipse/osgi/internal/signedcontent/SignedContentConstants
instanceKlass org/eclipse/osgi/internal/signedcontent/SignedBundleHook$1
instanceKlass org/eclipse/osgi/internal/framework/XMLParsingServiceFactory
instanceKlass org/eclipse/osgi/storage/BundleLocalizationImpl
instanceKlass org/eclipse/osgi/service/localization/BundleLocalization
instanceKlass org/eclipse/osgi/storage/url/BundleURLConverter
instanceKlass org/eclipse/osgi/service/urlconversion/URLConverter
instanceKlass org/apache/felix/resolver/Logger
instanceKlass org/apache/felix/resolver/ResolutionError
instanceKlass org/apache/felix/resolver/ResolverImpl
instanceKlass org/osgi/service/resolver/Resolver
instanceKlass org/eclipse/osgi/internal/framework/legacy/StartLevelImpl
instanceKlass org/eclipse/osgi/internal/framework/legacy/PackageAdminImpl
instanceKlass org/osgi/service/condition/ConditionImpl
instanceKlass org/osgi/service/condition/Condition
instanceKlass  @bci org/eclipse/equinox/plurl/impl/PlurlImpl add (Ljava/net/ContentHandlerFactory;)V 13 <appendix> argL0 ; # org/eclipse/equinox/plurl/impl/PlurlImpl$$Lambda+0x000001513410f6c8
instanceKlass  @bci org/eclipse/equinox/plurl/impl/PlurlImpl$5 getContent ()Ljava/util/function/Consumer; 155 <appendix> member <vmtarget> ; # org/eclipse/equinox/plurl/impl/PlurlImpl$5$$Lambda+0x000001513410f230
instanceKlass  @bci org/eclipse/equinox/plurl/impl/PlurlImpl add (Ljava/net/URLStreamHandlerFactory;)V 13 <appendix> argL0 ; # org/eclipse/equinox/plurl/impl/PlurlImpl$$Lambda+0x000001513410efe0
instanceKlass org/eclipse/equinox/plurl/impl/PlurlImpl$PlurlFactoryHolder
instanceKlass  @bci org/eclipse/equinox/plurl/impl/PlurlImpl$5 getContent ()Ljava/util/function/Consumer; 141 <appendix> member <vmtarget> ; # org/eclipse/equinox/plurl/impl/PlurlImpl$5$$Lambda+0x000001513410e8f8
instanceKlass org/eclipse/osgi/internal/url/ContentHandlerFactoryImpl
instanceKlass org/eclipse/osgi/internal/url/URLStreamHandlerFactoryImpl
instanceKlass org/eclipse/equinox/plurl/impl/PlurlImpl$PlurlContentHandlerFactory
instanceKlass org/eclipse/equinox/plurl/impl/PlurlImpl$LegacyFactory
# instanceKlass java/lang/invoke/LambdaForm$MH+0x0000015134109000
# instanceKlass java/lang/invoke/LambdaForm$MH+0x0000015134108c00
instanceKlass org/eclipse/equinox/plurl/impl/StackWalkerCallStack
instanceKlass org/eclipse/equinox/plurl/impl/URLToHandler
instanceKlass java/net/UrlDeserializedState
instanceKlass java/net/InetAddress
instanceKlass org/eclipse/equinox/plurl/PlurlStreamHandler$PlurlSetter
instanceKlass java/net/ContentHandler
instanceKlass org/eclipse/equinox/plurl/impl/CallStack
instanceKlass org/eclipse/equinox/plurl/impl/PlurlImpl
instanceKlass org/eclipse/osgi/internal/log/ConfigAdminListener
instanceKlass  @bci org/eclipse/osgi/internal/serviceregistry/ServiceRegistry notifyFindHooksPrivileged (Lorg/eclipse/osgi/internal/framework/BundleContextImpl;Ljava/lang/String;Ljava/lang/String;ZLjava/util/Collection;)V 101 <adapter> ; # java/lang/invoke/LambdaForm$MH+0x0000015134108800
# instanceKlass java/lang/invoke/LambdaForm$DMH+0x0000015134108400
instanceKlass  @bci org/eclipse/osgi/internal/serviceregistry/ServiceRegistry notifyFindHooksPrivileged (Lorg/eclipse/osgi/internal/framework/BundleContextImpl;Ljava/lang/String;Ljava/lang/String;ZLjava/util/Collection;)V 101 <appendix> form vmentry <vmtarget> ; # java/lang/invoke/LambdaForm$DMH+0x0000015134108000
instanceKlass  @bci org/eclipse/osgi/internal/serviceregistry/ServiceRegistry notifyFindHooksPrivileged (Lorg/eclipse/osgi/internal/framework/BundleContextImpl;Ljava/lang/String;Ljava/lang/String;ZLjava/util/Collection;)V 101 <appendix> member <vmtarget> ; # org/eclipse/osgi/internal/serviceregistry/ServiceRegistry$$Lambda+0x0000015134100800
instanceKlass  @cpi org/eclipse/osgi/internal/serviceregistry/ServiceRegistry 1105 form vmentry <vmtarget> ; # java/lang/invoke/LambdaForm$DMH+0x0000015134100400
instanceKlass org/eclipse/osgi/internal/serviceregistry/ShrinkableCollection
instanceKlass org/eclipse/osgi/internal/framework/FilterImpl$Parser
instanceKlass org/eclipse/osgi/internal/framework/FilterImpl
instanceKlass org/osgi/util/tracker/AbstractTracked
instanceKlass org/osgi/util/tracker/ServiceTracker
instanceKlass org/eclipse/osgi/internal/log/EventAdminAdapter
instanceKlass org/eclipse/osgi/internal/serviceregistry/ServiceRegistry$2
instanceKlass org/eclipse/osgi/framework/eventmgr/CopyOnWriteIdentityMap$Snapshot$SnapshotIterator
instanceKlass org/eclipse/osgi/framework/eventmgr/ListenerQueue
instanceKlass  @bci org/eclipse/osgi/internal/serviceregistry/ServiceRegistry notifyEventListenerHooksPrivileged (Lorg/osgi/framework/ServiceEvent;Ljava/util/Map;)V 77 <appendix> member <vmtarget> ; # org/eclipse/osgi/internal/serviceregistry/ServiceRegistry$$Lambda+0x0000015134106c28
instanceKlass  @bci org/eclipse/osgi/internal/serviceregistry/ServiceRegistry notifyEventHooksPrivileged (Lorg/osgi/framework/ServiceEvent;Ljava/util/Collection;)V 77 <appendix> member <vmtarget> ; # org/eclipse/osgi/internal/serviceregistry/ServiceRegistry$$Lambda+0x0000015134106640
instanceKlass org/eclipse/osgi/framework/eventmgr/CopyOnWriteIdentityMap$Snapshot
instanceKlass org/osgi/framework/PrototypeServiceFactory
instanceKlass org/eclipse/osgi/framework/util/CaseInsensitiveDictionaryMap$CaseInsensitiveKey
instanceKlass org/eclipse/osgi/internal/serviceregistry/ServiceReferenceImpl
instanceKlass org/eclipse/osgi/internal/serviceregistry/ServiceUse
instanceKlass  @bci org/eclipse/core/internal/resources/Workspace countResources (Lorg/eclipse/core/runtime/IPath;IZ)I 61 <appendix> form vmentry <vmtarget> ; # java/lang/invoke/LambdaForm$DMH+0x0000015134100000
instanceKlass  @bci org/eclipse/osgi/internal/serviceregistry/ServiceRegistry notifyListenerHooksPrivileged (Ljava/util/Collection;Z)V 106 <appendix> member <vmtarget> ; # org/eclipse/osgi/internal/serviceregistry/ServiceRegistry$$Lambda+0x00000151340bdcc8
instanceKlass  @cpi org/eclipse/osgi/internal/serviceregistry/ServiceRegistry 1128 form vmentry <vmtarget> ; # java/lang/invoke/LambdaForm$DMH+0x00000151340bcc00
instanceKlass org/eclipse/osgi/internal/serviceregistry/HookContext
instanceKlass org/osgi/framework/UnfilteredServiceListener
instanceKlass org/eclipse/osgi/internal/serviceregistry/FilteredServiceListener
instanceKlass org/osgi/framework/hooks/service/ListenerHook$ListenerInfo
instanceKlass org/eclipse/osgi/framework/eventmgr/CopyOnWriteIdentityMap$Entry
instanceKlass org/eclipse/osgi/framework/eventmgr/CopyOnWriteIdentityMap
instanceKlass org/eclipse/osgi/internal/log/OrderedExecutor
instanceKlass org/eclipse/osgi/internal/framework/BundleContextImpl$2
instanceKlass org/osgi/service/startlevel/StartLevel
instanceKlass org/osgi/service/packageadmin/PackageAdmin
instanceKlass org/eclipse/equinox/plurl/PlurlContentHandlerFactory
instanceKlass java/net/ContentHandlerFactory
instanceKlass org/eclipse/equinox/plurl/PlurlStreamHandlerFactory
instanceKlass org/eclipse/equinox/plurl/PlurlFactory
instanceKlass org/eclipse/equinox/plurl/Plurl
instanceKlass org/eclipse/osgi/internal/framework/SystemBundleActivator
instanceKlass org/eclipse/osgi/internal/loader/classpath/TitleVersionVendor
instanceKlass org/eclipse/osgi/internal/loader/classpath/ManifestPackageAttributes
instanceKlass org/eclipse/osgi/internal/loader/classpath/ClasspathEntry$PDEData
instanceKlass org/eclipse/osgi/internal/loader/classpath/ClasspathEntry
instanceKlass org/eclipse/osgi/internal/loader/classpath/FragmentClasspath
instanceKlass org/eclipse/osgi/internal/loader/classpath/ClasspathManager
instanceKlass org/eclipse/osgi/internal/loader/ModuleClassLoader$ClassNameLock$1
instanceKlass org/eclipse/osgi/internal/loader/ModuleClassLoader$ClassNameLock
instanceKlass org/eclipse/osgi/internal/container/KeyBasedLockStore
instanceKlass org/eclipse/osgi/internal/loader/BundleLoaderSources
instanceKlass org/eclipse/osgi/internal/loader/BundleLoader$1
instanceKlass org/eclipse/osgi/internal/loader/sources/PackageSource
instanceKlass java/util/concurrent/ForkJoinPool$2
instanceKlass jdk/internal/access/JavaUtilConcurrentFJPAccess
instanceKlass java/util/concurrent/ForkJoinPool$DefaultForkJoinWorkerThreadFactory
instanceKlass java/lang/ApplicationShutdownHooks$1
instanceKlass java/lang/ApplicationShutdownHooks
instanceKlass java/util/concurrent/ForkJoinPool$WorkQueue
instanceKlass java/util/concurrent/ForkJoinPool$ForkJoinWorkerThreadFactory
instanceKlass org/eclipse/osgi/internal/framework/StorageSaver$StorageSaverTask
instanceKlass org/eclipse/osgi/internal/framework/StorageSaver
instanceKlass java/util/concurrent/Executors$RunnableAdapter
instanceKlass java/util/concurrent/FutureTask$WaitNode
instanceKlass java/util/concurrent/FutureTask
instanceKlass jdk/internal/vm/ThreadContainers
instanceKlass jdk/internal/vm/StackableScope
instanceKlass java/util/concurrent/RunnableScheduledFuture
instanceKlass java/util/concurrent/ScheduledFuture
instanceKlass java/util/concurrent/Delayed
instanceKlass java/util/concurrent/RunnableFuture
instanceKlass java/util/concurrent/Future
instanceKlass java/util/concurrent/ThreadPoolExecutor$AbortPolicy
instanceKlass java/util/concurrent/AbstractExecutorService
instanceKlass java/util/concurrent/ScheduledExecutorService
instanceKlass java/util/concurrent/ExecutorService
instanceKlass java/util/concurrent/Executors
instanceKlass java/util/HashMap$HashMapSpliterator
instanceKlass  @bci java/lang/SecurityManager nonExportedPkgs (Ljava/lang/module/ModuleDescriptor;)Ljava/util/Set; 92 <appendix> member <vmtarget> ; # java/lang/SecurityManager$$Lambda+0x00000151340c6100
instanceKlass  @bci java/lang/SecurityManager nonExportedPkgs (Ljava/lang/module/ModuleDescriptor;)Ljava/util/Set; 76 <appendix> argL0 ; # java/lang/SecurityManager$$Lambda+0x00000151340c5ec0
instanceKlass  @bci java/lang/SecurityManager nonExportedPkgs (Ljava/lang/module/ModuleDescriptor;)Ljava/util/Set; 66 <appendix> argL0 ; # java/lang/SecurityManager$$Lambda+0x00000151340c5c70
instanceKlass  @bci java/lang/SecurityManager nonExportedPkgs (Ljava/lang/module/ModuleDescriptor;)Ljava/util/Set; 47 <appendix> member <vmtarget> ; # java/lang/SecurityManager$$Lambda+0x00000151340c5a38
instanceKlass  @bci java/lang/SecurityManager nonExportedPkgs (Ljava/lang/module/ModuleDescriptor;)Ljava/util/Set; 31 <appendix> argL0 ; # java/lang/SecurityManager$$Lambda+0x00000151340c57f8
instanceKlass  @bci java/lang/SecurityManager nonExportedPkgs (Ljava/lang/module/ModuleDescriptor;)Ljava/util/Set; 21 <appendix> argL0 ; # java/lang/SecurityManager$$Lambda+0x00000151340c55a8
instanceKlass  @cpi com/google/inject/internal/KotlinSupport$KotlinUnsupported 78 form vmentry <vmtarget> ; # java/lang/invoke/LambdaForm$DMH+0x00000151340bc800
instanceKlass  @bci java/lang/SecurityManager addNonExportedPackages (Ljava/lang/ModuleLayer;)V 59 <appendix> argL0 ; # java/lang/SecurityManager$$Lambda+0x00000151340c5378
instanceKlass  @cpi org/eclipse/core/internal/net/Policy 113 form vmentry <vmtarget> ; # java/lang/invoke/LambdaForm$DMH+0x00000151340bc400
instanceKlass  @bci java/lang/SecurityManager addNonExportedPackages (Ljava/lang/ModuleLayer;)V 49 <appendix> argL0 ; # java/lang/SecurityManager$$Lambda+0x00000151340c5138
instanceKlass  @bci java/lang/SecurityManager addNonExportedPackages (Ljava/lang/ModuleLayer;)V 39 <appendix> argL0 ; # java/lang/SecurityManager$$Lambda+0x00000151340c4ef8
instanceKlass  @bci java/lang/SecurityManager addNonExportedPackages (Ljava/lang/ModuleLayer;)V 29 <appendix> member <vmtarget> ; # java/lang/SecurityManager$$Lambda+0x00000151340c4ca0
instanceKlass  @cpi java/lang/SecurityManager 518 form vmentry <vmtarget> ; # java/lang/invoke/LambdaForm$DMH+0x00000151340bc000
instanceKlass  @bci java/lang/SecurityManager addNonExportedPackages (Ljava/lang/ModuleLayer;)V 17 <appendix> argL0 ; # java/lang/SecurityManager$$Lambda+0x00000151340c4a60
instanceKlass org/eclipse/osgi/internal/framework/ContextFinder$1
instanceKlass org/osgi/framework/ServiceObjects
instanceKlass org/eclipse/osgi/internal/framework/BundleContextImpl
instanceKlass org/osgi/framework/hooks/weaving/WovenClassListener
instanceKlass org/osgi/framework/hooks/weaving/WeavingHook
instanceKlass org/osgi/framework/hooks/service/FindHook
instanceKlass org/osgi/framework/hooks/service/EventListenerHook
instanceKlass org/osgi/framework/hooks/service/EventHook
instanceKlass org/osgi/framework/hooks/bundle/FindHook
instanceKlass org/osgi/framework/hooks/bundle/EventHook
instanceKlass org/osgi/framework/hooks/bundle/CollisionHook
instanceKlass org/eclipse/osgi/internal/serviceregistry/ServiceRegistry$FrameworkHookHolder
instanceKlass org/osgi/framework/hooks/service/ListenerHook
instanceKlass org/eclipse/osgi/internal/serviceregistry/ServiceRegistrationImpl
instanceKlass org/osgi/framework/ServiceRegistration
instanceKlass org/eclipse/osgi/internal/serviceregistry/ServiceRegistry
instanceKlass org/eclipse/osgi/framework/eventmgr/EventManager
instanceKlass org/eclipse/osgi/internal/framework/EquinoxEventPublisher
# instanceKlass java/lang/invoke/LambdaForm$MH+0x00000151340b5c00
# instanceKlass java/lang/invoke/LambdaForm$MH+0x00000151340b5800
# instanceKlass java/lang/invoke/LambdaForm$MH+0x00000151340b5400
instanceKlass org/eclipse/osgi/storage/bundlefile/BundleEntry
instanceKlass org/eclipse/osgi/container/ModuleDatabase$2
instanceKlass java/util/ArrayList$SubList$1
# instanceKlass java/lang/invoke/LambdaForm$MH+0x00000151340b5000
# instanceKlass java/lang/invoke/LambdaForm$MH+0x00000151340b4c00
# instanceKlass java/lang/invoke/LambdaForm$MH+0x00000151340b4800
instanceKlass  @bci org/eclipse/jdt/internal/core/JrtPackageFragmentRoot$JrtModuleKey hashCode ()I 1 <appendix> argL1 form vmentry <vmtarget> ; # java/lang/invoke/LambdaForm$MH+0x00000151340b4400
instanceKlass  @cpi org/eclipse/jdt/internal/core/builder/NameEnvironment 1043 form vmentry <vmtarget> ; # java/lang/invoke/LambdaForm$DMH+0x00000151340b4000
instanceKlass java/lang/reflect/AnnotatedType
instanceKlass java/lang/reflect/TypeVariable
instanceKlass org/eclipse/osgi/container/ModuleWiring$LoaderInitializer
instanceKlass org/eclipse/osgi/container/ModuleWiring
instanceKlass org/eclipse/osgi/container/ModuleWire
instanceKlass org/osgi/framework/wiring/BundleWire
instanceKlass java/util/Collections$UnmodifiableMap$UnmodifiableEntrySet$UnmodifiableEntry
instanceKlass java/util/Collections$UnmodifiableMap$UnmodifiableEntrySet$1
instanceKlass org/eclipse/osgi/internal/container/Capabilities$NamespaceSet
instanceKlass org/eclipse/osgi/container/ModuleRequirement
instanceKlass org/osgi/framework/wiring/BundleRequirement
instanceKlass org/eclipse/osgi/container/ModuleRevision$2
instanceKlass org/eclipse/osgi/internal/container/NamespaceList$Builder$8
instanceKlass org/eclipse/osgi/container/ModuleCapability
instanceKlass org/osgi/framework/wiring/BundleCapability
instanceKlass org/osgi/resource/Capability
instanceKlass org/eclipse/osgi/internal/container/NamespaceList$3
instanceKlass org/eclipse/osgi/internal/container/NamespaceList$2
instanceKlass org/eclipse/osgi/internal/container/NamespaceList$1
instanceKlass org/eclipse/osgi/internal/container/NamespaceList
instanceKlass org/eclipse/osgi/container/ModuleRevision$1
instanceKlass org/osgi/framework/wiring/BundleWiring
instanceKlass org/osgi/resource/Wiring
instanceKlass org/eclipse/osgi/container/ModuleRevision
instanceKlass org/eclipse/osgi/container/ModuleRevisions
instanceKlass org/osgi/framework/wiring/BundleRevisions
instanceKlass org/lombokweb/asm/Opcodes
instanceKlass org/lombokweb/asm/Handler
instanceKlass lombok/patcher/MethodLogistics
instanceKlass org/lombokweb/asm/Label
instanceKlass org/lombokweb/asm/Type
instanceKlass org/lombokweb/asm/Frame
instanceKlass org/lombokweb/asm/Context
instanceKlass org/lombokweb/asm/Attribute
instanceKlass lombok/patcher/scripts/ExitFromMethodEarlyScript$1
instanceKlass org/lombokweb/asm/ByteVector
instanceKlass org/lombokweb/asm/Symbol
instanceKlass org/lombokweb/asm/SymbolTable
instanceKlass org/lombokweb/asm/FieldVisitor
instanceKlass org/lombokweb/asm/MethodVisitor
instanceKlass org/lombokweb/asm/AnnotationVisitor
instanceKlass org/lombokweb/asm/ModuleVisitor
instanceKlass org/lombokweb/asm/RecordComponentVisitor
instanceKlass org/lombokweb/asm/ClassReader
instanceKlass org/eclipse/osgi/internal/framework/EquinoxBundle
instanceKlass org/eclipse/osgi/internal/container/NamespaceList$Builder$2
instanceKlass org/eclipse/osgi/container/ModuleRevisionBuilder$GenericInfo$1
instanceKlass org/eclipse/osgi/container/ModuleRevisionBuilder$GenericInfo
instanceKlass org/eclipse/osgi/container/ModuleRevisionBuilder
instanceKlass org/osgi/resource/Wire
instanceKlass org/eclipse/osgi/container/ModuleDatabase$Persistence
instanceKlass org/eclipse/osgi/container/ModuleContainer$ContainerStartLevel
instanceKlass org/eclipse/osgi/container/ModuleContainer$ContainerWiring
instanceKlass org/eclipse/osgi/container/ModuleResolver
instanceKlass org/eclipse/osgi/container/ModuleContainer$ResolutionLock
instanceKlass org/eclipse/osgi/internal/container/LockSet
instanceKlass org/osgi/framework/startlevel/FrameworkStartLevel
instanceKlass org/osgi/framework/wiring/FrameworkWiring
instanceKlass org/osgi/resource/Requirement
instanceKlass org/eclipse/osgi/report/resolution/ResolutionReport
instanceKlass org/eclipse/osgi/container/ModuleContainer
instanceKlass org/eclipse/osgi/internal/container/Capabilities
instanceKlass org/eclipse/osgi/container/Module
instanceKlass org/osgi/framework/startlevel/BundleStartLevel
instanceKlass org/eclipse/osgi/container/ModuleDatabase
instanceKlass java/util/concurrent/LinkedBlockingQueue$Node
instanceKlass java/util/concurrent/RejectedExecutionHandler
instanceKlass org/eclipse/osgi/internal/framework/EquinoxContainerAdaptor$1
instanceKlass java/util/concurrent/LinkedTransferQueue$DualNode
instanceKlass java/util/concurrent/TransferQueue
instanceKlass java/util/concurrent/atomic/AtomicReference
instanceKlass org/eclipse/osgi/internal/container/AtomicLazyInitializer
instanceKlass org/eclipse/osgi/internal/framework/OSGiFrameworkHooks$BundleCollisionHook
instanceKlass org/osgi/framework/ServiceReference
instanceKlass org/osgi/framework/hooks/resolver/ResolverHook
instanceKlass org/eclipse/osgi/internal/framework/OSGiFrameworkHooks$CoreResolverHookFactory
instanceKlass org/osgi/framework/hooks/resolver/ResolverHookFactory
instanceKlass org/eclipse/osgi/container/ModuleCollisionHook
instanceKlass org/eclipse/osgi/internal/framework/OSGiFrameworkHooks
instanceKlass org/eclipse/osgi/container/ModuleContainerAdaptor$1
instanceKlass java/util/concurrent/Callable
instanceKlass org/eclipse/osgi/container/ModuleLoader
instanceKlass java/util/concurrent/BlockingQueue
instanceKlass java/util/concurrent/Executor
instanceKlass org/eclipse/osgi/internal/permadmin/SecurityRow
instanceKlass org/eclipse/osgi/internal/permadmin/PermissionAdminTable
instanceKlass org/osgi/service/permissionadmin/PermissionInfo
instanceKlass org/osgi/service/condpermadmin/ConditionalPermissionInfo
instanceKlass org/osgi/service/condpermadmin/ConditionalPermissionUpdate
instanceKlass org/eclipse/osgi/internal/permadmin/SecurityAdmin
instanceKlass org/osgi/service/condpermadmin/ConditionalPermissionAdmin
instanceKlass org/osgi/service/permissionadmin/PermissionAdmin
instanceKlass org/eclipse/osgi/storage/PermissionData
instanceKlass  @bci org/eclipse/osgi/storage/Storage connectPersistentBundles (Ljava/util/List;)V 2 <appendix> member <vmtarget> ; # org/eclipse/osgi/storage/Storage$$Lambda+0x00000151340a0c30
instanceKlass  @cpi org/eclipse/jdt/ls/core/internal/handlers/WorkspaceExecuteCommandHandler$DelegateCommandHandlerDescriptor 165 form vmentry <vmtarget> ; # java/lang/invoke/LambdaForm$DMH+0x00000151340a4000
instanceKlass org/eclipse/osgi/storage/BundleInfo$Generation
instanceKlass org/eclipse/osgi/storage/BundleInfo
instanceKlass org/eclipse/osgi/framework/util/ObjectPool
instanceKlass jdk/internal/util/ByteArray
instanceKlass org/eclipse/osgi/storagemanager/StorageManager$Entry
instanceKlass org/eclipse/osgi/framework/internal/reliablefile/ReliableFile$CacheInfo
instanceKlass java/util/ComparableTimSort
instanceKlass java/lang/Shutdown$Lock
instanceKlass java/lang/Shutdown
instanceKlass java/io/DeleteOnExitHook$1
instanceKlass java/io/DeleteOnExitHook
instanceKlass  @bci org/eclipse/osgi/framework/internal/reliablefile/ReliableFile createTempFile (Ljava/lang/String;Ljava/lang/String;Ljava/io/File;)Ljava/io/File; 61 <appendix> argL0 ; # org/eclipse/osgi/framework/internal/reliablefile/ReliableFile$$Lambda+0x0000015134099270
instanceKlass org/eclipse/osgi/framework/internal/reliablefile/ReliableFile
instanceKlass sun/nio/ch/FileKey
instanceKlass sun/nio/ch/FileLockTable
instanceKlass sun/nio/ch/NativeThread
instanceKlass java/nio/channels/FileLock
instanceKlass sun/nio/ch/NativeThreadSet
instanceKlass sun/nio/ch/IOUtil
instanceKlass sun/nio/ch/NativeDispatcher
instanceKlass java/nio/file/attribute/FileAttribute
instanceKlass java/nio/channels/spi/AbstractInterruptibleChannel
instanceKlass java/nio/channels/InterruptibleChannel
instanceKlass java/nio/channels/ScatteringByteChannel
instanceKlass java/nio/channels/GatheringByteChannel
instanceKlass java/nio/channels/SeekableByteChannel
instanceKlass java/nio/channels/ByteChannel
instanceKlass java/nio/channels/WritableByteChannel
instanceKlass java/nio/channels/ReadableByteChannel
instanceKlass java/nio/channels/Channel
instanceKlass org/eclipse/osgi/internal/location/Locker_JavaNio
instanceKlass org/eclipse/osgi/storagemanager/StorageManager
instanceKlass org/eclipse/osgi/storage/FrameworkExtensionInstaller
instanceKlass org/eclipse/osgi/storage/bundlefile/MRUBundleFileList
instanceKlass org/eclipse/osgi/framework/eventmgr/EventDispatcher
instanceKlass org/eclipse/osgi/storage/ContentProvider
instanceKlass org/osgi/framework/Filter
instanceKlass org/eclipse/osgi/storage/bundlefile/BundleFile
instanceKlass org/eclipse/osgi/container/ModuleContainerAdaptor
instanceKlass org/eclipse/osgi/storage/Storage
instanceKlass  @bci org/eclipse/osgi/internal/cds/CDSHookConfigurator addHooks (Lorg/eclipse/osgi/internal/hookregistry/HookRegistry;)V 77 <appendix> argL0 ; # org/eclipse/osgi/internal/cds/CDSHookConfigurator$$Lambda+0x000001513409def8
instanceKlass org/eclipse/osgi/signedcontent/SignedContent
# instanceKlass java/lang/invoke/LambdaForm$DMH+0x0000015134098400
instanceKlass java/lang/invoke/MethodHandle$1
instanceKlass org/eclipse/osgi/internal/hookregistry/StorageHookFactory$StorageHook
instanceKlass org/eclipse/osgi/internal/hookregistry/StorageHookFactory
instanceKlass org/osgi/framework/BundleActivator
instanceKlass org/eclipse/osgi/internal/cds/CDSHookConfigurator
instanceKlass org/eclipse/osgi/internal/signedcontent/SignedBundleHook
instanceKlass org/eclipse/osgi/signedcontent/SignedContentFactory
instanceKlass org/eclipse/osgi/internal/hookregistry/ActivatorHookFactory
instanceKlass org/osgi/framework/wiring/BundleRevision
instanceKlass org/osgi/resource/Resource
instanceKlass org/eclipse/osgi/internal/connect/ConnectHookConfigurator
instanceKlass org/eclipse/osgi/internal/hookregistry/HookConfigurator
instanceKlass java/net/URLClassLoader$3$1
instanceKlass java/net/URLClassLoader$3
instanceKlass org/eclipse/osgi/internal/framework/EquinoxContainer$ConnectModules
instanceKlass  @bci org/eclipse/osgi/internal/log/ExtendedLogServiceImpl applyLogLevels (Lorg/eclipse/osgi/internal/log/ExtendedLogServiceFactory$EquinoxLoggerContext;)V 20 <appendix> member <vmtarget> ; # org/eclipse/osgi/internal/log/ExtendedLogServiceImpl$$Lambda+0x0000015134097500
instanceKlass  @bci org/eclipse/osgi/internal/log/ExtendedLogServiceImpl applyLogLevels (Lorg/eclipse/osgi/internal/log/ExtendedLogServiceFactory$EquinoxLoggerContext;)V 5 <appendix> member <vmtarget> ; # org/eclipse/osgi/internal/log/ExtendedLogServiceImpl$$Lambda+0x00000151340972c8
instanceKlass  @cpi org/eclipse/lsp4j/jsonrpc/services/ServiceEndpoints 160 form vmentry <vmtarget> ; # java/lang/invoke/LambdaForm$DMH+0x0000015134098000
instanceKlass org/eclipse/osgi/internal/log/ExtendedLogServiceFactory$EquinoxLoggerContext
instanceKlass org/eclipse/osgi/internal/log/EquinoxLogFactory$1
instanceKlass org/eclipse/osgi/framework/log/FrameworkLog
instanceKlass org/eclipse/osgi/internal/log/EquinoxLogFactory
instanceKlass org/osgi/service/log/FormatterLogger
instanceKlass org/eclipse/osgi/internal/log/LoggerImpl
instanceKlass org/eclipse/osgi/internal/log/ExtendedLogServiceImpl
instanceKlass org/eclipse/osgi/internal/log/ExtendedLogServiceFactory$EquinoxLoggerAdmin
instanceKlass org/osgi/service/log/admin/LoggerContext
instanceKlass org/eclipse/osgi/internal/log/LoggerContextTargetMap
instanceKlass org/eclipse/osgi/internal/log/LogServiceManager$MockSystemBundle
instanceKlass org/osgi/service/log/admin/LoggerAdmin
instanceKlass org/eclipse/osgi/internal/log/ExtendedLogServiceFactory
instanceKlass org/eclipse/osgi/framework/util/ArrayMap
instanceKlass java/util/concurrent/locks/ReentrantReadWriteLock$WriteLock
instanceKlass java/util/concurrent/locks/ReentrantReadWriteLock$ReadLock
instanceKlass java/util/concurrent/locks/ReentrantReadWriteLock
instanceKlass java/util/concurrent/locks/ReadWriteLock
instanceKlass org/eclipse/osgi/internal/log/ExtendedLogReaderServiceFactory$1
instanceKlass org/osgi/service/log/LogEntry
instanceKlass org/eclipse/osgi/internal/log/ExtendedLogReaderServiceFactory
instanceKlass org/osgi/framework/ServiceFactory
instanceKlass org/eclipse/equinox/log/ExtendedLogReaderService
instanceKlass org/osgi/service/log/LogReaderService
instanceKlass org/eclipse/equinox/log/ExtendedLogService
instanceKlass org/eclipse/equinox/log/Logger
instanceKlass org/osgi/service/log/Logger
instanceKlass org/osgi/service/log/LogService
instanceKlass org/osgi/service/log/LoggerFactory
instanceKlass org/eclipse/osgi/internal/log/LogServiceManager
instanceKlass org/osgi/framework/AllServiceListener
instanceKlass org/osgi/framework/ServiceListener
instanceKlass org/eclipse/osgi/internal/log/EquinoxLogWriter
instanceKlass org/eclipse/equinox/log/LogFilter
instanceKlass org/eclipse/equinox/log/SynchronousLogListener
instanceKlass org/osgi/service/log/LogListener
instanceKlass org/eclipse/osgi/internal/log/EquinoxLogServices
instanceKlass org/eclipse/osgi/util/ManifestElement
instanceKlass org/eclipse/osgi/internal/debug/Debug
instanceKlass org/eclipse/osgi/service/debug/DebugOptionsListener
instanceKlass org/eclipse/osgi/service/debug/DebugTrace
instanceKlass org/eclipse/osgi/internal/debug/FrameworkDebugOptions
instanceKlass org/osgi/util/tracker/ServiceTrackerCustomizer
instanceKlass java/nio/file/FileVisitor
instanceKlass org/eclipse/osgi/storage/StorageUtil
instanceKlass org/eclipse/osgi/internal/location/BasicLocation
instanceKlass org/eclipse/osgi/internal/location/EquinoxLocations
instanceKlass java/util/concurrent/atomic/AtomicBoolean
instanceKlass java/util/UUID
instanceKlass java/util/Random
instanceKlass java/util/random/RandomGenerator
instanceKlass org/eclipse/osgi/internal/container/InternalUtils
instanceKlass org/osgi/framework/Version
instanceKlass org/eclipse/osgi/internal/location/Locker
instanceKlass org/eclipse/osgi/internal/location/LocationHelper
instanceKlass org/eclipse/osgi/internal/framework/EquinoxConfiguration$ConfigValues
instanceKlass org/eclipse/osgi/internal/util/Tokenizer
instanceKlass java/nio/charset/CoderResult
instanceKlass sun/util/logging/PlatformLogger
instanceKlass sun/util/logging/PlatformLogger$ConfigurableBridge$LoggerConfiguration
instanceKlass jdk/internal/logger/BootstrapLogger$RedirectedLoggers
instanceKlass jdk/internal/logger/LazyLoggers$LazyLoggerAccessor
instanceKlass jdk/internal/logger/LazyLoggers$LoggerAccessor
instanceKlass jdk/internal/logger/AbstractLoggerWrapper
instanceKlass java/util/ServiceLoader$ProviderImpl
instanceKlass java/util/ServiceLoader$Provider
instanceKlass java/util/ServiceLoader$1
instanceKlass sun/util/logging/internal/LoggingProviderImpl$LogManagerAccess
instanceKlass java/util/concurrent/CopyOnWriteArrayList$COWIterator
instanceKlass jdk/internal/logger/BootstrapLogger$DetectBackend$1
instanceKlass jdk/internal/logger/BootstrapLogger$DetectBackend
instanceKlass jdk/internal/logger/BootstrapLogger
instanceKlass sun/util/logging/PlatformLogger$ConfigurableBridge
instanceKlass sun/util/logging/PlatformLogger$Bridge
instanceKlass jdk/internal/logger/DefaultLoggerFinder$1
instanceKlass java/lang/System$LoggerFinder
instanceKlass jdk/internal/logger/LazyLoggers$LazyLoggerFactories
instanceKlass jdk/internal/logger/LazyLoggers$1
instanceKlass jdk/internal/logger/LazyLoggers
instanceKlass jdk/internal/event/EventHelper$ThreadTrackHolder
instanceKlass java/net/URLClassLoader$2
instanceKlass org/eclipse/osgi/internal/framework/AliasMapper
instanceKlass org/eclipse/osgi/framework/util/KeyedElement
instanceKlass org/eclipse/osgi/internal/hookregistry/ClassLoaderHook
instanceKlass org/eclipse/osgi/internal/hookregistry/HookRegistry
instanceKlass org/eclipse/osgi/service/datalocation/Location
instanceKlass org/eclipse/osgi/service/debug/DebugOptions
instanceKlass org/eclipse/osgi/internal/framework/EquinoxConfiguration
instanceKlass org/eclipse/osgi/service/environment/EnvironmentInfo
# instanceKlass org/eclipse/osgi/internal/framework/EquinoxContainer$$InjectedInvoker+0x000001513408c400
instanceKlass java/lang/invoke/MethodHandleImpl$BindCaller$InjectedInvokerHolder
instanceKlass java/lang/invoke/MethodHandleImpl$BindCaller
# instanceKlass java/lang/invoke/LambdaForm$MH+0x000001513408c000
# instanceKlass java/lang/invoke/LambdaForm$MH+0x000001513408ac00
instanceKlass java/lang/annotation/Target
instanceKlass java/lang/reflect/Proxy$ProxyBuilder$1
instanceKlass jdk/internal/org/objectweb/asm/Edge
instanceKlass  @bci java/lang/reflect/ProxyGenerator addProxyMethod (Ljava/lang/reflect/Method;Ljava/lang/Class;)V 23 <appendix> argL0 ; # java/lang/reflect/ProxyGenerator$$Lambda+0x0000015134032608
instanceKlass  @bci java/lang/reflect/ProxyGenerator addProxyMethod (Ljava/lang/reflect/ProxyGenerator$ProxyMethod;)V 10 <appendix> argL0 ; # java/lang/reflect/ProxyGenerator$$Lambda+0x00000151340323c8
instanceKlass java/lang/reflect/ProxyGenerator$ProxyMethod
instanceKlass  @bci java/lang/reflect/Proxy getLoader (Ljava/lang/Module;)Ljava/lang/ClassLoader; 6 <appendix> member <vmtarget> ; # java/lang/reflect/Proxy$$Lambda+0x0000015134031c70
instanceKlass  @bci java/lang/module/ModuleDescriptor$Builder packages (Ljava/util/Set;)Ljava/lang/module/ModuleDescriptor$Builder; 17 <appendix> argL0 ; # java/lang/module/ModuleDescriptor$Builder$$Lambda+0x800000002
instanceKlass java/lang/module/ModuleDescriptor$Builder
instanceKlass  @bci java/lang/reflect/Proxy$ProxyBuilder getDynamicModule (Ljava/lang/ClassLoader;)Ljava/lang/Module; 4 <appendix> argL0 ; # java/lang/reflect/Proxy$ProxyBuilder$$Lambda+0x0000015134031830
instanceKlass java/lang/PublicMethods
instanceKlass java/lang/reflect/Proxy$ProxyBuilder
instanceKlass  @bci java/lang/reflect/Proxy getProxyConstructor (Ljava/lang/Class;Ljava/lang/ClassLoader;[Ljava/lang/Class;)Ljava/lang/reflect/Constructor; 35 <appendix> argL0 ; # java/lang/reflect/Proxy$$Lambda+0x0000015134030f98
instanceKlass java/lang/reflect/Proxy
instanceKlass sun/reflect/annotation/AnnotationInvocationHandler
instanceKlass java/lang/reflect/InvocationHandler
instanceKlass sun/reflect/annotation/AnnotationParser$1
instanceKlass sun/reflect/annotation/ExceptionProxy
instanceKlass java/lang/annotation/Inherited
instanceKlass java/lang/annotation/Retention
instanceKlass sun/reflect/annotation/AnnotationType$1
instanceKlass sun/reflect/annotation/AnnotationType
instanceKlass java/lang/reflect/GenericArrayType
instanceKlass sun/reflect/generics/visitor/Reifier
instanceKlass sun/reflect/generics/visitor/TypeTreeVisitor
instanceKlass sun/reflect/generics/factory/CoreReflectionFactory
instanceKlass sun/reflect/generics/factory/GenericsFactory
instanceKlass sun/reflect/generics/scope/AbstractScope
instanceKlass sun/reflect/generics/scope/Scope
instanceKlass sun/reflect/generics/tree/ClassTypeSignature
instanceKlass sun/reflect/generics/tree/SimpleClassTypeSignature
instanceKlass sun/reflect/generics/tree/FieldTypeSignature
instanceKlass sun/reflect/generics/tree/BaseType
instanceKlass sun/reflect/generics/tree/TypeSignature
instanceKlass sun/reflect/generics/tree/ReturnType
instanceKlass sun/reflect/generics/tree/TypeArgument
instanceKlass sun/reflect/generics/tree/TypeTree
instanceKlass sun/reflect/generics/tree/Tree
instanceKlass sun/reflect/generics/parser/SignatureParser
instanceKlass org/eclipse/osgi/framework/util/SecureAction$1
instanceKlass org/eclipse/osgi/framework/util/SecureAction
instanceKlass org/eclipse/osgi/internal/framework/EquinoxContainer
instanceKlass org/eclipse/osgi/launch/Equinox
# instanceKlass java/lang/invoke/LambdaForm$MH+0x000001513408a800
# instanceKlass java/lang/invoke/LambdaForm$MH+0x000001513408a400
# instanceKlass java/lang/invoke/LambdaForm$MH+0x000001513408a000
instanceKlass org/osgi/framework/BundleContext
instanceKlass org/osgi/framework/BundleReference
instanceKlass org/eclipse/core/runtime/adaptor/EclipseStarter$InitialBundle
instanceKlass org/eclipse/core/runtime/adaptor/EclipseStarter$StartupEventListener
instanceKlass org/osgi/framework/FrameworkListener
instanceKlass org/osgi/framework/SynchronousBundleListener
instanceKlass java/util/concurrent/Semaphore
instanceKlass java/util/EventObject
instanceKlass org/osgi/framework/launch/Framework
instanceKlass org/osgi/framework/Bundle
instanceKlass org/osgi/framework/BundleListener
instanceKlass java/util/EventListener
instanceKlass org/eclipse/equinox/plurl/PlurlStreamHandler
instanceKlass org/eclipse/core/runtime/adaptor/EclipseStarter
instanceKlass  @bci java/io/FilePermissionCollection add (Ljava/security/Permission;)V 68 <appendix> argL0 ; # java/io/FilePermissionCollection$$Lambda+0x000001513402afa0
instanceKlass sun/security/util/SecurityProperties
instanceKlass sun/security/util/FilePermCompat
instanceKlass java/io/FilePermission$1
instanceKlass jdk/internal/access/JavaIOFilePermissionAccess
instanceKlass java/net/URLClassLoader$1
instanceKlass  @bci org/eclipse/equinox/launcher/Main basicRun ([Ljava/lang/String;)V 162 <appendix> argL0 ; # org/eclipse/equinox/launcher/Main$$Lambda+0x0000015134084b88
instanceKlass java/nio/file/FileStore
instanceKlass sun/nio/fs/WindowsSecurity
instanceKlass sun/nio/fs/AbstractAclFileAttributeView
instanceKlass java/nio/file/attribute/AclFileAttributeView
instanceKlass java/nio/file/attribute/FileOwnerAttributeView
instanceKlass sun/nio/fs/WindowsLinkSupport
instanceKlass sun/nio/fs/WindowsFileSystemProvider$1
instanceKlass org/eclipse/equinox/launcher/JNIBridge
instanceKlass  @bci java/util/stream/MatchOps makeRef (Ljava/util/function/Predicate;Ljava/util/stream/MatchOps$MatchKind;)Ljava/util/stream/TerminalOp; 20 <appendix> member <vmtarget> ; # java/util/stream/MatchOps$$Lambda+0x00000151340286f0
instanceKlass java/util/stream/MatchOps$BooleanTerminalSink
instanceKlass java/util/stream/MatchOps$MatchOp
instanceKlass java/util/stream/MatchOps
instanceKlass  @bci org/eclipse/equinox/launcher/Main extractFromJAR (Ljava/lang/String;Ljava/lang/String;)Ljava/lang/String; 146 <appendix> member <vmtarget> ; # org/eclipse/equinox/launcher/Main$$Lambda+0x00000151340846e0
instanceKlass java/util/AbstractList$RandomAccessSpliterator
instanceKlass  @bci org/eclipse/equinox/launcher/Main getLibraryFromFragment (Ljava/lang/String;Ljava/lang/String;)Ljava/lang/String; 96 <appendix> argL0 ; # org/eclipse/equinox/launcher/Main$$Lambda+0x0000015134084490
instanceKlass  @bci org/eclipse/equinox/launcher/Main getLibraryFromFragment (Ljava/lang/String;Ljava/lang/String;)Ljava/lang/String; 86 <appendix> argL0 ; # org/eclipse/equinox/launcher/Main$$Lambda+0x0000015134084250
instanceKlass  @bci java/util/zip/ZipFile stream ()Ljava/util/stream/Stream; 25 <appendix> member <vmtarget> ; # java/util/zip/ZipFile$$Lambda+0x0000015134027988
instanceKlass java/util/Spliterators$AbstractSpliterator
instanceKlass  @bci java/util/stream/StreamSpliterators$WrappingSpliterator initPartialTraversalState ()V 37 <appendix> member <vmtarget> ; # java/util/stream/StreamSpliterators$WrappingSpliterator$$Lambda+0x0000015134027760
instanceKlass java/util/function/BooleanSupplier
instanceKlass java/util/stream/Sink$ChainedInt
instanceKlass java/util/stream/Sink$OfInt
instanceKlass java/util/function/IntConsumer
instanceKlass  @bci java/util/stream/StreamSpliterators$WrappingSpliterator initPartialTraversalState ()V 24 <appendix> member <vmtarget> ; # java/util/stream/StreamSpliterators$WrappingSpliterator$$Lambda+0x0000015134026780
instanceKlass java/util/stream/StreamSpliterators
instanceKlass  @bci org/eclipse/equinox/launcher/Main getLibraryPath (Ljava/lang/String;Ljava/util/List;)Ljava/lang/String; 190 <appendix> argL0 ; # org/eclipse/equinox/launcher/Main$$Lambda+0x0000015134084000
instanceKlass  @bci org/eclipse/equinox/launcher/Main getLibraryPath (Ljava/lang/String;Ljava/util/List;)Ljava/lang/String; 180 <appendix> member <vmtarget> ; # org/eclipse/equinox/launcher/Main$$Lambda+0x000001513401bcc0
instanceKlass java/util/stream/Stream$Builder
instanceKlass java/util/stream/Streams$AbstractStreamBuilderImpl
instanceKlass java/util/stream/Streams$2
instanceKlass java/util/stream/Streams
instanceKlass java/util/stream/StreamSpliterators$AbstractWrappingSpliterator
instanceKlass  @bci java/util/stream/AbstractPipeline spliterator ()Ljava/util/Spliterator; 103 <appendix> member <vmtarget> ; # java/util/stream/AbstractPipeline$$Lambda+0x0000015134025800
instanceKlass java/util/stream/Streams$ConcatSpliterator
instanceKlass  @bci org/eclipse/equinox/launcher/Main getLibraryPath (Ljava/lang/String;Ljava/util/List;)Ljava/lang/String; 143 <appendix> argL0 ; # org/eclipse/equinox/launcher/Main$$Lambda+0x000001513401ba80
instanceKlass  @bci org/eclipse/equinox/launcher/Main getLibraryPath (Ljava/lang/String;Ljava/util/List;)Ljava/lang/String; 133 <appendix> member <vmtarget> ; # org/eclipse/equinox/launcher/Main$$Lambda+0x000001513401b858
instanceKlass  @cpi org/eclipse/equinox/launcher/Main 2098 form vmentry <vmtarget> ; # java/lang/invoke/LambdaForm$DMH+0x0000015134082c00
instanceKlass  @bci org/eclipse/equinox/launcher/Main getLibraryPath (Ljava/lang/String;Ljava/util/List;)Ljava/lang/String; 117 <appendix> member <vmtarget> ; # org/eclipse/equinox/launcher/Main$$Lambda+0x000001513401b610
instanceKlass java/util/function/IntUnaryOperator
instanceKlass java/util/stream/Streams$RangeIntSpliterator
instanceKlass java/util/stream/IntStream
instanceKlass  @bci org/eclipse/m2e/core/internal/MavenPluginActivator getUserAgent ()Ljava/lang/String; 47 <appendix> form vmentry <vmtarget> ; # java/lang/invoke/LambdaForm$MH+0x0000015134082800
# instanceKlass java/lang/invoke/LambdaForm$MH+0x0000015134082400
instanceKlass  @bci org/eclipse/m2e/core/internal/MavenPluginActivator getUserAgent ()Ljava/lang/String; 47 <appendix> argL3 form vmentry <vmtarget> ; # java/lang/invoke/LambdaForm$MH+0x0000015134082000
# instanceKlass java/lang/invoke/LambdaForm$MH+0x0000015134081c00
# instanceKlass java/lang/invoke/LambdaForm$MH+0x0000015134081800
# instanceKlass java/lang/invoke/LambdaForm$MH+0x0000015134081400
# instanceKlass java/lang/invoke/LambdaForm$MH+0x0000015134081000
instanceKlass  @bci org/eclipse/m2e/core/internal/MavenPluginActivator getUserAgent ()Ljava/lang/String; 47 <appendix> argL1 form vmentry <vmtarget> ; # java/lang/invoke/LambdaForm$MH+0x0000015134080c00
# instanceKlass java/lang/invoke/LambdaForm$MH+0x0000015134080800
# instanceKlass java/lang/invoke/LambdaForm$MH+0x0000015134080400
# instanceKlass java/lang/invoke/LambdaForm$MH+0x0000015134080000
instanceKlass java/io/RandomAccessFile$1
instanceKlass  @bci org/eclipse/jdt/ls/core/internal/handlers/WorkspaceExecuteCommandHandler$DelegateCommandHandlerDescriptor createId (Lorg/eclipse/core/runtime/IConfigurationElement;)Ljava/lang/String; 14 <appendix> form vmentry <vmtarget> ; # java/lang/invoke/LambdaForm$MH+0x000001513401fc00
instanceKlass java/lang/invoke/LambdaFormEditor$1
# instanceKlass java/lang/invoke/LambdaForm$MH+0x000001513401f800
instanceKlass  @bci org/eclipse/jdt/ls/core/internal/handlers/WorkspaceExecuteCommandHandler$DelegateCommandHandlerDescriptor createId (Lorg/eclipse/core/runtime/IConfigurationElement;)Ljava/lang/String; 14 <appendix> argL3 form vmentry <vmtarget> ; # java/lang/invoke/LambdaForm$MH+0x000001513401f400
# instanceKlass java/lang/invoke/LambdaForm$MH+0x000001513401f000
# instanceKlass java/lang/invoke/LambdaForm$MH+0x000001513401ec00
# instanceKlass java/lang/invoke/LambdaForm$MH+0x000001513401e800
# instanceKlass java/lang/invoke/LambdaForm$MH+0x000001513401e400
instanceKlass  @bci org/eclipse/jdt/ls/core/internal/handlers/WorkspaceExecuteCommandHandler$DelegateCommandHandlerDescriptor createId (Lorg/eclipse/core/runtime/IConfigurationElement;)Ljava/lang/String; 14 <appendix> argL1 form vmentry <vmtarget> ; # java/lang/invoke/LambdaForm$MH+0x000001513401e000
# instanceKlass java/lang/invoke/LambdaForm$MH+0x000001513401dc00
# instanceKlass java/lang/invoke/LambdaForm$MH+0x000001513401d800
# instanceKlass java/lang/invoke/LambdaForm$MH+0x000001513401d400
instanceKlass  @bci org/eclipse/equinox/launcher/Main searchFor (Ljava/lang/String;Ljava/lang/String;)Ljava/lang/String; 95 <appendix> member <vmtarget> ; # org/eclipse/equinox/launcher/Main$$Lambda+0x000001513401b3c8
instanceKlass  @bci org/eclipse/equinox/launcher/Main findMax (Ljava/lang/String;Ljava/util/List;)Ljava/util/Optional; 34 <appendix> argL0 ; # org/eclipse/equinox/launcher/Main$$Lambda+0x000001513401b188
instanceKlass java/util/stream/ReduceOps$2ReducingSink
instanceKlass  @bci java/util/function/BinaryOperator maxBy (Ljava/util/Comparator;)Ljava/util/function/BinaryOperator; 6 <appendix> member <vmtarget> ; # java/util/function/BinaryOperator$$Lambda+0x0000015134022aa8
instanceKlass  @bci java/util/Comparator comparing (Ljava/util/function/Function;Ljava/util/Comparator;)Ljava/util/Comparator; 12 <appendix> member <vmtarget> ; # java/util/Comparator$$Lambda+0x0000015134022808
instanceKlass  @cpi java/util/Comparator 256 form vmentry <vmtarget> ; # java/lang/invoke/LambdaForm$DMH+0x000001513401d000
instanceKlass  @bci java/util/Comparator comparing (Ljava/util/function/Function;)Ljava/util/Comparator; 6 <appendix> member <vmtarget> ; # java/util/Comparator$$Lambda+0x0000015134022568
instanceKlass  @bci org/eclipse/equinox/launcher/Main$Identifier <clinit> ()V 34 <appendix> argL0 ; # org/eclipse/equinox/launcher/Main$Identifier$$Lambda+0x000001513401af48
instanceKlass  @bci org/eclipse/equinox/launcher/Main$Identifier <clinit> ()V 18 <appendix> argL0 ; # org/eclipse/equinox/launcher/Main$Identifier$$Lambda+0x000001513401ad28
instanceKlass  @bci java/util/Comparator thenComparing (Ljava/util/Comparator;)Ljava/util/Comparator; 7 <appendix> member <vmtarget> ; # java/util/Comparator$$Lambda+0x00000151340222c8
instanceKlass  @cpi java/util/Comparator 251 form vmentry <vmtarget> ; # java/lang/invoke/LambdaForm$DMH+0x000001513401cc00
instanceKlass  @bci org/eclipse/equinox/launcher/Main$Identifier <clinit> ()V 8 <appendix> argL0 ; # org/eclipse/equinox/launcher/Main$Identifier$$Lambda+0x000001513401ab08
instanceKlass  @bci java/util/Comparator comparingInt (Ljava/util/function/ToIntFunction;)Ljava/util/Comparator; 6 <appendix> member <vmtarget> ; # java/util/Comparator$$Lambda+0x0000015134022028
instanceKlass  @bci java/lang/invoke/BootstrapMethodInvoker invoke (Ljava/lang/Class;Ljava/lang/invoke/MethodHandle;Ljava/lang/String;Ljava/lang/Object;Ljava/lang/Object;Ljava/lang/Class;)Ljava/lang/Object; 462 <adapter> ; # java/lang/invoke/LambdaForm$MH+0x000001513401c800
instanceKlass  @cpi java/util/Comparator 259 form vmentry <vmtarget> ; # java/lang/invoke/LambdaForm$DMH+0x000001513401c400
instanceKlass  @bci org/eclipse/equinox/launcher/Main$Identifier <clinit> ()V 0 <appendix> argL0 ; # org/eclipse/equinox/launcher/Main$Identifier$$Lambda+0x000001513401a8e8
instanceKlass java/util/function/ToIntFunction
instanceKlass  @bci org/eclipse/equinox/launcher/Main findMax (Ljava/lang/String;Ljava/util/List;)Ljava/util/Optional; 18 <appendix> argL0 ; # org/eclipse/equinox/launcher/Main$$Lambda+0x000001513401a6a8
instanceKlass  @cpi org/apache/maven/internal/aether/DefaultRepositorySystemSessionFactory 875 form vmentry <vmtarget> ; # java/lang/invoke/LambdaForm$DMH+0x000001513401c000
instanceKlass  @bci org/eclipse/equinox/launcher/Main findMax (Ljava/lang/String;Ljava/util/List;)Ljava/util/Optional; 8 <appendix> member <vmtarget> ; # org/eclipse/equinox/launcher/Main$$Lambda+0x000001513401a250
instanceKlass java/util/ArrayList$ArrayListSpliterator
instanceKlass  @bci org/eclipse/debug/internal/core/IInternalDebugCoreConstants <clinit> ()V 3 <appendix> form vmentry <vmtarget> ; # java/lang/invoke/LambdaForm$MH+0x0000015134019c00
instanceKlass java/util/stream/AbstractSpinedBuffer
instanceKlass java/util/stream/Node$Builder
instanceKlass java/util/stream/Node$OfDouble
instanceKlass java/util/stream/Node$OfLong
instanceKlass java/util/stream/Node$OfInt
instanceKlass java/util/stream/Node$OfPrimitive
instanceKlass java/util/stream/Nodes$EmptyNode
instanceKlass java/util/stream/Node
instanceKlass java/util/stream/Nodes
instanceKlass  @bci java/util/stream/ReferencePipeline toArray ()[Ljava/lang/Object; 1 <appendix> argL0 ; # java/util/stream/ReferencePipeline$$Lambda+0x00000151340211a8
instanceKlass java/util/ImmutableCollections$Access$1
instanceKlass jdk/internal/access/JavaUtilCollectionAccess
instanceKlass java/util/ImmutableCollections$Access
instanceKlass  @bci org/eclipse/equinox/launcher/Main getArrayFromList (Ljava/lang/String;)Ljava/util/List; 32 <appendix> argL0 ; # org/eclipse/equinox/launcher/Main$$Lambda+0x000001513401a000
instanceKlass  @bci org/eclipse/equinox/launcher/Main getArrayFromList (Ljava/lang/String;)Ljava/util/List; 22 <appendix> argL0 ; # org/eclipse/equinox/launcher/Main$$Lambda+0x0000015134015d00
instanceKlass java/util/regex/Pattern$1MatcherIterator
instanceKlass sun/net/www/MimeEntry
instanceKlass java/util/Hashtable$Enumerator
instanceKlass java/util/Collections$SynchronizedCollection
instanceKlass java/util/Properties$EntrySet
instanceKlass sun/net/www/MimeTable$DefaultInstanceHolder$1
instanceKlass sun/net/www/MimeTable$DefaultInstanceHolder
instanceKlass sun/net/www/MimeTable$2
instanceKlass sun/net/www/MimeTable$1
instanceKlass sun/net/www/MimeTable
instanceKlass java/net/URLConnection$1
instanceKlass java/net/FileNameMap
instanceKlass  @bci org/eclipse/equinox/launcher/Main getInstallLocation ()Ljava/net/URL; 287 <appendix> form vmentry <vmtarget> ; # java/lang/invoke/LambdaForm$MH+0x0000015134019800
# instanceKlass java/lang/invoke/LambdaForm$MH+0x0000015134019400
instanceKlass  @bci org/eclipse/equinox/launcher/Main getInstallLocation ()Ljava/net/URL; 287 <appendix> argL3 form vmentry <vmtarget> ; # java/lang/invoke/LambdaForm$MH+0x0000015134019000
# instanceKlass java/lang/invoke/LambdaForm$MH+0x0000015134018c00
# instanceKlass java/lang/invoke/LambdaForm$MH+0x0000015134018800
# instanceKlass java/lang/invoke/LambdaForm$MH+0x0000015134018400
# instanceKlass java/lang/invoke/LambdaForm$MH+0x0000015134018000
instanceKlass  @bci org/eclipse/equinox/launcher/Main getInstallLocation ()Ljava/net/URL; 287 <appendix> argL1 form vmentry <vmtarget> ; # java/lang/invoke/LambdaForm$MH+0x0000015134017c00
instanceKlass  @bci org/eclipse/jdt/ls/core/internal/handlers/WorkspaceExecuteCommandHandler$DelegateCommandHandlerDescriptor createId (Lorg/eclipse/core/runtime/IConfigurationElement;)Ljava/lang/String; 14 <appendix> argL1 argL0 form vmentry <vmtarget> ; # java/lang/invoke/LambdaForm$MH+0x0000015134017800
# instanceKlass java/lang/invoke/LambdaForm$MH+0x0000015134017400
instanceKlass  @bci org/eclipse/jdt/internal/core/builder/ClasspathMultiReleaseJar initializeVersions (Ljava/util/zip/ZipFile;Ljava/lang/String;)[Ljava/lang/String; 36 <appendix> argL1 form vmentry <vmtarget> ; # java/lang/invoke/LambdaForm$MH+0x0000015134017000
# instanceKlass java/lang/invoke/LambdaForm$MH+0x0000015134016c00
# instanceKlass java/lang/invoke/LambdaForm$MH+0x0000015134016800
instanceKlass java/lang/Long$LongCache
# instanceKlass java/lang/invoke/LambdaForm$MH+0x0000015134016400
instanceKlass java/util/Collections$3
instanceKlass jdk/internal/loader/URLClassPath$1
instanceKlass java/lang/CompoundEnumeration
instanceKlass jdk/internal/loader/BuiltinClassLoader$1
instanceKlass java/util/Collections$EmptyEnumeration
instanceKlass java/util/ServiceLoader$3
instanceKlass java/util/ServiceLoader$2
instanceKlass java/util/ServiceLoader$LazyClassPathLookupIterator
instanceKlass java/util/Spliterators$1Adapter
instanceKlass java/util/Spliterators$ArraySpliterator
instanceKlass java/util/ServiceLoader$ModuleServicesLookupIterator
instanceKlass java/util/ServiceLoader
instanceKlass java/net/spi/URLStreamHandlerProvider
instanceKlass java/net/URL$1
instanceKlass java/net/URL$2
instanceKlass java/net/URL$ThreadTrackHolder
instanceKlass  @bci org/eclipse/equinox/launcher/Main basicRun ([Ljava/lang/String;)V 29 <appendix> argL0 ; # org/eclipse/equinox/launcher/Main$$Lambda+0x0000015134015ae0
instanceKlass java/util/function/IntFunction
instanceKlass  @bci org/eclipse/equinox/launcher/Main processCommandLine (Ljava/util/List;)Ljava/util/List; 832 <appendix> argL0 ; # org/eclipse/equinox/launcher/Main$$Lambda+0x00000151340158b0
instanceKlass  @cpi com/google/inject/spi/BindingSourceRestriction 105 form vmentry <vmtarget> ; # java/lang/invoke/LambdaForm$DMH+0x0000015134016000
instanceKlass  @bci java/util/ArrayDeque copyElements (Ljava/util/Collection;)V 2 <appendix> member <vmtarget> ; # java/util/ArrayDeque$$Lambda+0x000001513407e9a8
instanceKlass java/lang/Thread$ThreadNumbering
instanceKlass java/nio/file/attribute/PosixFilePermissions
instanceKlass java/security/Policy
instanceKlass jdk/internal/misc/PreviewFeatures
instanceKlass jdk/internal/misc/MainMethodFinder
instanceKlass org/eclipse/equinox/launcher/Main
instanceKlass sun/security/util/ManifestEntryVerifier$SunProviderHolder
instanceKlass java/util/Base64$Encoder
instanceKlass java/util/Base64$Decoder
instanceKlass java/util/Base64
instanceKlass javax/crypto/SecretKey
instanceKlass sun/security/util/Length
instanceKlass sun/security/util/KeyUtil
instanceKlass java/security/interfaces/XECKey
instanceKlass java/security/interfaces/ECKey
instanceKlass sun/security/util/JarConstraintsParameters
instanceKlass sun/security/util/ConstraintsParameters
instanceKlass java/security/CodeSigner
instanceKlass java/security/Timestamp
instanceKlass sun/security/timestamp/TimestampToken
instanceKlass java/security/cert/CertPath
# instanceKlass java/lang/invoke/LambdaForm$MH+0x0000015134014c00
instanceKlass java/math/MutableBigInteger
instanceKlass sun/security/rsa/RSAPadding
instanceKlass sun/security/rsa/RSACore
instanceKlass java/security/interfaces/RSAPrivateCrtKey
instanceKlass sun/security/pkcs/PKCS8Key
instanceKlass sun/security/util/InternalPrivateKey
instanceKlass java/security/interfaces/RSAPrivateKey
instanceKlass java/security/PrivateKey
instanceKlass javax/security/auth/Destroyable
instanceKlass jdk/internal/icu/util/CodePointTrie$Data
instanceKlass jdk/internal/icu/util/CodePointMap
instanceKlass jdk/internal/icu/util/VersionInfo
instanceKlass  @bci jdk/internal/module/SystemModuleFinders$SystemModuleReader open (Ljava/lang/String;)Ljava/util/Optional; 6 <appendix> member <vmtarget> ; # jdk/internal/module/SystemModuleFinders$SystemModuleReader$$Lambda+0x00000151340769b8
instanceKlass jdk/internal/jimage/decompressor/ZipDecompressor
instanceKlass jdk/internal/jimage/decompressor/ResourceDecompressor
instanceKlass jdk/internal/jimage/decompressor/ResourceDecompressorFactory
instanceKlass jdk/internal/jimage/decompressor/ResourceDecompressorRepository
instanceKlass jdk/internal/jimage/decompressor/CompressedResourceHeader
instanceKlass  @bci jdk/internal/jimage/BasicImageReader getResourceBuffer (Ljdk/internal/jimage/ImageLocation;)Ljava/nio/ByteBuffer; 168 <appendix> member <vmtarget> ; # jdk/internal/jimage/BasicImageReader$$Lambda+0x00000151340758f8
instanceKlass jdk/internal/jimage/decompressor/ResourceDecompressor$StringsProvider
instanceKlass java/util/TimSort
instanceKlass java/util/Arrays$LegacyMergeSort
instanceKlass java/util/AbstractMap$SimpleEntry
instanceKlass jdk/internal/jimage/ImageBufferCache$2
instanceKlass jdk/internal/jimage/ImageBufferCache
instanceKlass jdk/internal/module/Checks
instanceKlass jdk/internal/icu/impl/ICUBinary$1
instanceKlass jdk/internal/icu/impl/ICUBinary
instanceKlass jdk/internal/icu/impl/NormalizerImpl$IsAcceptable
instanceKlass jdk/internal/icu/impl/ICUBinary$Authenticate
instanceKlass jdk/internal/icu/impl/NormalizerImpl
instanceKlass jdk/internal/icu/impl/Norm2AllModes$Norm2AllModesSingleton
instanceKlass jdk/internal/icu/impl/Norm2AllModes$NFKCSingleton
instanceKlass jdk/internal/icu/impl/Norm2AllModes
instanceKlass jdk/internal/icu/text/Normalizer2
instanceKlass jdk/internal/icu/text/NormalizerBase$ModeImpl
instanceKlass jdk/internal/icu/text/NormalizerBase$NFKDModeImpl
instanceKlass jdk/internal/icu/text/NormalizerBase$1
instanceKlass jdk/internal/icu/text/NormalizerBase$Mode
instanceKlass jdk/internal/icu/text/NormalizerBase
instanceKlass java/text/Normalizer
instanceKlass sun/security/x509/AVAKeyword
instanceKlass java/util/StringJoiner
instanceKlass sun/security/jca/ServiceId
instanceKlass java/security/Signature$1
instanceKlass jdk/internal/access/JavaSecuritySignatureAccess
instanceKlass java/security/SignatureSpi
instanceKlass sun/security/util/SignatureUtil
instanceKlass java/lang/invoke/VarHandle$AccessDescriptor
instanceKlass sun/security/provider/ByteArrayAccess$BE
instanceKlass sun/security/provider/ByteArrayAccess
instanceKlass sun/security/util/MessageDigestSpi2
instanceKlass java/security/MessageDigestSpi
instanceKlass sun/security/pkcs/SigningCertificateInfo$ESSCertId
instanceKlass sun/security/pkcs/SigningCertificateInfo
instanceKlass sun/security/pkcs/PKCS9Attribute
instanceKlass sun/security/pkcs/PKCS9Attributes
instanceKlass java/time/Instant
instanceKlass java/time/zone/ZoneOffsetTransition
instanceKlass java/time/LocalTime
instanceKlass java/time/temporal/ValueRange
instanceKlass java/time/Duration
instanceKlass java/time/temporal/TemporalAmount
instanceKlass java/time/temporal/TemporalUnit
instanceKlass java/time/temporal/TemporalField
instanceKlass java/time/LocalDate
instanceKlass java/time/chrono/ChronoLocalDate
instanceKlass java/time/ZonedDateTime
instanceKlass java/time/chrono/ChronoZonedDateTime
instanceKlass java/time/LocalDateTime
instanceKlass java/time/chrono/ChronoLocalDateTime
instanceKlass java/time/temporal/Temporal
instanceKlass java/time/zone/ZoneOffsetTransitionRule
instanceKlass java/time/zone/ZoneRules
instanceKlass  @bci java/time/ZoneOffset ofTotalSeconds (I)Ljava/time/ZoneOffset; 37 <appendix> argL0 ; # java/time/ZoneOffset$$Lambda+0x80000000c
instanceKlass java/time/temporal/TemporalAdjuster
instanceKlass java/time/temporal/TemporalAccessor
instanceKlass java/time/ZoneId
instanceKlass  @bci java/util/regex/CharPredicates ASCII_DIGIT ()Ljava/util/regex/Pattern$BmpCharPredicate; 0 <appendix> argL0 ; # java/util/regex/CharPredicates$$Lambda+0x800000025
instanceKlass  @bci java/util/regex/CharPredicates ASCII_SPACE ()Ljava/util/regex/Pattern$BmpCharPredicate; 0 <appendix> argL0 ; # java/util/regex/CharPredicates$$Lambda+0x800000026
instanceKlass java/util/regex/CharPredicates
instanceKlass sun/security/util/DisabledAlgorithmConstraints$Constraints$Holder
instanceKlass sun/security/util/DisabledAlgorithmConstraints$Constraint
instanceKlass java/util/StringTokenizer
instanceKlass java/security/spec/ECFieldF2m
instanceKlass java/security/spec/ECParameterSpec
instanceKlass java/security/spec/ECPoint
instanceKlass java/security/spec/EllipticCurve
instanceKlass java/security/spec/ECFieldFp
instanceKlass java/security/spec/ECField
instanceKlass sun/security/util/CurveDB
instanceKlass sun/security/util/DisabledAlgorithmConstraints$Constraints
instanceKlass java/util/TreeMap$PrivateEntryIterator
instanceKlass java/util/NavigableSet
instanceKlass java/util/SortedSet
instanceKlass sun/security/util/AbstractAlgorithmConstraints$1
instanceKlass sun/security/util/AlgorithmDecomposer
instanceKlass sun/security/util/DisabledAlgorithmConstraints$JarHolder
instanceKlass  @bci java/util/regex/Pattern DOT ()Ljava/util/regex/Pattern$CharPredicate; 0 <appendix> argL0 ; # java/util/regex/Pattern$$Lambda+0x0000015134067ff0
instanceKlass java/util/regex/ASCII
instanceKlass sun/security/util/AbstractAlgorithmConstraints
instanceKlass java/security/AlgorithmConstraints
instanceKlass sun/security/pkcs/SignerInfo
instanceKlass java/security/cert/PolicyQualifierInfo
instanceKlass sun/security/x509/CertificatePolicyId
instanceKlass sun/security/x509/PolicyInformation
instanceKlass sun/security/x509/DistributionPoint
instanceKlass sun/security/x509/DNSName
instanceKlass sun/security/x509/URIName
instanceKlass sun/security/x509/GeneralName
instanceKlass sun/security/x509/AccessDescription
instanceKlass sun/security/x509/GeneralNames
instanceKlass java/lang/invoke/VarForm
instanceKlass java/lang/invoke/VarHandleGuards
instanceKlass java/lang/invoke/VarHandles
instanceKlass java/lang/System$Logger
instanceKlass jdk/internal/event/EventHelper
instanceKlass sun/security/jca/JCAUtil
instanceKlass sun/security/util/MemoryCache$CacheEntry
instanceKlass sun/security/x509/KeyIdentifier
instanceKlass java/util/TreeMap$Entry
# instanceKlass java/lang/invoke/LambdaForm$MH+0x0000015134014800
instanceKlass sun/security/x509/OIDMap$OIDInfo
instanceKlass sun/security/x509/PKIXExtensions
instanceKlass sun/security/x509/OIDMap
instanceKlass sun/security/x509/Extension
instanceKlass java/security/cert/Extension
instanceKlass java/util/Collections$SynchronizedMap
instanceKlass java/util/NavigableMap
instanceKlass java/util/SortedMap
instanceKlass sun/security/x509/CertificateExtensions
instanceKlass sun/security/rsa/RSAUtil
instanceKlass java/security/interfaces/RSAPublicKey
instanceKlass java/security/interfaces/RSAKey
instanceKlass java/security/spec/PSSParameterSpec
instanceKlass java/security/spec/AlgorithmParameterSpec
instanceKlass java/security/spec/RSAPrivateKeySpec
instanceKlass java/security/spec/RSAPublicKeySpec
instanceKlass java/security/KeyFactorySpi
instanceKlass sun/security/rsa/SunRsaSignEntries
instanceKlass sun/security/jca/ProviderList$ServiceList$1
instanceKlass java/security/KeyFactory
instanceKlass  @bci java/security/spec/EncodedKeySpec <clinit> ()V 0 <appendix> argL0 ; # java/security/spec/EncodedKeySpec$$Lambda+0x000001513405e5f0
instanceKlass  @cpi org/eclipse/aether/internal/impl/synccontext/named/NamedLockFactoryAdapterFactoryImpl 335 form vmentry <vmtarget> ; # java/lang/invoke/LambdaForm$DMH+0x0000015134014400
instanceKlass jdk/internal/access/JavaSecuritySpecAccess
instanceKlass java/security/spec/EncodedKeySpec
instanceKlass java/security/spec/KeySpec
instanceKlass sun/security/util/BitArray
instanceKlass sun/security/x509/X509Key
instanceKlass java/security/PublicKey
instanceKlass java/security/Key
instanceKlass sun/security/x509/CertificateX509Key
instanceKlass java/util/Date
instanceKlass sun/util/calendar/CalendarUtils
instanceKlass sun/util/calendar/CalendarDate
instanceKlass sun/util/calendar/CalendarSystem$GregorianHolder
instanceKlass sun/util/calendar/CalendarSystem
instanceKlass sun/security/x509/CertificateValidity
instanceKlass sun/security/x509/AVA
instanceKlass sun/security/x509/RDN
instanceKlass javax/security/auth/x500/X500Principal
instanceKlass  @bci sun/security/x509/X500Name <clinit> ()V 153 <appendix> argL0 ; # sun/security/x509/X500Name$$Lambda+0x000001513405c0e8
instanceKlass sun/security/x509/X500Name
instanceKlass sun/security/x509/GeneralNameInterface
instanceKlass sun/security/x509/CertificateAlgorithmId
instanceKlass sun/security/x509/SerialNumber
instanceKlass sun/security/x509/CertificateSerialNumber
instanceKlass sun/security/x509/CertificateVersion
instanceKlass sun/security/x509/X509CertInfo
instanceKlass sun/security/util/Cache$EqualByteArray
instanceKlass java/security/cert/X509Extension
instanceKlass java/lang/Byte$ByteCache
instanceKlass  @bci sun/security/util/DerInputStream seeOptionalContextSpecific (I)Z 2 <appendix> member <vmtarget> ; # sun/security/util/DerInputStream$$Lambda+0x0000015134059a18
instanceKlass  @cpi org/eclipse/jdt/internal/compiler/ClassFile 3307 form vmentry <vmtarget> ; # java/lang/invoke/LambdaForm$DMH+0x0000015134014000
instanceKlass sun/security/jca/GetInstance$Instance
instanceKlass sun/security/util/Cache
instanceKlass jdk/internal/event/Event
instanceKlass sun/security/jca/GetInstance
instanceKlass java/security/cert/CertificateFactorySpi
instanceKlass java/security/cert/CertificateFactory
instanceKlass sun/security/x509/AlgorithmId
instanceKlass sun/security/util/ByteArrayTagOrder
instanceKlass sun/security/util/ByteArrayLexOrder
instanceKlass sun/security/util/DerValue
instanceKlass sun/security/util/ObjectIdentifier
instanceKlass sun/security/pkcs/ContentInfo
instanceKlass sun/security/util/DerEncoder
instanceKlass sun/security/util/DerInputStream
instanceKlass sun/security/pkcs/PKCS7
instanceKlass java/util/Collections$EmptyIterator
instanceKlass java/util/LinkedHashMap$LinkedHashIterator
instanceKlass sun/security/util/SecurityProviderConstants
instanceKlass java/security/Provider$UString
instanceKlass java/security/Provider$Service
instanceKlass sun/security/provider/NativePRNG$NonBlocking
instanceKlass sun/security/provider/NativePRNG$Blocking
instanceKlass sun/security/provider/NativePRNG
instanceKlass sun/security/provider/SunEntries$1
instanceKlass sun/security/provider/SunEntries
instanceKlass sun/security/util/SecurityConstants
instanceKlass java/security/Security$1
instanceKlass jdk/internal/access/JavaSecurityPropertiesAccess
instanceKlass java/util/concurrent/ConcurrentHashMap$MapEntry
instanceKlass java/io/FileInputStream$1
instanceKlass java/util/Properties$LineReader
instanceKlass  @bci java/security/Security <clinit> ()V 9 <appendix> argL0 ; # java/security/Security$$Lambda+0x80000000b
instanceKlass java/security/Security
instanceKlass sun/security/jca/ProviderList$2
instanceKlass jdk/internal/math/FloatingDecimal$ASCIIToBinaryBuffer
instanceKlass jdk/internal/math/FloatingDecimal$PreparedASCIIToBinaryBuffer
instanceKlass jdk/internal/math/FloatingDecimal$ASCIIToBinaryConverter
instanceKlass jdk/internal/math/FloatingDecimal$BinaryToASCIIBuffer
instanceKlass jdk/internal/math/FloatingDecimal$ExceptionalBinaryToASCIIBuffer
instanceKlass jdk/internal/math/FloatingDecimal$BinaryToASCIIConverter
instanceKlass jdk/internal/math/FloatingDecimal
instanceKlass javax/security/auth/login/Configuration$Parameters
instanceKlass java/security/Policy$Parameters
instanceKlass java/security/cert/CertStoreParameters
instanceKlass java/security/SecureRandomParameters
instanceKlass java/security/Provider$EngineDescription
instanceKlass java/security/Provider$ServiceKey
instanceKlass sun/security/jca/ProviderConfig
instanceKlass sun/security/jca/ProviderList
instanceKlass sun/security/jca/Providers
instanceKlass  @bci sun/security/util/ManifestDigester <init> ([B)V 350 <appendix> argL0 ; # sun/security/util/ManifestDigester$$Lambda+0x000001513404d438
instanceKlass sun/security/util/ManifestDigester$Section
instanceKlass sun/security/util/ManifestDigester$Entry
instanceKlass sun/security/util/ManifestDigester$Position
instanceKlass sun/security/util/ManifestDigester
instanceKlass sun/security/util/ManifestEntryVerifier
instanceKlass jdk/internal/misc/ThreadTracker
instanceKlass java/util/jar/JarFile$ThreadTrackHolder
instanceKlass java/util/jar/JarVerifier
instanceKlass sun/nio/cs/ArrayDecoder
instanceKlass java/nio/charset/CharsetDecoder
instanceKlass sun/launcher/LauncherHelper
instanceKlass lombok/patcher/scripts/ScriptBuilder$SetSymbolDuringMethodCallBuilder
instanceKlass lombok/patcher/scripts/ScriptBuilder$ReplaceMethodCallBuilder
instanceKlass lombok/eclipse/agent/EclipsePatcher$4
instanceKlass lombok/eclipse/agent/EclipsePatcher$3
instanceKlass lombok/patcher/scripts/ScriptBuilder$WrapMethodCallBuilder
instanceKlass lombok/patcher/ScriptManager$WitnessAction
instanceKlass lombok/patcher/scripts/ScriptBuilder$WrapReturnValueBuilder
instanceKlass lombok/patcher/ClassRootFinder
instanceKlass lombok/patcher/scripts/ScriptBuilder$AddFieldBuilder
instanceKlass java/util/Collections$1
instanceKlass lombok/patcher/PatchScript$MethodPatcherFactory
instanceKlass org/lombokweb/asm/ClassVisitor
instanceKlass lombok/patcher/Hook
instanceKlass  @bci java/util/regex/Pattern negate (Ljava/util/regex/Pattern$CharPredicate;)Ljava/util/regex/Pattern$CharPredicate; 1 <appendix> member <vmtarget> ; # java/util/regex/Pattern$$Lambda+0x800000031
instanceKlass java/util/regex/Pattern$BitClass
instanceKlass lombok/patcher/MethodTarget
instanceKlass lombok/patcher/scripts/ScriptBuilder$ExitEarlyBuilder
instanceKlass lombok/patcher/scripts/ScriptBuilder
instanceKlass lombok/eclipse/agent/EclipseLoaderPatcher
instanceKlass lombok/eclipse/agent/EclipsePatcher$2
instanceKlass lombok/eclipse/agent/EclipsePatcher$1
# instanceKlass java/lang/invoke/LambdaForm$MH+0x000001513400d800
# instanceKlass java/lang/invoke/LambdaForm$MH+0x000001513400d400
# instanceKlass java/lang/invoke/LambdaForm$MH+0x000001513400d000
# instanceKlass java/lang/invoke/LambdaForm$MH+0x000001513400cc00
# instanceKlass java/lang/invoke/LambdaForm$BMH+0x000001513400c800
instanceKlass  @cpi org/eclipse/jdt/internal/compiler/lookup/InferenceContext18 1674 form vmentry <vmtarget> ; # java/lang/invoke/LambdaForm$DMH+0x000001513400c400
# instanceKlass java/lang/invoke/LambdaForm$DMH+0x000001513400c000
instanceKlass java/lang/instrument/ClassDefinition
instanceKlass lombok/patcher/ScriptManager$OurClassFileTransformer
instanceKlass lombok/patcher/Filter$1
instanceKlass lombok/patcher/TransplantMapper$1
instanceKlass java/lang/instrument/ClassFileTransformer
instanceKlass lombok/patcher/ScriptManager
instanceKlass lombok/patcher/TransplantMapper
instanceKlass lombok/patcher/Filter
instanceKlass lombok/patcher/PatchScript
instanceKlass lombok/patcher/TargetMatcher
instanceKlass lombok/eclipse/agent/EclipsePatcher
instanceKlass lombok/core/AgentLauncher$AgentLaunchable
# instanceKlass java/lang/invoke/LambdaForm$MH+0x0000015134008c00
# instanceKlass java/lang/invoke/LambdaForm$MH+0x0000015134008800
# instanceKlass java/lang/invoke/LambdaForm$MH+0x0000015134008400
# instanceKlass java/lang/invoke/LambdaForm$MH+0x0000015134008000
# instanceKlass java/lang/invoke/LambdaForm$DMH+0x0000015134007c00
# instanceKlass java/lang/invoke/LambdaForm$DMH+0x0000015134007800
# instanceKlass java/lang/invoke/LambdaForm$DMH+0x0000015134007400
instanceKlass java/lang/ClassValue$Version
instanceKlass java/lang/ClassValue$Identity
instanceKlass java/lang/ClassValue
instanceKlass java/lang/invoke/MethodHandleImpl$ArrayAccessor
instanceKlass java/lang/invoke/MethodHandleImpl$LoopClauses
instanceKlass java/lang/invoke/MethodHandleImpl$CasesHolder
# instanceKlass java/lang/invoke/LambdaForm$MH+0x0000015134007000
instanceKlass  @cpi com/google/inject/spi/BindingSourceRestriction$PermitMapConstruction 96 form vmentry <vmtarget> ; # java/lang/invoke/LambdaForm$DMH+0x0000015134006c00
# instanceKlass java/lang/invoke/LambdaForm$MH+0x0000015134006800
# instanceKlass java/lang/invoke/LambdaForm$MH+0x0000015134006400
# instanceKlass java/lang/invoke/LambdaForm$MH+0x0000015134006000
# instanceKlass java/lang/invoke/LambdaForm$BMH+0x0000015134005c00
# instanceKlass java/lang/invoke/LambdaForm$DMH+0x0000015134005800
# instanceKlass java/lang/invoke/LambdaForm$MH+0x0000015134005400
# instanceKlass java/lang/invoke/LambdaForm$DMH+0x0000015134005000
instanceKlass java/lang/invoke/ClassSpecializer$Factory$1Var
instanceKlass java/lang/invoke/MethodHandles$1
# instanceKlass java/lang/invoke/LambdaForm$DMH+0x0000015134004c00
instanceKlass sun/invoke/util/ValueConversions$1
instanceKlass sun/invoke/util/ValueConversions$WrapperCache
# instanceKlass java/lang/invoke/LambdaForm$DMH+0x0000015134004800
instanceKlass jdk/internal/foreign/MemorySessionImpl
instanceKlass java/lang/foreign/MemorySegment$Scope
instanceKlass lombok/core/AgentLauncher$AgentInfo
instanceKlass lombok/core/AgentLauncher
instanceKlass java/util/IdentityHashMap$IdentityHashMapIterator
instanceKlass lombok/launch/ClassFileMetaData
instanceKlass sun/net/www/MessageHeader
instanceKlass sun/net/www/protocol/jar/JarFileFactory
instanceKlass sun/net/www/protocol/jar/URLJarFile$URLJarFileCloseController
instanceKlass java/net/URLConnection
instanceKlass java/util/zip/ZipFile$ZipEntryIterator
instanceKlass java/util/WeakHashMap$HashIterator
instanceKlass java/net/URLDecoder
instanceKlass java/util/regex/IntHashSet
instanceKlass java/util/regex/Matcher
instanceKlass java/util/regex/MatchResult
instanceKlass java/util/regex/Pattern$TreeInfo
instanceKlass  @bci java/util/regex/Pattern Single (I)Ljava/util/regex/Pattern$BmpCharPredicate; 1 <appendix> member <vmtarget> ; # java/util/regex/Pattern$$Lambda+0x800000029
instanceKlass java/util/regex/Pattern$BmpCharPredicate
instanceKlass java/util/regex/Pattern$CharPredicate
instanceKlass java/util/regex/Pattern$Node
instanceKlass java/util/regex/Pattern
instanceKlass jdk/internal/jimage/ImageLocation
instanceKlass jdk/internal/jimage/decompressor/Decompressor
instanceKlass jdk/internal/jimage/ImageStringsReader
instanceKlass jdk/internal/jimage/ImageStrings
instanceKlass jdk/internal/jimage/ImageHeader
instanceKlass jdk/internal/jimage/NativeImageBuffer$1
instanceKlass jdk/internal/jimage/NativeImageBuffer
instanceKlass jdk/internal/jimage/BasicImageReader$1
instanceKlass jdk/internal/jimage/BasicImageReader
instanceKlass jdk/internal/jimage/ImageReader
instanceKlass jdk/internal/jimage/ImageReaderFactory$1
instanceKlass java/net/URI$Parser
instanceKlass java/nio/file/FileSystems$DefaultFileSystemHolder$1
instanceKlass java/nio/file/FileSystems$DefaultFileSystemHolder
instanceKlass java/nio/file/FileSystems
instanceKlass java/nio/file/Paths
instanceKlass jdk/internal/jimage/ImageReaderFactory
instanceKlass jdk/internal/module/SystemModuleFinders$SystemImage
instanceKlass jdk/internal/module/SystemModuleFinders$SystemModuleReader
instanceKlass java/lang/module/ModuleReader
instanceKlass jdk/internal/loader/BuiltinClassLoader$5
instanceKlass jdk/internal/loader/BuiltinClassLoader$2
instanceKlass jdk/internal/module/Resources
instanceKlass java/util/Arrays$ArrayItr
instanceKlass lombok/launch/PackageShader
instanceKlass java/io/Reader
instanceKlass java/lang/Readable
instanceKlass lombok/launch/Main
instanceKlass  @bci jdk/internal/reflect/DirectMethodHandleAccessor invokeImpl (Ljava/lang/Object;[Ljava/lang/Object;Ljava/lang/Class;)Ljava/lang/Object; 136 <adapter> ; # java/lang/invoke/LambdaForm$MH+0x0000015134002c00
# instanceKlass java/lang/invoke/LambdaForm$MH+0x0000015134002800
# instanceKlass java/lang/invoke/LambdaForm$MH+0x0000015134002400
# instanceKlass java/lang/invoke/LambdaForm$MH+0x0000015134002000
instanceKlass  @bci org/eclipse/jdt/ls/core/internal/handlers/WorkspaceExecuteCommandHandler$DelegateCommandHandlerDescriptor <init> (Lorg/eclipse/core/runtime/IConfigurationElement;)V 81 <appendix> form vmentry <vmtarget> ; # java/lang/invoke/LambdaForm$MH+0x0000015134001c00
# instanceKlass java/lang/invoke/LambdaForm$MH+0x0000015134001800
instanceKlass sun/instrument/InstrumentationImpl$1
instanceKlass lombok/launch/Agent
instanceKlass java/security/SecureClassLoader$DebugHolder
instanceKlass java/security/Permission
instanceKlass java/security/Guard
instanceKlass java/security/PermissionCollection
instanceKlass java/security/SecureClassLoader$1
instanceKlass java/util/zip/Checksum$1
instanceKlass java/util/zip/CRC32
instanceKlass java/util/zip/Checksum
instanceKlass sun/nio/ByteBuffered
instanceKlass java/lang/Package$VersionInfo
instanceKlass java/lang/NamedPackage
instanceKlass java/util/jar/Attributes$Name
instanceKlass java/util/jar/Attributes
instanceKlass jdk/internal/loader/Resource
instanceKlass sun/security/action/GetIntegerAction
instanceKlass sun/security/util/Debug
instanceKlass sun/security/util/SignatureFileVerifier
instanceKlass java/util/zip/ZipFile$InflaterCleanupAction
instanceKlass java/util/zip/Inflater$InflaterZStreamRef
instanceKlass java/util/zip/Inflater
instanceKlass java/util/zip/ZipEntry
instanceKlass java/util/zip/ZipFile$2
instanceKlass java/nio/Bits$1
instanceKlass jdk/internal/misc/VM$BufferPool
instanceKlass java/nio/Bits
instanceKlass sun/nio/ch/DirectBuffer
instanceKlass jdk/internal/perf/PerfCounter$CoreCounters
instanceKlass jdk/internal/perf/Perf
instanceKlass jdk/internal/perf/Perf$GetPerfAction
instanceKlass jdk/internal/perf/PerfCounter
instanceKlass sun/util/locale/LocaleUtils
instanceKlass sun/util/locale/BaseLocale
instanceKlass java/util/Locale
instanceKlass java/nio/file/attribute/FileTime
instanceKlass java/lang/StringCoding
instanceKlass java/util/zip/ZipUtils
instanceKlass java/util/zip/ZipFile$Source$End
instanceKlass java/io/RandomAccessFile$2
instanceKlass jdk/internal/access/JavaIORandomAccessFileAccess
instanceKlass java/io/RandomAccessFile
instanceKlass java/io/DataInput
instanceKlass java/io/DataOutput
instanceKlass sun/nio/fs/WindowsNativeDispatcher$CompletionStatus
instanceKlass sun/nio/fs/WindowsNativeDispatcher$AclInformation
instanceKlass sun/nio/fs/WindowsNativeDispatcher$Account
instanceKlass sun/nio/fs/WindowsNativeDispatcher$DiskFreeSpace
instanceKlass sun/nio/fs/WindowsNativeDispatcher$VolumeInformation
instanceKlass sun/nio/fs/WindowsNativeDispatcher$FirstStream
instanceKlass sun/nio/fs/WindowsNativeDispatcher$FirstFile
instanceKlass java/util/Enumeration
instanceKlass java/util/concurrent/ConcurrentHashMap$Traverser
instanceKlass sun/nio/fs/WindowsNativeDispatcher
instanceKlass sun/nio/fs/NativeBuffer$Deallocator
instanceKlass sun/nio/fs/NativeBuffer
instanceKlass java/lang/ThreadLocal$ThreadLocalMap
instanceKlass java/lang/ThreadLocal
instanceKlass sun/nio/fs/NativeBuffers
instanceKlass sun/nio/fs/WindowsFileAttributes
instanceKlass java/nio/file/attribute/DosFileAttributes
instanceKlass sun/nio/fs/AbstractBasicFileAttributeView
instanceKlass sun/nio/fs/DynamicFileAttributeView
instanceKlass sun/nio/fs/WindowsFileAttributeViews
instanceKlass sun/nio/fs/Util
instanceKlass java/nio/file/attribute/BasicFileAttributeView
instanceKlass java/nio/file/attribute/FileAttributeView
instanceKlass java/nio/file/attribute/AttributeView
instanceKlass java/nio/file/Files
instanceKlass java/nio/file/CopyOption
instanceKlass java/nio/file/attribute/BasicFileAttributes
instanceKlass sun/nio/fs/WindowsPath
instanceKlass java/util/zip/ZipFile$Source$Key
instanceKlass sun/nio/fs/WindowsPathParser$Result
instanceKlass sun/nio/fs/WindowsPathParser
instanceKlass java/nio/file/FileSystem
instanceKlass java/nio/file/OpenOption
instanceKlass java/nio/file/spi/FileSystemProvider
instanceKlass sun/nio/fs/DefaultFileSystemProvider
instanceKlass java/util/zip/ZipFile$Source
instanceKlass java/util/zip/ZipCoder
instanceKlass java/util/zip/ZipFile$CleanableResource
instanceKlass java/lang/Runtime$Version
instanceKlass java/util/jar/JavaUtilJarAccessImpl
instanceKlass jdk/internal/access/JavaUtilJarAccess
instanceKlass jdk/internal/loader/FileURLMapper
instanceKlass jdk/internal/loader/URLClassPath$JarLoader$1
instanceKlass java/util/zip/ZipFile$1
instanceKlass jdk/internal/access/JavaUtilZipFileAccess
instanceKlass java/util/zip/ZipFile
instanceKlass java/util/zip/ZipConstants
instanceKlass jdk/internal/loader/URLClassPath$Loader
instanceKlass jdk/internal/loader/URLClassPath$3
instanceKlass java/security/PrivilegedExceptionAction
instanceKlass sun/net/util/URLUtil
instanceKlass sun/instrument/TransformerManager$TransformerInfo
instanceKlass sun/instrument/TransformerManager
instanceKlass jdk/internal/loader/NativeLibraries$3
instanceKlass jdk/internal/loader/NativeLibrary
instanceKlass java/util/ArrayDeque$DeqIterator
instanceKlass jdk/internal/loader/NativeLibraries$NativeLibraryContext$1
instanceKlass jdk/internal/loader/NativeLibraries$NativeLibraryContext
instanceKlass jdk/internal/loader/NativeLibraries$2
instanceKlass jdk/internal/loader/NativeLibraries$1
instanceKlass jdk/internal/loader/NativeLibraries$LibraryPaths
instanceKlass  @bci sun/instrument/InstrumentationImpl <clinit> ()V 16 <appendix> argL0 ; # sun/instrument/InstrumentationImpl$$Lambda+0x0000015134042df0
instanceKlass sun/instrument/InstrumentationImpl
instanceKlass java/lang/instrument/Instrumentation
instanceKlass java/lang/invoke/StringConcatFactory
instanceKlass jdk/internal/module/ModuleBootstrap$SafeModuleFinder
instanceKlass  @bci java/lang/WeakPairMap computeIfAbsent (Ljava/lang/Object;Ljava/lang/Object;Ljava/util/function/BiFunction;)Ljava/lang/Object; 18 <appendix> member <vmtarget> ; # java/lang/WeakPairMap$$Lambda+0x0000015134042678
instanceKlass  @bci java/lang/Module implAddExportsOrOpens (Ljava/lang/String;Ljava/lang/Module;ZZ)V 145 <appendix> argL0 ; # java/lang/Module$$Lambda+0x0000015134041d20
instanceKlass  @bci jdk/internal/module/ModuleBootstrap decode (Ljava/lang/String;Ljava/lang/String;Z)Ljava/util/Map; 193 <appendix> argL0 ; # jdk/internal/module/ModuleBootstrap$$Lambda+0x0000015134041ae0
instanceKlass java/lang/ModuleLayer$Controller
instanceKlass java/util/concurrent/CopyOnWriteArrayList
instanceKlass jdk/internal/module/ServicesCatalog$ServiceProvider
instanceKlass jdk/internal/loader/AbstractClassLoaderValue$Memoizer
instanceKlass jdk/internal/module/ModuleLoaderMap$Modules
instanceKlass jdk/internal/module/ModuleLoaderMap$Mapper
instanceKlass jdk/internal/module/ModuleLoaderMap
instanceKlass java/lang/module/ResolvedModule
instanceKlass java/util/Collections$UnmodifiableCollection$1
instanceKlass java/util/SequencedMap
instanceKlass java/util/SequencedSet
instanceKlass java/lang/ModuleLayer
instanceKlass java/util/ImmutableCollections$ListItr
instanceKlass java/util/ListIterator
instanceKlass java/lang/module/ModuleFinder$1
instanceKlass java/nio/file/Path
instanceKlass java/nio/file/Watchable
instanceKlass java/lang/module/Resolver
instanceKlass java/lang/module/Configuration
instanceKlass java/util/stream/ForEachOps$ForEachOp
instanceKlass java/util/stream/ForEachOps
instanceKlass  @bci jdk/internal/module/ModuleBootstrap boot2 ()Ljava/lang/ModuleLayer; 791 <appendix> member <vmtarget> ; # jdk/internal/module/ModuleBootstrap$$Lambda+0x00000151340410b0
instanceKlass  @cpi com/google/inject/internal/aop/ClassBuilding 362 form vmentry <vmtarget> ; # java/lang/invoke/LambdaForm$DMH+0x0000015134000c00
instanceKlass  @bci jdk/internal/module/ModuleBootstrap boot2 ()Ljava/lang/ModuleLayer; 779 <appendix> member <vmtarget> ; # jdk/internal/module/ModuleBootstrap$$Lambda+0x0000015134040e58
instanceKlass  @bci jdk/internal/module/ModuleBootstrap boot2 ()Ljava/lang/ModuleLayer; 767 <appendix> argL0 ; # jdk/internal/module/ModuleBootstrap$$Lambda+0x0000015134040c18
instanceKlass  @bci jdk/internal/module/ModuleBootstrap boot2 ()Ljava/lang/ModuleLayer; 757 <appendix> argL0 ; # jdk/internal/module/ModuleBootstrap$$Lambda+0x00000151340409d8
instanceKlass  @bci java/util/stream/FindOps$FindSink$OfRef <clinit> ()V 43 <appendix> argL0 ; # java/util/stream/FindOps$FindSink$OfRef$$Lambda+0x800000048
instanceKlass  @bci java/util/stream/FindOps$FindSink$OfRef <clinit> ()V 38 <appendix> argL0 ; # java/util/stream/FindOps$FindSink$OfRef$$Lambda+0x80000004a
instanceKlass  @bci java/util/stream/FindOps$FindSink$OfRef <clinit> ()V 16 <appendix> argL0 ; # java/util/stream/FindOps$FindSink$OfRef$$Lambda+0x800000049
instanceKlass  @bci java/util/stream/FindOps$FindSink$OfRef <clinit> ()V 11 <appendix> argL0 ; # java/util/stream/FindOps$FindSink$OfRef$$Lambda+0x80000004b
instanceKlass java/util/stream/FindOps$FindOp
instanceKlass java/util/stream/FindOps$FindSink
instanceKlass java/util/stream/FindOps
instanceKlass  @bci jdk/internal/module/DefaultRoots exportsAPI (Ljava/lang/module/ModuleDescriptor;)Z 9 <appendix> argL0 ; # jdk/internal/module/DefaultRoots$$Lambda+0x800000051
instanceKlass java/util/stream/Sink$ChainedReference
instanceKlass java/util/stream/ReduceOps$AccumulatingSink
instanceKlass java/util/stream/TerminalSink
instanceKlass java/util/stream/Sink
instanceKlass java/util/function/Consumer
instanceKlass java/util/stream/ReduceOps$Box
instanceKlass java/util/stream/ReduceOps$ReduceOp
instanceKlass java/util/stream/TerminalOp
instanceKlass java/util/stream/ReduceOps
instanceKlass  @bci java/util/stream/Collectors castingIdentity ()Ljava/util/function/Function; 0 <appendix> argL0 ; # java/util/stream/Collectors$$Lambda+0x800000042
instanceKlass  @bci java/util/stream/Collectors toSet ()Ljava/util/stream/Collector; 14 <appendix> argL0 ; # java/util/stream/Collectors$$Lambda+0x800000040
instanceKlass java/util/function/BinaryOperator
instanceKlass  @bci java/util/stream/Collectors toSet ()Ljava/util/stream/Collector; 9 <appendix> argL0 ; # java/util/stream/Collectors$$Lambda+0x800000039
instanceKlass java/util/function/BiConsumer
instanceKlass  @bci java/util/stream/Collectors toSet ()Ljava/util/stream/Collector; 4 <appendix> argL0 ; # java/util/stream/Collectors$$Lambda+0x800000045
instanceKlass java/util/stream/Collector
instanceKlass java/util/Collections$UnmodifiableCollection
instanceKlass java/util/stream/Collectors
instanceKlass  @bci jdk/internal/module/DefaultRoots compute (Ljava/lang/module/ModuleFinder;Ljava/lang/module/ModuleFinder;)Ljava/util/Set; 42 <appendix> argL0 ; # jdk/internal/module/DefaultRoots$$Lambda+0x80000004e
instanceKlass  @bci jdk/internal/module/DefaultRoots compute (Ljava/lang/module/ModuleFinder;Ljava/lang/module/ModuleFinder;)Ljava/util/Set; 32 <appendix> member <vmtarget> ; # jdk/internal/module/DefaultRoots$$Lambda+0x800000052
instanceKlass  @bci jdk/internal/module/DefaultRoots compute (Ljava/lang/module/ModuleFinder;Ljava/lang/module/ModuleFinder;)Ljava/util/Set; 21 <appendix> argL0 ; # jdk/internal/module/DefaultRoots$$Lambda+0x80000004f
instanceKlass java/util/concurrent/ForkJoinPool$ManagedBlocker
instanceKlass java/util/concurrent/locks/AbstractQueuedSynchronizer$Node
instanceKlass java/lang/ref/Cleaner$Cleanable
instanceKlass jdk/internal/ref/CleanerImpl
instanceKlass java/lang/ref/Cleaner$1
instanceKlass java/lang/ref/Cleaner
instanceKlass jdk/internal/ref/CleanerFactory$1
instanceKlass java/util/concurrent/ThreadFactory
instanceKlass jdk/internal/ref/CleanerFactory
instanceKlass  @bci org/eclipse/jdt/internal/compiler/ast/SwitchStatement$SwitchTranslator initializeLabels (Lorg/eclipse/jdt/internal/compiler/codegen/CodeStream;)V 27 <appendix> form vmentry <vmtarget> ; # java/lang/invoke/LambdaForm$MH+0x0000015134000800
instanceKlass  @bci jdk/internal/module/DefaultRoots compute (Ljava/lang/module/ModuleFinder;Ljava/lang/module/ModuleFinder;)Ljava/util/Set; 11 <appendix> argL0 ; # jdk/internal/module/DefaultRoots$$Lambda+0x800000050
instanceKlass java/lang/invoke/LambdaProxyClassArchive
instanceKlass java/lang/invoke/InfoFromMemberName
instanceKlass java/lang/invoke/MethodHandleInfo
instanceKlass jdk/internal/org/objectweb/asm/ConstantDynamic
instanceKlass jdk/internal/org/objectweb/asm/Handle
instanceKlass sun/security/action/GetBooleanAction
instanceKlass java/lang/invoke/AbstractValidatingLambdaMetafactory
instanceKlass java/lang/invoke/BootstrapMethodInvoker
instanceKlass java/util/function/Predicate
instanceKlass java/lang/WeakPairMap$Pair$Lookup
instanceKlass java/lang/WeakPairMap$Pair
instanceKlass java/lang/WeakPairMap
instanceKlass java/lang/Module$ReflectionData
instanceKlass java/lang/invoke/LambdaMetafactory
# instanceKlass java/lang/invoke/LambdaForm$MH+0x0000015134000400
instanceKlass java/lang/invoke/MethodHandles$Lookup$ClassDefiner
instanceKlass java/lang/invoke/MethodHandles$Lookup$ClassFile
instanceKlass jdk/internal/org/objectweb/asm/Handler
instanceKlass jdk/internal/org/objectweb/asm/Attribute
instanceKlass jdk/internal/org/objectweb/asm/FieldVisitor
instanceKlass java/util/ArrayList$Itr
instanceKlass sun/invoke/empty/Empty
instanceKlass sun/invoke/util/VerifyType
instanceKlass java/lang/invoke/InvokerBytecodeGenerator$ClassData
instanceKlass jdk/internal/org/objectweb/asm/AnnotationVisitor
instanceKlass jdk/internal/org/objectweb/asm/Frame
instanceKlass jdk/internal/org/objectweb/asm/Label
instanceKlass jdk/internal/org/objectweb/asm/Type
instanceKlass jdk/internal/org/objectweb/asm/MethodVisitor
instanceKlass sun/invoke/util/BytecodeDescriptor
instanceKlass jdk/internal/org/objectweb/asm/ByteVector
instanceKlass jdk/internal/org/objectweb/asm/Symbol
instanceKlass jdk/internal/org/objectweb/asm/SymbolTable
instanceKlass jdk/internal/org/objectweb/asm/ClassVisitor
instanceKlass java/lang/invoke/LambdaFormBuffer
instanceKlass java/lang/invoke/LambdaFormEditor$TransformKey
instanceKlass java/lang/invoke/LambdaFormEditor
instanceKlass java/lang/invoke/Invokers$Holder
instanceKlass java/lang/invoke/DelegatingMethodHandle$Holder
instanceKlass java/lang/invoke/DirectMethodHandle$2
instanceKlass java/lang/invoke/ClassSpecializer$Factory
instanceKlass java/lang/invoke/ClassSpecializer$SpeciesData
instanceKlass java/lang/invoke/ClassSpecializer$1
instanceKlass java/lang/invoke/ClassSpecializer
instanceKlass java/lang/invoke/InvokerBytecodeGenerator$1
instanceKlass java/lang/invoke/InvokerBytecodeGenerator
instanceKlass java/lang/invoke/LambdaForm$Holder
instanceKlass java/lang/invoke/LambdaForm$Name
instanceKlass java/lang/reflect/Array
instanceKlass java/lang/invoke/Invokers
instanceKlass sun/invoke/util/ValueConversions
instanceKlass java/lang/invoke/DirectMethodHandle$Holder
instanceKlass java/lang/Void
instanceKlass sun/invoke/util/Wrapper$Format
instanceKlass java/lang/invoke/MethodHandleImpl$1
instanceKlass jdk/internal/access/JavaLangInvokeAccess
instanceKlass java/lang/invoke/LambdaForm$NamedFunction
instanceKlass java/lang/invoke/MethodHandleImpl
instanceKlass jdk/internal/reflect/MethodHandleAccessorFactory$LazyStaticHolder
instanceKlass java/lang/invoke/MethodTypeForm
instanceKlass jdk/internal/util/StrongReferenceKey
instanceKlass jdk/internal/util/ReferenceKey
instanceKlass jdk/internal/util/ReferencedKeyMap
instanceKlass java/lang/invoke/MethodType$1
instanceKlass sun/reflect/annotation/AnnotationParser
instanceKlass java/lang/Class$3
instanceKlass java/lang/PublicMethods$Key
instanceKlass java/lang/PublicMethods$MethodList
instanceKlass java/util/EnumMap$1
instanceKlass java/util/stream/StreamOpFlag$MaskBuilder
instanceKlass java/util/stream/Stream
instanceKlass java/util/stream/BaseStream
instanceKlass java/util/stream/PipelineHelper
instanceKlass java/util/stream/StreamSupport
instanceKlass java/util/Spliterators$IteratorSpliterator
instanceKlass java/util/Spliterator$OfDouble
instanceKlass java/util/Spliterator$OfLong
instanceKlass java/util/Spliterator$OfInt
instanceKlass java/util/Spliterator$OfPrimitive
instanceKlass java/util/Spliterator
instanceKlass java/util/Spliterators$EmptySpliterator
instanceKlass java/util/Spliterators
instanceKlass jdk/internal/module/DefaultRoots
instanceKlass jdk/internal/loader/BuiltinClassLoader$LoadedModule
instanceKlass jdk/internal/loader/AbstractClassLoaderValue
instanceKlass jdk/internal/module/ServicesCatalog
instanceKlass java/util/Deque
instanceKlass java/util/Queue
instanceKlass sun/net/util/IPAddressUtil$MASKS
instanceKlass sun/net/util/IPAddressUtil
instanceKlass java/net/URLStreamHandler
instanceKlass sun/net/www/ParseUtil
instanceKlass java/net/URL$3
instanceKlass jdk/internal/access/JavaNetURLAccess
instanceKlass java/net/URL$DefaultFactory
instanceKlass java/net/URLStreamHandlerFactory
instanceKlass jdk/internal/loader/URLClassPath
instanceKlass java/security/Principal
instanceKlass java/security/ProtectionDomain$Key
instanceKlass java/security/ProtectionDomain$JavaSecurityAccessImpl
instanceKlass jdk/internal/access/JavaSecurityAccess
instanceKlass java/lang/ClassLoader$ParallelLoaders
instanceKlass java/security/cert/Certificate
instanceKlass jdk/internal/loader/ArchivedClassLoaders
instanceKlass java/util/concurrent/ConcurrentHashMap$CollectionView
instanceKlass jdk/internal/loader/ClassLoaderHelper
instanceKlass jdk/internal/loader/NativeLibraries
instanceKlass java/lang/Module$EnableNativeAccess
instanceKlass jdk/internal/loader/BootLoader
instanceKlass java/util/Optional
instanceKlass jdk/internal/module/SystemModuleFinders$SystemModuleFinder
instanceKlass java/lang/module/ModuleFinder
instanceKlass jdk/internal/module/SystemModuleFinders$3
instanceKlass jdk/internal/module/ModuleHashes$HashSupplier
instanceKlass jdk/internal/module/SystemModuleFinders$2
instanceKlass java/util/function/Supplier
instanceKlass java/lang/module/ModuleReference
instanceKlass jdk/internal/module/ModuleResolution
instanceKlass java/util/Collections$UnmodifiableMap
instanceKlass jdk/internal/module/ModuleHashes$Builder
instanceKlass jdk/internal/module/ModuleHashes
instanceKlass jdk/internal/module/ModuleTarget
instanceKlass java/util/ImmutableCollections$Set12$1
instanceKlass java/lang/reflect/AccessFlag$18
instanceKlass java/lang/reflect/AccessFlag$17
instanceKlass java/lang/reflect/AccessFlag$16
instanceKlass java/lang/reflect/AccessFlag$15
instanceKlass java/lang/reflect/AccessFlag$14
instanceKlass java/lang/reflect/AccessFlag$13
instanceKlass java/lang/reflect/AccessFlag$12
instanceKlass java/lang/reflect/AccessFlag$11
instanceKlass java/lang/reflect/AccessFlag$10
instanceKlass java/lang/reflect/AccessFlag$9
instanceKlass java/lang/reflect/AccessFlag$8
instanceKlass java/lang/reflect/AccessFlag$7
instanceKlass java/lang/reflect/AccessFlag$6
instanceKlass java/lang/reflect/AccessFlag$5
instanceKlass java/lang/reflect/AccessFlag$4
instanceKlass java/lang/reflect/AccessFlag$3
instanceKlass java/lang/reflect/AccessFlag$2
instanceKlass java/lang/reflect/AccessFlag$1
instanceKlass java/lang/module/ModuleDescriptor$Version
instanceKlass java/lang/module/ModuleDescriptor$Provides
instanceKlass java/lang/module/ModuleDescriptor$Opens
instanceKlass java/util/ImmutableCollections$SetN$SetNIterator
instanceKlass java/lang/module/ModuleDescriptor$Exports
instanceKlass java/lang/module/ModuleDescriptor$Requires
instanceKlass jdk/internal/module/Builder
instanceKlass jdk/internal/module/SystemModules$all
instanceKlass jdk/internal/module/SystemModules
instanceKlass jdk/internal/module/SystemModulesMap
instanceKlass java/net/URI$1
instanceKlass jdk/internal/access/JavaNetUriAccess
instanceKlass java/net/URI
instanceKlass jdk/internal/module/SystemModuleFinders
instanceKlass jdk/internal/module/ArchivedModuleGraph
instanceKlass jdk/internal/module/ArchivedBootLayer
instanceKlass jdk/internal/module/ModuleBootstrap$Counters
instanceKlass jdk/internal/module/ModulePatcher
instanceKlass java/io/FileSystem
instanceKlass java/io/DefaultFileSystem
instanceKlass java/io/File
instanceKlass java/lang/module/ModuleDescriptor$1
instanceKlass jdk/internal/access/JavaLangModuleAccess
instanceKlass sun/invoke/util/VerifyAccess
instanceKlass java/util/KeyValueHolder
instanceKlass java/util/ImmutableCollections$MapN$MapNIterator
instanceKlass java/lang/StrictMath
instanceKlass java/lang/invoke/MethodHandles$Lookup
instanceKlass java/lang/invoke/MemberName$Factory
instanceKlass java/lang/invoke/MethodHandles
instanceKlass java/lang/module/ModuleDescriptor
instanceKlass jdk/internal/module/ModuleBootstrap
instanceKlass java/lang/Character$CharacterCache
instanceKlass java/util/HexFormat
instanceKlass jdk/internal/util/ClassFileDumper
instanceKlass sun/security/action/GetPropertyAction
instanceKlass java/lang/invoke/MethodHandleStatics
instanceKlass jdk/internal/misc/Blocker
instanceKlass java/util/concurrent/locks/AbstractQueuedSynchronizer$ConditionObject
instanceKlass java/util/concurrent/locks/Condition
instanceKlass java/util/Collections
instanceKlass java/lang/Thread$ThreadIdentifiers
instanceKlass sun/io/Win32ErrorMode
instanceKlass jdk/internal/misc/OSEnvironment
instanceKlass java/lang/Integer$IntegerCache
instanceKlass jdk/internal/misc/Signal$NativeHandler
instanceKlass java/util/Hashtable$Entry
instanceKlass jdk/internal/misc/Signal
instanceKlass java/lang/Terminator$1
instanceKlass jdk/internal/misc/Signal$Handler
instanceKlass java/lang/Terminator
instanceKlass java/nio/ByteOrder
instanceKlass java/nio/Buffer$2
instanceKlass jdk/internal/access/JavaNioAccess
instanceKlass java/nio/Buffer$1
instanceKlass jdk/internal/misc/ScopedMemoryAccess
instanceKlass java/nio/charset/CodingErrorAction
instanceKlass sun/nio/cs/SingleByte
instanceKlass java/lang/StringUTF16
instanceKlass sun/nio/cs/MS1252$Holder
instanceKlass sun/nio/cs/ArrayEncoder
instanceKlass java/nio/charset/CharsetEncoder
instanceKlass java/io/Writer
instanceKlass java/io/PrintStream$1
instanceKlass jdk/internal/access/JavaIOPrintStreamAccess
instanceKlass jdk/internal/misc/InternalLock
instanceKlass java/io/OutputStream
instanceKlass java/io/Flushable
instanceKlass java/io/FileDescriptor$1
instanceKlass jdk/internal/access/JavaIOFileDescriptorAccess
instanceKlass java/io/FileDescriptor
instanceKlass jdk/internal/util/StaticProperty
instanceKlass jdk/internal/reflect/MethodHandleAccessorFactory
instanceKlass java/lang/reflect/Modifier
instanceKlass java/lang/Class$1
instanceKlass java/lang/Class$Atomic
instanceKlass java/lang/Class$ReflectionData
instanceKlass java/nio/charset/StandardCharsets
instanceKlass sun/nio/cs/HistoricallyNamedCharset
instanceKlass java/nio/charset/spi/CharsetProvider
instanceKlass java/nio/charset/Charset
instanceKlass java/util/HashMap$HashIterator
instanceKlass java/util/concurrent/locks/LockSupport
instanceKlass java/util/concurrent/ConcurrentHashMap$Node
instanceKlass java/util/concurrent/ConcurrentHashMap$CounterCell
instanceKlass java/util/concurrent/locks/ReentrantLock
instanceKlass java/util/concurrent/locks/Lock
instanceKlass java/lang/CharacterData
instanceKlass java/util/Arrays
instanceKlass jdk/internal/util/Preconditions$3
instanceKlass jdk/internal/util/Preconditions$2
instanceKlass jdk/internal/util/Preconditions$4
instanceKlass java/util/function/BiFunction
instanceKlass jdk/internal/util/Preconditions$1
instanceKlass java/util/function/Function
instanceKlass jdk/internal/util/Preconditions
instanceKlass java/lang/Runtime
instanceKlass java/lang/VersionProps
instanceKlass java/lang/StringConcatHelper
instanceKlass java/util/HashMap$Node
instanceKlass java/util/Map$Entry
instanceKlass jdk/internal/util/ArraysSupport
instanceKlass jdk/internal/util/SystemProps$Raw
instanceKlass jdk/internal/util/SystemProps
instanceKlass java/lang/System$2
instanceKlass jdk/internal/access/JavaLangAccess
instanceKlass java/lang/ref/NativeReferenceQueue$Lock
instanceKlass java/lang/ref/ReferenceQueue
instanceKlass java/lang/ref/Reference$1
instanceKlass jdk/internal/access/JavaLangRefAccess
instanceKlass jdk/internal/reflect/ReflectionFactory
instanceKlass java/lang/Math
instanceKlass java/lang/StringLatin1
instanceKlass jdk/internal/reflect/Reflection
instanceKlass jdk/internal/reflect/ReflectionFactory$GetReflectionFactoryAction
instanceKlass java/security/PrivilegedAction
instanceKlass jdk/internal/access/SharedSecrets
instanceKlass java/lang/reflect/ReflectAccess
instanceKlass jdk/internal/access/JavaLangReflectAccess
instanceKlass java/util/ImmutableCollections
instanceKlass java/util/Objects
instanceKlass java/util/Set
instanceKlass jdk/internal/misc/CDS
instanceKlass java/lang/Module$ArchivedData
instanceKlass jdk/internal/misc/VM
instanceKlass java/lang/String$CaseInsensitiveComparator
instanceKlass java/util/Comparator
instanceKlass java/io/ObjectStreamField
instanceKlass jdk/internal/vm/FillerObject
instanceKlass jdk/internal/vm/vector/VectorSupport$VectorPayload
instanceKlass jdk/internal/vm/vector/VectorSupport
instanceKlass java/lang/reflect/RecordComponent
instanceKlass java/util/Iterator
instanceKlass java/lang/Number
instanceKlass java/lang/Character
instanceKlass java/lang/Boolean
instanceKlass java/util/concurrent/locks/AbstractOwnableSynchronizer
instanceKlass java/lang/LiveStackFrame
instanceKlass java/lang/StackFrameInfo
instanceKlass java/lang/StackWalker$StackFrame
instanceKlass java/lang/StackStreamFactory$AbstractStackWalker
instanceKlass java/lang/StackWalker
instanceKlass java/nio/Buffer
instanceKlass java/lang/StackTraceElement
instanceKlass java/util/RandomAccess
instanceKlass java/util/List
instanceKlass java/util/SequencedCollection
instanceKlass java/util/AbstractCollection
instanceKlass java/util/Collection
instanceKlass java/lang/Iterable
instanceKlass java/util/concurrent/ConcurrentMap
instanceKlass java/util/AbstractMap
instanceKlass java/security/CodeSource
instanceKlass jdk/internal/loader/ClassLoaders
instanceKlass java/util/jar/Manifest
instanceKlass java/lang/Enum
instanceKlass java/net/URL
instanceKlass java/io/InputStream
instanceKlass java/io/Closeable
instanceKlass java/lang/AutoCloseable
instanceKlass jdk/internal/module/Modules
instanceKlass jdk/internal/misc/Unsafe
instanceKlass jdk/internal/misc/UnsafeConstants
instanceKlass java/lang/AbstractStringBuilder
instanceKlass java/lang/Appendable
instanceKlass java/lang/AssertionStatusDirectives
instanceKlass java/lang/invoke/MethodHandleNatives$CallSiteContext
instanceKlass jdk/internal/foreign/abi/ABIDescriptor
instanceKlass jdk/internal/foreign/abi/NativeEntryPoint
instanceKlass java/lang/invoke/CallSite
instanceKlass java/lang/invoke/MethodType
instanceKlass java/lang/invoke/TypeDescriptor$OfMethod
instanceKlass java/lang/invoke/LambdaForm
instanceKlass java/lang/invoke/MethodHandleNatives
instanceKlass java/lang/invoke/ResolvedMethodName
instanceKlass java/lang/invoke/MemberName
instanceKlass java/lang/invoke/VarHandle
instanceKlass java/lang/invoke/MethodHandle
instanceKlass jdk/internal/reflect/CallerSensitive
instanceKlass java/lang/annotation/Annotation
instanceKlass jdk/internal/reflect/FieldAccessor
instanceKlass jdk/internal/reflect/ConstantPool
instanceKlass jdk/internal/reflect/ConstructorAccessor
instanceKlass jdk/internal/reflect/MethodAccessor
instanceKlass jdk/internal/reflect/MagicAccessorImpl
instanceKlass jdk/internal/vm/StackChunk
instanceKlass jdk/internal/vm/Continuation
instanceKlass jdk/internal/vm/ContinuationScope
instanceKlass java/lang/reflect/Parameter
instanceKlass java/lang/reflect/Member
instanceKlass java/lang/reflect/AccessibleObject
instanceKlass java/lang/Module
instanceKlass java/util/Map
instanceKlass java/util/Dictionary
instanceKlass java/lang/ThreadGroup
instanceKlass java/lang/Thread$UncaughtExceptionHandler
instanceKlass java/lang/Thread$Constants
instanceKlass java/lang/Thread$FieldHolder
instanceKlass java/lang/Thread
instanceKlass java/lang/Runnable
instanceKlass java/lang/ref/Reference
instanceKlass java/lang/Record
instanceKlass java/security/AccessController
instanceKlass java/security/AccessControlContext
instanceKlass java/security/ProtectionDomain
instanceKlass java/lang/SecurityManager
instanceKlass java/lang/Throwable
instanceKlass java/lang/System
instanceKlass java/lang/ClassLoader
instanceKlass java/lang/Cloneable
instanceKlass java/lang/Class
instanceKlass java/lang/invoke/TypeDescriptor$OfField
instanceKlass java/lang/invoke/TypeDescriptor
instanceKlass java/lang/reflect/Type
instanceKlass java/lang/reflect/GenericDeclaration
instanceKlass java/lang/reflect/AnnotatedElement
instanceKlass java/lang/String
instanceKlass java/lang/constant/ConstantDesc
instanceKlass java/lang/constant/Constable
instanceKlass java/lang/CharSequence
instanceKlass java/lang/Comparable
instanceKlass java/io/Serializable
ciInstanceKlass java/lang/Object 1 1 124 7 1 10 12 1 1 10 7 12 1 1 1 10 7 12 1 1 1 10 12 1 1 8 1 10 12 1 1 10 7 12 1 1 1 10 12 1 10 12 1 1 10 7 12 1 1 1 10 12 1 10 12 1 7 1 10 7 12 1 1 1 10 12 1 1 10 12 1 100 1 8 1 10 12 1 3 8 1 7 1 5 0 1 1 1 1 1 1 1 1 1 1 1 1 1 1 1 1 7 1 1 1 1 1 1 1 1 1 1 7 1 1 1 1 1 1 1 1 1 1 3 1 1
ciInstanceKlass java/io/Serializable 1 0 7 100 1 100 1 1 1
ciInstanceKlass java/lang/System 1 1 834 10 7 12 1 1 1 9 7 12 1 1 1 10 12 1 10 12 1 1 10 12 1 1 10 12 1 9 12 1 1 10 7 12 1 1 1 11 100 12 1 1 1 10 100 12 1 1 1 10 12 1 1 10 12 1 1 100 1 8 1 10 12 1 10 7 12 1 1 1 10 7 12 1 1 1 18 12 1 1 10 7 12 1 1 1 7 1 10 12 1 1 10 7 12 1 1 1 10 12 1 10 7 12 1 1 1 9 100 12 1 1 1 10 7 12 1 1 1 11 7 12 1 1 1 10 12 1 1 10 7 12 1 1 1 7 1 10 10 12 1 1 8 1 10 12 1 8 1 10 12 1 9 12 1 1 8 1 10 7 12 1 1 1 10 12 1 1 100 1 8 1 10 9 12 1 1 8 1 10 12 1 1 10 100 12 1 1 1 8 1 10 12 1 7 1 10 12 1 8 1 10 12 1 10 12 1 1 100 1 10 12 10 12 1 9 12 1 1 9 12 1 1 10 7 12 1 1 1 10 7 12 1 1 1 10 12 1 1 10 12 1 10 12 1 10 7 12 1 1 1 10 12 1 100 1 100 1 8 1 10 12 1 10 12 1 1 7 1 10 12 1 100 1 8 1 10 10 12 1 100 1 8 1 10 8 1 10 7 12 1 1 8 1 10 12 100 1 8 1 10 10 12 1 1 10 7 12 1 1 1 100 1 18 12 1 100 1 9 100 12 1 1 1 10 12 1 100 1 10 12 1 1 10 12 1 1 10 7 12 1 1 1 10 12 1 1 10 12 1 10 12 1 10 12 1 1 10 12 1 7 1 10 12 1 9 7 12 1 1 1 10 7 12 1 1 1 10 12 1 10 12 1 10 7 12 1 1 1 7 1 8 1 10 9 12 1 9 12 1 10 12 1 10 7 12 1 1 10 12 1 10 12 1 1 8 1 10 12 1 1 8 1 11 12 1 10 12 11 12 1 1 11 7 12 1 1 1 11 7 12 1 1 11 12 1 1 7 1 11 12 1 10 12 1 8 1 10 12 1 1 8 1 8 1 8 1 8 1 11 12 1 10 12 1 10 12 1 10 12 1 8 1 10 12 1 1 8 1 9 12 1 8 1 10 7 12 1 1 8 1 7 1 9 7 12 1 1 1 10 12 1 7 1 9 12 10 9 12 7 1 10 12 9 12 1 1 8 1 10 12 1 1 8 1 10 7 12 1 1 10 12 1 10 12 1 1 11 7 12 1 1 10 12 10 7 12 1 1 1 9 12 1 1 7 1 8 1 10 12 1 1 10 7 12 1 1 1 7 1 10 12 1 1 10 12 1 8 1 8 1 10 8 1 8 1 8 1 8 1 10 10 7 12 1 1 10 12 1 10 12 1 1 10 12 1 1 10 12 1 10 100 12 1 1 1 10 7 1 8 1 10 10 10 12 1 1 10 12 1 1 8 1 10 12 1 8 1 8 1 10 12 1 10 7 12 1 1 1 10 12 1 1 7 1 10 10 12 1 10 12 1 9 12 1 1 3 1 3 1 1 1 1 1 1 1 1 1 1 1 1 100 1 1 100 1 1 1 1 1 1 1 1 1 1 1 100 1 7 1 1 1 1 1 1 1 1 1 1 1 1 1 1 1 1 1 1 1 1 1 1 1 1 1 1 1 1 1 1 1 1 1 1 1 1 1 1 1 1 1 1 1 1 1 1 1 1 1 1 1 1 1 1 1 1 1 1 100 1 1 1 1 1 1 1 1 1 1 1 1 1 1 1 1 1 1 1 1 1 1 1 1 1 1 1 1 1 1 1 1 1 100 1 1 16 15 10 12 1 1 16 15 10 12 16 1 15 10 100 12 1 1 1 1 1 1 1 1 1 100 1 100 1 1
staticfield java/lang/System in Ljava/io/InputStream; java/io/ByteArrayInputStream
staticfield java/lang/System out Ljava/io/PrintStream; java/io/PrintStream
staticfield java/lang/System err Ljava/io/PrintStream; java/io/PrintStream
instanceKlass com/sun/jna/Native$6
instanceKlass org/eclipse/osgi/internal/permadmin/EquinoxSecurityManager
instanceKlass org/eclipse/osgi/internal/loader/BundleLoader$ClassContext
instanceKlass org/eclipse/osgi/internal/framework/ContextFinder$Finder
ciInstanceKlass java/lang/SecurityManager 1 1 576 10 7 12 1 1 1 9 7 12 1 1 1 10 7 12 1 1 1 100 1 8 1 10 12 1 10 12 1 1 10 7 12 1 1 1 10 7 1 10 100 1 10 9 100 12 1 1 1 10 7 12 1 1 1 10 12 1 1 10 7 12 1 1 100 1 8 1 10 9 12 1 1 9 12 1 8 1 9 12 1 7 1 10 8 1 10 12 1 1 10 12 1 10 12 1 1 100 1 10 10 12 1 1 100 1 8 1 10 12 1 8 1 8 1 8 1 8 1 8 1 8 1 10 12 1 8 1 8 1 8 1 8 1 8 1 10 7 12 1 1 1 10 12 1 1 8 1 100 1 8 1 10 8 1 8 1 8 1 8 1 8 1 10 100 12 1 1 8 1 100 1 8 1 8 1 10 8 1 10 12 1 100 1 8 1 10 10 12 1 1 10 12 1 10 12 1 10 12 1 10 7 12 1 1 1 10 12 1 10 7 12 1 1 11 7 12 1 1 1 18 12 1 1 11 7 12 1 1 1 18 12 1 1 11 12 1 1 18 18 11 12 1 18 12 1 11 12 1 1 9 12 1 1 9 12 1 9 12 1 9 12 1 7 1 10 7 12 1 1 10 12 1 10 12 1 18 12 1 18 10 7 12 1 1 1 18 12 1 10 12 1 18 18 8 1 10 12 1 9 12 1 1 11 7 12 1 1 1 8 1 100 1 10 12 1 10 12 1 1 10 12 1 1 9 12 1 1 10 12 1 10 12 1 1 8 1 100 1 10 9 12 1 8 1 10 12 1 8 1 100 1 10 10 7 12 1 1 10 7 1 9 7 12 1 1 1 11 12 1 1 10 12 1 11 12 1 10 12 1 7 1 10 10 12 1 1 10 12 1 1 1 1 1 1 1 1 1 1 1 7 1 1 1 1 1 1 1 1 1 1 1 1 1 1 1 1 1 1 1 1 1 1 1 1 1 1 1 1 1 1 1 1 1 1 1 1 1 1 1 1 1 1 1 1 1 1 1 1 1 1 1 1 1 1 1 1 3 1 1 1 1 1 1 1 1 1 1 100 1 1 1 1 1 1 1 1 1 1 1 1 1 1 1 1 1 1 1 1 1 1 1 1 1 1 1 1 1 1 1 1 1 1 1 1 1 1 16 15 10 7 12 1 1 1 16 1 16 15 10 12 16 1 15 10 12 16 15 11 7 1 16 1 16 1 15 10 12 16 15 10 12 16 15 10 12 1 16 1 15 11 12 1 15 10 12 16 15 10 16 1 15 10 7 12 1 1 1 1 1 1 100 1 100 1 1
staticfield java/lang/SecurityManager packageAccessLock Ljava/lang/Object; java/lang/Object
staticfield java/lang/SecurityManager packageDefinitionLock Ljava/lang/Object; java/lang/Object
staticfield java/lang/SecurityManager nonExportedPkgs Ljava/util/Map; java/util/concurrent/ConcurrentHashMap
ciInstanceKlass java/security/AccessController 1 1 295 10 7 12 1 1 1 10 7 12 1 1 1 10 7 12 1 1 1 10 12 1 1 10 12 1 1 10 7 12 1 1 1 10 12 1 1 10 12 1 10 12 1 1 10 12 1 100 1 8 1 10 12 1 10 12 1 10 12 1 1 10 12 1 7 1 7 1 10 12 1 1 10 12 1 10 12 1 10 12 1 1 10 7 12 1 1 1 10 12 1 1 9 100 12 1 1 1 10 7 12 1 1 1 10 12 1 10 12 1 9 100 12 1 1 1 10 12 1 10 12 1 1 9 12 1 1 10 100 1 10 11 7 12 1 1 1 10 7 12 1 1 11 7 1 100 1 10 12 1 10 12 1 10 12 1 8 1 10 12 1 1 8 1 10 100 12 1 1 1 8 1 7 1 10 10 12 1 1 10 12 1 10 7 12 1 1 1 10 12 1 8 1 10 7 12 1 1 8 1 8 1 10 12 1 8 1 10 12 1 10 12 1 1 10 12 1 1 1 1 1 1 1 1 1 1 1 1 1 1 1 1 1 1 1 1 1 1 1 1 1 1 1 1 100 1 1 1 1 1 1 1 1 1 1 1 1 1 1 1 1 1 1 1 1 1 1 1 1 1 1 1 1 1 1 1 1 1 1 100 1 100 1 1 1 1 1 1 1 1 1 3 1 1 1
staticfield java/security/AccessController $assertionsDisabled Z 1
instanceKlass org/eclipse/osgi/internal/loader/ModuleClassLoader$GenerationProtectionDomain
ciInstanceKlass java/security/ProtectionDomain 1 1 348 10 7 12 1 1 1 9 7 12 1 1 1 7 1 10 9 12 1 1 9 12 1 1 9 12 1 1 10 7 12 1 1 7 1 9 12 1 9 12 1 1 7 1 9 12 1 1 9 12 1 10 100 12 1 1 10 100 12 1 1 1 10 12 1 1 10 12 1 9 12 1 9 100 12 1 1 10 12 1 1 10 100 1 10 12 1 1 8 1 7 1 8 1 10 12 1 10 11 10 7 12 1 1 1 10 12 1 1 8 1 11 8 1 10 12 1 8 1 8 1 10 12 1 1 10 12 1 10 12 1 1 10 12 1 8 1 10 12 1 8 1 8 1 10 7 12 1 1 1 9 100 12 1 1 1 10 12 1 1 9 100 12 1 1 1 10 7 12 1 1 1 100 1 18 12 1 1 10 7 12 1 1 1 10 7 1 10 12 1 10 12 1 1 11 100 12 1 1 11 12 1 100 1 11 7 12 1 1 1 10 12 1 10 11 12 1 1 11 12 1 1 10 12 1 10 7 12 1 1 10 100 12 1 1 11 12 1 10 12 10 12 1 8 1 8 1 10 7 12 1 1 1 7 1 10 10 7 12 1 1 1 1 1 1 1 1 1 1 7 1 1 7 1 1 1 1 1 1 1 1 1 1 1 1 1 1 1 1 1 1 1 1 1 1 1 1 1 1 1 1 1 1 1 1 1 1 1 1 1 1 1 1 1 1 1 1 7 1 1 1 1 1 1 100 1 1 16 15 10 12 16 15 10 100 12 1 1 1 1 1 1 1 100 1 100 1 1
staticfield java/security/ProtectionDomain filePermCompatInPD Z 0
ciInstanceKlass java/security/CodeSource 1 1 398 10 7 12 1 1 1 9 7 12 1 1 1 9 12 1 1 9 12 1 1 9 12 1 1 10 7 12 1 1 1 9 12 1 1 10 7 12 1 1 10 7 10 7 12 1 1 1 10 100 12 1 1 1 10 12 1 1 7 1 10 10 7 12 1 1 1 10 7 12 1 1 1 10 12 1 1 7 1 10 12 1 1 10 12 1 1 10 12 1 1 10 12 1 10 10 10 12 1 1 10 7 12 1 1 1 10 12 1 10 12 1 10 12 1 8 1 10 12 1 10 12 1 10 12 1 1 10 12 1 8 1 10 12 1 1 10 7 1 10 10 12 1 1 8 1 10 12 1 10 12 1 10 12 1 8 1 8 1 9 12 1 1 100 1 8 1 10 12 1 10 12 1 1 8 1 10 12 1 8 1 8 1 8 1 10 100 12 1 1 10 12 1 1 10 12 1 10 12 1 1 10 12 1 1 10 12 1 1 100 1 100 1 10 12 1 10 12 10 12 1 1 10 100 12 1 1 10 12 1 7 1 10 12 10 100 12 1 1 1 10 8 1 10 12 1 10 12 1 10 12 1 1 100 1 10 12 1 1 100 1 7 1 8 1 8 1 10 10 12 1 1 10 100 12 1 1 1 7 1 10 12 10 12 1 1 11 7 12 1 1 10 10 12 1 11 10 12 1 8 1 100 1 10 12 1 10 12 1 1 10 12 1 11 12 1 1 7 1 1 1 1 5 0 1 1 1 1 1 1 1 1 1 1 1 1 1 1 1 1 1 1 1 1 1 1 1 1 1 1 1 1 1 1 1 1 1 1 1 1 1 1 1 1 1 1 1 1 1 1 1 1 1 1 1 1 1 1 1 1 1 1 1 1 1 1 1 1 1 1 100 1 1 1 1 1 1 1
ciInstanceKlass java/lang/Boolean 1 1 152 10 7 12 1 1 1 9 7 12 1 1 1 10 12 1 1 10 12 1 8 1 10 7 12 1 1 9 12 1 1 9 12 1 10 12 1 1 10 12 1 1 10 12 1 1 10 7 12 1 1 1 100 1 100 1 10 12 1 1 9 100 12 1 1 9 12 10 100 12 1 1 1 10 12 1 1 8 1 10 7 12 1 1 1 9 12 1 1 7 1 7 1 7 1 1 1 1 1 1 5 0 1 1 1 1 1 1 1 1 1 1 3 1 1 1 1 1 1 1 1 1 1 1 1 1 1 1 1 1 1 7 1 1 1 1 1 1 1 1 1 1 100 1 1 1 1 1 1 1 1 1
staticfield java/lang/Boolean TRUE Ljava/lang/Boolean; java/lang/Boolean
staticfield java/lang/Boolean FALSE Ljava/lang/Boolean; java/lang/Boolean
staticfield java/lang/Boolean TYPE Ljava/lang/Class; java/lang/Class
ciInstanceKlass java/lang/Comparable 1 0 12 100 1 100 1 1 1 1 1 1 1 1
ciInstanceKlass java/lang/constant/Constable 1 0 11 100 1 100 1 1 1 1 1 1 1
ciInstanceKlass java/util/Map 1 1 263 11 7 12 1 1 1 11 12 1 1 10 7 12 1 1 11 12 1 1 11 7 12 1 1 1 11 7 12 1 1 1 11 12 1 1 7 1 11 12 1 11 12 1 100 1 100 1 10 12 1 1 11 7 12 1 1 1 11 100 12 1 1 1 11 12 1 11 12 1 10 12 1 1 11 12 1 11 7 12 1 9 7 12 1 1 1 7 1 10 12 7 1 7 1 10 12 1 7 1 10 7 1 11 12 1 11 12 1 1 11 12 1 1 7 1 11 12 1 1 1 1 1 1 1 1 1 1 1 1 1 1 1 1 1 1 1 1 1 1 1 1 1 1 1 1 1 1 1 1 1 1 1 1 1 1 1 1 1 1 1 1 1 1 1 1 1 1 1 1 1 1 1 1 1 1 1 1 1 1 1 1 1 1 1 1 1 1 1 1 1 1 1 1 1 1 1 1 1 1 1 1 1 1 1 1 1 1 1 1 1 1 1 1 1 1 1 1 1 1 1 1 1 1 1 1 1 1 1 1 1 1 1 1 1 1 1 1 1 1 1 1 1 1 100 1 1 1 1 1 1 1 1 1 1 1 1 1 1 1 1 1 1
ciInstanceKlass java/lang/Class 1 1 1698 10 7 12 1 1 1 9 7 12 1 1 1 9 12 1 1 10 12 1 1 8 1 10 12 1 8 1 8 1 10 12 1 1 10 7 12 1 1 1 10 12 1 7 1 10 10 12 1 10 12 1 1 10 12 1 1 10 12 1 1 10 7 12 1 1 10 12 1 10 12 1 10 12 1 8 1 10 12 1 8 1 10 12 1 8 1 8 1 10 12 1 1 10 7 12 1 1 1 18 12 1 1 11 7 12 1 1 1 8 1 8 1 8 1 10 7 12 1 1 1 11 12 1 1 8 1 10 12 1 10 11 100 12 1 1 1 11 7 12 1 1 1 11 8 1 18 8 1 10 12 1 10 7 12 1 1 10 12 1 1 10 7 12 1 1 1 10 12 1 1 10 12 1 1 10 7 12 1 1 1 10 12 9 100 12 1 1 1 10 7 12 1 1 1 10 12 1 10 7 12 1 1 1 10 12 1 1 18 12 1 1 10 7 12 1 1 1 10 7 12 1 10 12 1 1 10 7 1 7 1 10 12 1 1 9 12 1 1 7 1 8 1 10 12 1 10 12 1 1 10 12 1 1 10 7 12 1 1 1 7 1 10 12 1 7 1 7 1 10 10 12 1 1 10 12 1 1 100 1 10 7 12 1 1 1 10 12 1 1 10 12 1 1 9 12 1 1 10 12 1 10 12 1 1 9 12 1 1 9 12 1 1 10 12 1 1 10 7 1 10 12 1 10 12 1 10 12 1 1 10 9 12 1 10 12 1 8 1 10 12 1 1 10 12 1 1 10 12 1 10 12 1 1 10 12 1 1 10 12 1 1 9 7 12 1 1 1 10 7 12 1 1 10 12 10 12 1 10 12 1 10 12 1 10 12 1 9 100 12 1 1 1 9 12 1 10 12 1 10 100 12 1 1 1 10 12 1 1 10 100 12 1 1 10 12 1 10 12 1 1 10 100 12 1 1 1 10 12 1 10 12 1 1 10 12 1 10 12 1 10 12 1 1 10 7 1 10 10 10 12 1 1 10 12 1 1 10 12 10 10 12 1 1 7 1 8 1 10 10 12 1 1 10 12 1 100 1 11 12 1 10 100 12 1 1 10 12 1 10 12 1 10 100 12 1 1 10 10 12 1 1 8 1 10 12 1 10 12 1 1 8 1 10 12 1 9 12 1 10 12 1 10 12 1 10 12 1 10 12 7 1 9 12 1 10 12 1 9 12 1 10 12 1 10 12 1 10 12 1 10 10 12 1 10 12 1 10 7 12 1 1 10 12 1 10 12 1 10 12 1 1 10 12 1 10 12 1 10 12 1 100 1 10 12 1 10 12 1 1 10 12 1 1 10 12 1 1 10 12 1 1 10 12 1 1 10 12 1 1 7 1 10 10 12 1 1 10 12 1 1 10 12 1 1 10 10 12 1 10 12 1 1 10 12 1 1 10 12 1 1 10 12 1 1 7 1 10 10 12 11 7 12 1 1 10 12 1 10 12 1 10 7 12 1 1 1 10 12 1 1 10 10 12 1 1 7 1 10 10 12 1 1 10 7 12 1 1 1 100 1 7 1 10 12 1 1 10 12 1 10 10 12 1 1 10 12 1 10 12 1 10 12 1 10 100 12 1 1 1 11 7 12 1 1 10 12 1 10 12 1 9 12 1 10 12 1 1 10 12 1 9 12 1 1 100 1 10 9 12 1 1 10 12 7 1 10 12 1 9 12 1 10 100 12 1 1 1 10 12 1 10 12 1 10 100 12 1 1 1 10 12 1 10 12 10 12 1 1 100 1 10 8 1 10 12 1 11 11 12 1 1 11 7 12 1 1 11 12 1 8 1 10 12 1 10 12 1 1 9 12 1 9 12 1 1 10 7 12 1 1 9 12 1 10 12 1 1 10 10 12 1 10 7 12 1 1 1 10 7 12 1 1 10 7 12 1 1 9 12 1 1 10 12 1 9 12 1 10 12 1 10 12 1 1 9 12 1 1 9 12 1 10 12 1 10 12 1 1 9 12 1 100 1 10 10 12 1 1 7 1 10 12 1 1 100 11 7 1 9 12 1 1 9 12 1 7 1 10 12 1 9 12 1 1 9 12 1 10 12 1 10 12 1 1 9 12 1 7 1 10 10 12 1 1 10 10 12 1 10 12 10 10 12 1 9 12 1 10 12 1 1 10 7 12 1 1 1 10 12 1 1 10 12 1 8 10 7 8 1 18 8 1 8 1 10 12 1 9 12 1 9 12 1 1 10 12 1 7 1 7 1 10 12 1 9 12 1 1 7 1 10 10 12 1 10 7 1 9 12 1 8 1 10 12 1 7 1 10 12 1 10 12 1 1 100 1 7 1 9 12 1 100 1 8 1 10 10 7 12 1 1 1 10 12 11 7 12 1 1 1 10 12 1 10 12 1 1 10 8 1 8 1 10 12 1 1 9 7 12 1 1 11 12 7 1 11 7 12 1 1 9 12 1 10 100 12 1 1 1 10 7 12 1 1 10 12 1 1 9 12 1 9 10 12 1 1 10 12 1 1 10 12 1 1 10 12 1 1 10 12 1 1 11 12 1 7 1 11 12 1 10 7 12 1 1 1 10 12 1 11 12 1 10 7 12 1 1 1 10 12 1 10 7 12 1 1 1 11 12 1 11 12 1 1 10 12 1 10 12 1 1 9 12 1 1 9 7 12 1 1 10 12 1 10 7 12 1 1 1 10 12 1 1 10 12 1 10 12 1 10 12 1 10 7 12 1 1 1 10 12 1 8 1 10 12 1 10 12 1 10 12 1 100 1 10 12 10 100 12 1 1 1 11 100 12 1 1 1 10 12 1 1 10 12 1 18 12 1 1 11 12 1 1 18 11 12 1 18 12 1 11 12 1 10 12 1 1 10 12 1 10 12 1 10 12 1 10 12 1 10 12 10 12 1 8 1 10 12 1 7 1 9 12 1 1 7 1 7 1 7 1 7 1 1 1 3 1 3 1 3 1 1 1 1 1 1 1 5 0 1 1 1 1 1 1 1 1 1 1 1 1 1 1 1 1 1 1 1 1 1 1 1 1 100 1 1 1 1 1 1 1 100 1 1 1 1 1 7 1 1 1 1 1 1 1 1 1 1 1 1 1 1 1 1 1 1 1 1 1 1 1 1 1 1 1 1 1 1 1 1 1 1 1 1 1 1 1 1 1 1 100 1 1 1 1 1 1 1 1 1 1 1 1 1 1 1 1 1 1 1 1 1 1 1 1 1 1 1 1 1 1 1 100 1 1 1 1 1 1 1 1 1 1 1 1 1 1 1 1 1 1 1 1 3 1 1 1 1 1 1 1 1 1 1 1 1 1 1 1 1 1 1 1 1 1 1 1 1 1 1 1 1 1 1 1 1 1 1 1 7 1 7 1 1 1 1 1 1 1 1 1 1 1 1 1 1 1 1 1 1 1 1 1 1 1 1 1 1 1 1 1 1 1 1 1 1 1 1 1 1 1 1 1 1 1 1 1 1 1 1 1 1 1 1 1 1 1 1 1 1 1 1 1 1 1 1 1 1 1 1 1 1 1 1 1 1 1 1 1 1 1 1 1 1 1 1 1 1 1 1 1 1 1 1 1 1 1 1 1 1 1 1 1 1 1 1 1 1 1 1 1 1 1 1 1 1 1 1 1 1 1 1 1 1 1 1 1 1 1 1 1 1 1 1 16 15 10 12 16 15 11 12 16 1 16 15 16 15 10 12 16 16 15 10 12 16 15 16 1 15 10 12 16 15 10 7 12 1 1 1 1 1 1 1 1 1 1 1 1 7 1 1 100 1 100 1 1 100 1 100 1 1 100 1 100 1 1
staticfield java/lang/Class EMPTY_CLASS_ARRAY [Ljava/lang/Class; 0 [Ljava/lang/Class;
staticfield java/lang/Class serialPersistentFields [Ljava/io/ObjectStreamField; 0 [Ljava/io/ObjectStreamField;
ciInstanceKlass java/lang/reflect/AnnotatedElement 1 1 164 11 7 12 1 1 1 11 12 1 1 7 1 10 100 12 1 1 1 10 12 1 1 10 12 1 1 10 12 1 10 100 12 1 1 1 11 12 1 1 11 7 12 1 1 10 7 12 1 1 1 10 12 1 10 100 12 1 1 1 18 12 1 1 11 100 12 1 1 18 12 1 18 12 1 1 10 100 12 1 1 1 11 100 12 1 1 1 7 1 10 100 12 1 1 1 1 1 1 1 1 1 1 1 1 1 1 1 1 1 1 1 1 1 1 1 1 1 100 1 1 1 1 1 1 1 1 1 1 1 16 15 16 1 16 1 15 11 12 16 16 1 15 10 100 12 1 1 1 16 1 15 10 100 12 1 1 1 1 100 1 100 1 1
ciInstanceKlass java/lang/invoke/TypeDescriptor 1 0 17 100 1 100 1 1 1 1 1 1 100 1 100 1 1 1 1
ciInstanceKlass java/lang/reflect/GenericDeclaration 1 0 30 7 1 7 1 7 1 1 1 1 1 1 1 1 100 1 8 1 1 12 10 1 1 1 8 1 1 1 8 1
ciInstanceKlass java/lang/reflect/Type 1 1 17 11 100 12 1 1 1 100 1 1 1 1 1 1 1 1 1
ciInstanceKlass java/lang/invoke/TypeDescriptor$OfField 1 0 21 100 1 100 1 100 1 1 1 1 1 1 1 1 1 1 1 1 1 1 1
ciInstanceKlass java/lang/StringBuilder 1 1 422 10 7 12 1 1 1 10 12 1 10 12 1 10 12 1 1 10 7 12 1 1 1 10 7 12 1 1 1 10 12 1 10 12 1 10 12 1 10 12 1 10 12 1 10 12 1 10 12 1 10 12 1 10 12 1 10 12 1 10 12 1 10 12 1 10 12 1 10 12 1 1 10 12 1 10 12 1 1 10 12 1 1 10 12 1 10 12 1 10 12 1 10 12 1 10 12 1 10 12 1 10 12 1 10 12 10 12 1 10 12 1 10 12 1 10 12 1 1 10 12 1 10 12 1 10 12 10 12 1 1 10 12 1 10 12 1 10 12 1 10 100 12 1 1 1 9 12 1 1 10 12 1 10 12 1 1 10 12 1 1 9 12 1 1 10 100 12 1 1 1 10 100 1 10 12 1 1 10 100 12 1 1 10 12 1 10 12 1 1 100 1 100 1 8 1 10 10 12 1 1 10 12 1 10 12 1 10 12 1 1 10 12 1 10 12 1 10 12 1 10 12 1 10 12 1 10 12 10 12 1 10 12 1 10 12 1 10 12 1 10 12 1 10 12 1 10 12 1 10 12 1 10 12 1 1 10 12 1 1 10 12 1 10 12 1 10 12 1 10 12 10 12 10 12 1 10 12 1 10 12 1 10 12 10 12 1 10 12 1 10 12 1 10 12 1 10 12 1 10 12 1 10 12 1 10 12 1 10 12 1 1 10 12 1 10 12 1 1 10 12 1 10 12 1 1 10 12 1 10 12 1 1 10 12 1 10 12 1 10 12 1 10 10 12 1 10 12 1 7 1 7 1 7 1 7 1 1 1 1 5 0 1 1 1 1 1 1 1 1 1 1 1 1 1 1 1 1 1 1 1 1 1 1 1 1 1 1 1 1 1 1 1 1 1 1 1 1 1 1 1 1 1 1 1 1 100 1 1 1 7 1 1 1 1 1 1 1 1 1 1 1
instanceKlass java/lang/StringBuilder
instanceKlass java/lang/StringBuffer
ciInstanceKlass java/lang/AbstractStringBuilder 1 1 605 7 1 10 7 12 1 1 1 9 7 12 1 1 1 9 12 1 9 12 1 1 9 12 1 1 10 7 12 1 1 1 10 12 1 1 7 1 3 3 10 12 1 10 12 1 1 11 7 1 100 1 7 1 10 8 1 10 12 1 10 12 1 10 12 1 1 10 12 1 10 12 1 9 12 1 10 12 1 9 12 1 1 10 12 1 1 10 7 12 1 1 1 10 10 12 1 10 12 1 10 12 1 1 10 12 1 1 10 7 12 1 1 1 10 7 12 1 1 1 7 1 8 1 10 10 12 1 1 100 1 10 12 10 12 1 1 10 10 12 1 1 10 12 1 1 10 12 1 1 10 12 1 1 10 10 7 12 1 1 1 10 12 1 100 1 10 10 7 12 1 1 1 9 12 1 1 9 12 1 10 12 1 1 10 10 12 1 1 10 12 10 12 1 10 12 1 1 10 12 1 1 10 12 1 1 10 12 1 10 12 1 1 10 12 1 1 10 12 1 10 12 1 1 8 1 10 12 1 1 10 12 1 10 12 1 10 12 1 10 12 1 10 12 1 10 12 1 10 7 12 1 1 10 12 1 10 12 1 10 7 12 1 1 1 100 1 100 1 10 12 1 10 100 12 1 1 10 12 1 10 12 1 10 12 1 10 12 1 1 10 12 1 10 12 1 1 10 12 1 1 10 10 7 12 1 1 1 10 12 1 10 12 1 10 12 1 1 10 12 1 10 12 1 10 12 1 10 12 1 10 12 1 10 12 1 10 12 1 10 12 1 10 12 1 1 10 12 1 10 12 1 10 12 10 12 1 1 18 12 1 1 100 1 10 100 12 1 1 1 18 10 12 1 1 10 12 1 10 12 1 1 11 12 1 1 10 12 1 10 12 10 12 1 10 10 10 12 1 10 5 0 10 10 12 1 1 100 1 8 1 10 10 12 1 1 10 100 12 1 1 1 10 12 1 10 12 1 1 100 1 10 12 100 1 10 100 1 10 7 1 1 1 1 1 1 1 1 1 1 1 100 1 1 1 1 1 1 1 1 1 1 1 1 1 1 1 1 1 1 1 1 1 1 1 1 1 1 1 1 1 1 1 1 1 1 1 1 1 1 1 1 1 1 1 1 1 1 1 1 1 1 1 1 1 1 1 1 1 1 1 1 1 1 1 1 1 1 1 1 1 1 1 1 1 1 1 1 1 1 1 1 1 1 1 1 1 1 1 1 1 1 1 1 1 1 1 1 1 1 1 1 100 1 1 1 1 1 1 1 1 1 1 1 1 1 1 1 1 1 100 1 1 1 1 1 1 7 1 1 16 1 15 10 12 16 15 10 12 15 10 100 12 1 1 1 1 1 1 1 100 1 100 1 1
staticfield java/lang/AbstractStringBuilder EMPTYVALUE [B 0
ciInstanceKlass java/lang/Appendable 1 0 14 100 1 100 1 1 1 1 100 1 1 1 1 1
ciInstanceKlass java/lang/CharSequence 1 1 131 11 7 12 1 1 1 18 12 1 1 100 1 10 100 12 1 1 1 18 10 100 12 1 1 1 11 12 1 1 11 7 1 11 12 1 1 10 100 12 1 1 1 11 12 1 1 100 1 10 12 1 1 10 100 12 1 1 1 100 1 10 10 12 1 1 7 1 1 1 1 1 1 1 1 1 1 1 1 1 1 1 1 1 1 1 1 1 1 1 1 1 1 1 1 1 1 1 1 1 16 1 15 11 12 16 15 11 12 15 10 100 12 1 1 1 1 1 100 1 100 1 1 100 1 1 100 1 100 1 1
ciInstanceKlass java/lang/AutoCloseable 1 0 12 100 1 100 1 1 1 1 100 1 1 1
ciInstanceKlass java/io/Closeable 1 0 14 100 1 100 1 100 1 1 1 1 100 1 1 1
instanceKlass org/eclipse/jdt/internal/compiler/lookup/InferenceFailureException
instanceKlass lombok/eclipse/agent/PatchDelegate$CantMakeDelegates
instanceKlass org/apache/commons/codec/EncoderException
instanceKlass org/apache/commons/codec/DecoderException
instanceKlass org/apache/maven/model/resolution/InvalidRepositoryException
instanceKlass org/apache/maven/model/resolution/UnresolvableModelException
instanceKlass org/apache/maven/toolchain/building/ToolchainsBuildingException
instanceKlass org/apache/maven/configuration/BeanConfigurationException
instanceKlass org/apache/maven/repository/metadata/MetadataResolutionException
instanceKlass org/apache/http/HttpException
instanceKlass org/apache/maven/lifecycle/internal/builder/BuilderNotFoundException
instanceKlass org/apache/maven/lifecycle/NoGoalSpecifiedException
instanceKlass org/apache/maven/BuildFailureException
instanceKlass org/apache/maven/MavenExecutionException
instanceKlass org/sonatype/plexus/components/sec/dispatcher/SecDispatcherException
instanceKlass org/sonatype/plexus/components/cipher/PlexusCipherException
instanceKlass org/apache/maven/toolchain/MisconfiguredToolchainException
instanceKlass org/apache/maven/model/building/ModelBuildingException
instanceKlass org/apache/maven/artifact/repository/metadata/RepositoryMetadataStoreException
instanceKlass org/apache/maven/artifact/repository/metadata/RepositoryMetadataReadException
instanceKlass org/apache/maven/lifecycle/MissingProjectException
instanceKlass org/apache/maven/lifecycle/LifecycleExecutionException
instanceKlass org/apache/maven/lifecycle/LifecyclePhaseNotFoundException
instanceKlass org/apache/maven/lifecycle/LifecycleNotFoundException
instanceKlass org/apache/maven/project/DependencyResolutionException
instanceKlass org/apache/maven/artifact/installer/ArtifactInstallationException
instanceKlass org/codehaus/plexus/configuration/PlexusConfigurationException
instanceKlass org/codehaus/plexus/component/composition/CycleDetectedInComponentGraphException
instanceKlass org/apache/maven/artifact/deployer/ArtifactDeploymentException
instanceKlass org/apache/maven/repository/legacy/metadata/ArtifactMetadataRetrievalException
instanceKlass org/apache/maven/repository/legacy/resolver/conflict/ConflictResolverNotFoundException
instanceKlass org/apache/maven/repository/metadata/MetadataGraphTransformationException
instanceKlass org/apache/maven/repository/metadata/GraphConflictResolutionException
instanceKlass org/codehaus/plexus/component/repository/exception/ComponentLifecycleException
instanceKlass org/codehaus/plexus/personality/plexus/lifecycle/phase/InitializationException
instanceKlass org/apache/maven/project/interpolation/ModelInterpolationException
instanceKlass org/apache/maven/artifact/repository/metadata/RepositoryMetadataResolutionException
instanceKlass org/apache/maven/repository/ArtifactDoesNotExistException
instanceKlass org/apache/maven/repository/ArtifactTransferFailedException
instanceKlass org/apache/maven/wagon/WagonException
instanceKlass org/apache/maven/plugin/version/PluginVersionNotFoundException
instanceKlass org/apache/maven/plugin/InvalidPluginException
instanceKlass org/apache/maven/plugin/prefix/NoPluginFoundForPrefixException
instanceKlass org/apache/maven/plugin/AbstractMojoExecutionException
instanceKlass com/google/common/collect/RegularImmutableMap$BucketOverflowException
instanceKlass org/eclipse/equinox/security/storage/StorageException
instanceKlass com/google/inject/internal/ErrorsException
instanceKlass com/google/inject/internal/InternalProvisionException
instanceKlass org/apache/commons/cli/ParseException
instanceKlass org/codehaus/plexus/interpolation/InterpolationException
instanceKlass org/apache/maven/cli/MavenCli$ExitException
instanceKlass org/codehaus/plexus/context/ContextException
instanceKlass sun/nio/fs/WindowsException
instanceKlass org/eclipse/jface/text/templates/TemplateException
instanceKlass org/codehaus/plexus/util/xml/pull/XmlPullParserException
instanceKlass javax/xml/transform/TransformerException
instanceKlass lombok/eclipse/agent/PatchDelegate$CantMakeDelegates
instanceKlass org/eclipse/jface/text/BadLocationException
instanceKlass org/eclipse/jdt/core/compiler/InvalidInputException
instanceKlass org/eclipse/jdt/internal/compiler/classfmt/ClassFormatException
instanceKlass org/apache/maven/artifact/versioning/InvalidVersionSpecificationException
instanceKlass java/text/ParseException
instanceKlass org/codehaus/plexus/component/configurator/expression/ExpressionEvaluationException
instanceKlass org/codehaus/plexus/PlexusContainerException
instanceKlass org/apache/maven/cli/internal/ExtensionResolutionException
instanceKlass org/codehaus/plexus/classworlds/ClassWorldException
instanceKlass org/apache/maven/plugin/version/PluginVersionResolutionException
instanceKlass org/codehaus/plexus/component/configurator/ComponentConfigurationException
instanceKlass org/apache/maven/plugin/InvalidPluginDescriptorException
instanceKlass org/apache/maven/plugin/MojoNotFoundException
instanceKlass org/apache/maven/plugin/PluginDescriptorParsingException
instanceKlass org/apache/maven/artifact/resolver/AbstractArtifactResolutionException
instanceKlass org/apache/maven/plugin/PluginResolutionException
instanceKlass org/apache/maven/plugin/PluginConfigurationException
instanceKlass org/apache/maven/plugin/PluginManagerException
instanceKlass org/apache/maven/settings/building/SettingsBuildingException
instanceKlass org/apache/maven/artifact/InvalidRepositoryException
instanceKlass org/eclipse/aether/RepositoryException
instanceKlass org/apache/maven/execution/MavenExecutionRequestPopulationException
instanceKlass org/apache/maven/project/ProjectBuildingException
instanceKlass org/codehaus/plexus/component/repository/exception/ComponentLookupException
instanceKlass org/apache/maven/project/DuplicateProjectException
instanceKlass org/codehaus/plexus/util/dag/CycleDetectedException
instanceKlass ch/qos/logback/core/util/DynamicClassLoadingException
instanceKlass ch/qos/logback/core/util/IncompatibleClassException
instanceKlass ch/qos/logback/core/joran/spi/JoranException
instanceKlass java/util/concurrent/TimeoutException
instanceKlass org/osgi/service/application/ApplicationException
instanceKlass org/eclipse/core/runtime/CoreException
instanceKlass org/osgi/service/prefs/BackingStoreException
instanceKlass org/apache/felix/scr/impl/inject/methods/SuitableMethodNotAccessibleException
instanceKlass org/xml/sax/SAXException
instanceKlass java/util/concurrent/ExecutionException
instanceKlass java/lang/CloneNotSupportedException
instanceKlass javax/xml/parsers/ParserConfigurationException
instanceKlass org/osgi/service/resolver/ResolutionException
instanceKlass java/security/GeneralSecurityException
instanceKlass org/eclipse/osgi/container/ModuleContainer$ResolutionLockException
instanceKlass java/security/PrivilegedActionException
instanceKlass org/osgi/framework/BundleException
instanceKlass org/osgi/framework/InvalidSyntaxException
instanceKlass java/lang/InterruptedException
instanceKlass java/net/URISyntaxException
instanceKlass java/lang/instrument/UnmodifiableClassException
instanceKlass java/io/IOException
instanceKlass java/lang/ReflectiveOperationException
instanceKlass java/lang/RuntimeException
ciInstanceKlass java/lang/Exception 1 1 40 10 7 12 1 1 1 10 12 1 10 12 1 10 12 1 10 12 1 100 1 1 1 1 5 0 1 1 1 1 1 1 1 1 1 1 1 1 1 1
instanceKlass lombok/eclipse/agent/PatchDelegate$DelegateRecursion
instanceKlass org/apache/maven/artifact/repository/metadata/RepositoryMetadataDeploymentException
instanceKlass org/apache/maven/artifact/repository/metadata/RepositoryMetadataInstallationException
instanceKlass lombok/eclipse/agent/PatchDelegate$DelegateRecursion
instanceKlass java/lang/Exception
instanceKlass java/lang/Error
ciInstanceKlass java/lang/Throwable 1 1 404 10 7 12 1 1 1 9 7 12 1 1 1 9 12 1 1 9 12 1 9 12 1 1 9 12 1 10 12 1 1 9 12 1 1 10 12 1 1 10 12 1 100 1 7 1 10 8 1 10 12 1 1 8 1 10 100 12 1 1 10 10 12 1 100 1 8 1 10 10 12 1 1 10 7 12 1 1 10 12 1 8 1 9 7 12 1 1 1 10 12 1 1 100 1 10 12 10 12 1 10 100 12 1 1 1 100 1 10 12 10 12 1 10 12 1 100 1 10 10 7 12 1 1 1 11 100 12 1 1 1 10 12 1 1 10 12 1 1 8 1 10 12 1 10 12 1 1 8 1 8 1 10 12 1 1 10 12 1 8 1 8 1 9 12 1 1 10 12 1 1 100 1 10 11 12 1 8 1 8 1 10 7 12 1 1 8 1 10 12 1 8 1 100 1 10 12 1 9 12 1 1 10 12 1 10 7 12 1 9 12 1 1 10 12 1 1 100 1 8 1 10 12 1 10 100 12 1 1 10 12 1 1 7 1 10 100 12 1 1 1 10 12 1 11 7 12 1 1 1 11 7 12 1 1 11 12 1 8 1 10 12 1 1 8 1 10 10 9 100 12 1 1 1 8 1 10 12 1 1 11 10 100 1 8 1 10 11 12 1 1 8 1 9 12 1 10 100 12 1 1 11 9 12 1 1 11 12 1 1 100 10 12 1 10 12 1 1 7 1 1 1 1 5 0 1 1 1 1 1 1 1 1 1 1 1 1 1 7 1 1 1 1 1 1 1 1 1 1 1 1 1 1 1 1 1 1 1 1 1 1 1 1 1 1 1 1 1 1 1 1 1 1 1 1 1 1 1 1 1 1 1 1 100 1 7 1 1 1 1 1 1 1 1 1 1 1 1 1 1 1 1 1 1
staticfield java/lang/Throwable UNASSIGNED_STACK [Ljava/lang/StackTraceElement; 0 [Ljava/lang/StackTraceElement;
staticfield java/lang/Throwable SUPPRESSED_SENTINEL Ljava/util/List; java/util/Collections$EmptyList
staticfield java/lang/Throwable EMPTY_THROWABLE_ARRAY [Ljava/lang/Throwable; 0 [Ljava/lang/Throwable;
staticfield java/lang/Throwable $assertionsDisabled Z 1
instanceKlass org/eclipse/jdt/internal/compiler/util/Messages$MessagesProperties
instanceKlass org/eclipse/core/internal/resources/SaveManager$MasterTable
instanceKlass org/eclipse/core/internal/preferences/SortedProperties
instanceKlass org/eclipse/osgi/util/NLS$MessagesProperties
instanceKlass java/security/Provider
ciInstanceKlass java/util/Properties 1 1 690 10 7 12 1 1 1 100 1 10 7 12 1 1 7 1 10 12 1 9 12 1 1 9 12 1 1 9 12 1 1 10 7 12 1 1 1 10 12 1 1 8 1 10 7 12 1 1 1 7 1 10 12 1 10 12 1 1 8 1 10 12 1 7 1 10 12 10 12 1 1 9 12 1 1 10 12 1 1 7 1 10 12 1 10 12 1 10 12 1 1 100 1 8 1 10 12 1 10 12 1 10 12 1 1 10 12 1 7 1 3 10 10 100 12 1 1 1 10 12 1 10 12 1 1 8 1 10 12 1 10 12 1 1 8 1 10 100 12 1 1 10 12 1 1 10 12 1 10 12 1 1 100 1 10 12 1 10 12 1 1 100 1 9 100 12 1 1 1 10 12 1 10 12 1 1 10 12 1 1 10 12 1 1 100 1 9 12 1 1 7 1 7 1 10 12 1 7 1 11 7 12 1 1 1 11 12 1 1 11 7 12 1 1 1 11 7 12 1 1 1 11 12 1 1 11 12 1 11 12 1 10 12 1 1 8 1 10 12 1 10 100 12 1 1 10 12 1 100 1 10 10 12 1 10 12 1 100 1 10 10 12 1 1 10 7 12 1 1 9 100 12 1 1 10 12 1 1 10 100 12 1 1 1 100 1 100 1 100 1 10 8 1 8 1 10 12 1 10 12 1 10 12 1 1 10 10 12 1 1 10 12 1 1 7 1 10 10 12 1 11 7 12 1 1 10 7 12 1 1 1 8 1 10 100 12 1 1 11 11 7 1 8 1 10 100 1 11 10 12 1 10 10 12 1 10 12 1 1 10 12 1 1 10 12 1 1 10 12 1 10 12 1 10 10 12 1 10 12 1 10 12 1 10 10 12 1 1 10 12 1 1 10 10 12 1 10 12 1 10 12 1 10 12 1 10 12 1 1 10 12 1 1 10 12 1 10 12 1 10 12 1 1 10 12 10 12 1 1 10 12 1 1 10 12 1 10 12 1 1 10 12 1 1 10 12 10 11 12 1 4 11 10 12 1 1 10 100 12 1 1 11 12 1 10 12 1 1 10 100 12 1 1 10 12 1 100 1 8 1 10 12 1 10 10 100 12 1 1 1 100 1 6 0 10 12 1 1 11 100 12 1 1 1 10 12 1 10 12 1 1 1 1 1 5 0 1 1 1 1 1 1 1 1 1 1 1 1 1 1 1 1 1 1 1 1 1 1 1 1 1 1 1 1 1 1 1 1 1 1 1 1 1 1 1 100 1 1 1 1 1 1 1 1 1 1 1 1 1 1 1 1 1 1 1 1 100 1 1 1 1 1 1 1 1 1 1 1 1 7 1 7 1 1 1 1 1 100 1 1 1 1 1 1 1 1 1 1 1 1 1 1 1 1 1 1 1 1 1 1 1 1 1 1 1 1 1 1 1 1 1 1 1 1 1 1 1 1 1 1 1 1 1 1 1 1 1 1 1 1 1 1 1 1 1 1 1 1 1 1 1 1 1 1 1 1 1 1 1 1 1 1 1 1 1 7 1 1 1 1 1 1 1 1 1 1 1 100 1 1
staticfield java/util/Properties UNSAFE Ljdk/internal/misc/Unsafe; jdk/internal/misc/Unsafe
instanceKlass org/apache/felix/scr/impl/helper/ReadOnlyDictionary
instanceKlass org/osgi/framework/FrameworkUtil$MapAsDictionary
instanceKlass org/eclipse/osgi/framework/util/CaseInsensitiveDictionaryMap$UnmodifiableDictionary
instanceKlass org/eclipse/osgi/framework/util/CaseInsensitiveDictionaryMap
instanceKlass org/eclipse/osgi/internal/framework/EquinoxBundle$SystemBundle$SystemBundleHeaders
instanceKlass org/eclipse/osgi/storage/BundleInfo$CachedManifest
instanceKlass java/util/Hashtable
ciInstanceKlass java/util/Dictionary 1 1 36 10 7 12 1 1 1 100 1 1 1 1 1 1 1 1 1 1 1 1 1 1 1 1 1 1 1 1 1 1 1 1 1 1 1 1
instanceKlass java/util/Properties
ciInstanceKlass java/util/Hashtable 1 1 516 7 1 10 7 12 1 1 1 9 7 12 1 1 1 100 1 7 1 10 8 1 10 12 1 1 10 12 1 10 12 1 1 10 12 1 10 7 12 1 1 1 8 1 10 12 1 9 12 1 1 7 1 9 12 1 1 4 10 7 12 1 1 1 9 12 1 4 10 12 1 11 7 12 1 1 1 10 12 1 1 10 12 1 1 9 12 1 10 12 1 1 100 1 10 9 12 1 1 10 7 12 1 1 1 9 12 1 1 10 12 1 10 12 1 3 9 12 1 9 12 1 3 10 12 1 10 12 1 10 12 1 1 11 12 1 1 11 7 12 1 1 1 11 7 12 1 1 1 11 12 1 7 1 11 12 1 11 12 1 10 12 1 1 10 12 1 1 10 12 1 9 12 1 1 9 12 9 12 1 1 10 100 1 7 1 10 12 1 10 8 1 10 10 12 1 8 1 10 8 1 10 7 12 1 1 1 7 1 10 12 1 10 12 1 100 1 10 12 1 10 12 1 1 7 1 10 7 1 10 10 12 1 1 11 12 1 1 11 12 1 7 1 10 10 10 100 12 1 1 11 100 12 1 1 1 100 1 10 11 100 12 1 1 11 100 12 1 10 12 1 10 12 1 1 10 100 12 1 1 10 12 1 1 10 12 1 1 10 12 1 1 10 100 12 1 1 1 8 10 100 12 1 1 100 1 8 1 10 4 4 10 12 1 1 10 12 1 8 1 4 10 12 10 100 12 1 1 1 100 1 11 100 12 1 1 1 10 100 12 1 1 1 10 12 1 10 12 1 1 10 7 1 7 1 1 1 1 1 1 5 0 1 1 1 1 1 3 1 3 1 3 1 1 1 1 1 1 1 1 1 1 1 1 1 1 1 1 1 1 1 1 1 1 1 1 1 100 1 1 1 1 1 1 1 1 1 1 1 1 1 1 1 1 1 1 1 1 1 1 1 1 1 1 1 1 1 7 1 1 1 1 1 1 1 1 1 1 1 1 1 1 7 1 1 1 1 1 1 1 1 1 1 1 1 1 1 1 1 1 1 1 1 1 1 1 1 1 1 1 1 1 1 1 1 1 1 1 1 1 1 1 1 1 1 1 1 100 1 1 1 7 1 1 1 1 1 7 1 1 1 1 1 1 1 1 1 1 1 1 1 1 1 1 1 1
ciInstanceKlass java/lang/String 1 1 1443 10 7 12 1 1 1 8 1 9 7 12 1 1 1 9 12 1 1 9 12 1 1 9 12 1 1 10 12 1 10 12 1 1 10 12 1 1 9 12 1 10 7 12 1 1 1 10 7 1 10 7 12 1 1 1 10 12 1 1 10 12 1 1 10 12 1 10 12 1 1 10 12 1 10 7 12 1 1 1 7 1 9 7 12 1 1 1 10 7 12 1 1 1 10 7 12 1 1 1 10 12 1 1 10 12 1 1 10 12 1 1 10 12 1 1 9 7 12 1 1 10 12 9 7 12 1 1 10 12 1 1 3 10 12 1 1 7 1 11 12 1 1 11 12 1 11 12 1 1 10 100 12 1 1 1 10 12 1 1 9 100 12 1 1 1 10 12 1 1 10 12 1 11 12 1 1 10 12 1 1 10 12 10 12 1 1 10 7 12 1 1 1 10 12 1 1 10 12 1 1 100 1 7 1 10 12 1 10 12 1 10 12 1 1 100 1 10 12 1 1 100 1 10 12 1 1 10 12 1 1 10 12 1 10 10 12 1 100 1 100 1 100 1 10 12 1 10 12 1 1 10 12 1 1 10 12 1 10 12 1 1 10 12 1 1 10 100 12 1 1 100 1 11 10 7 12 1 1 11 12 1 11 12 1 10 12 1 1 10 12 1 10 12 10 12 1 1 10 10 100 12 1 1 1 10 100 12 1 1 10 12 1 1 10 100 12 1 1 10 12 1 10 12 1 1 10 12 1 1 10 12 1 10 12 1 10 12 1 1 100 1 10 12 1 1 10 12 10 12 1 10 12 1 1 10 12 1 1 10 7 12 1 1 1 10 12 1 10 12 1 1 10 12 1 10 12 1 3 3 10 12 1 1 10 12 1 10 12 1 1 10 12 1 1 10 12 1 1 10 12 1 10 12 1 1 10 12 1 1 10 12 1 10 12 1 10 12 1 10 12 1 1 10 12 1 10 12 1 10 12 1 10 12 1 10 12 1 10 12 1 10 7 1 10 8 1 10 12 1 1 10 12 1 8 1 10 12 1 1 10 12 10 12 1 8 1 10 10 12 1 1 10 12 1 1 10 12 1 1 10 7 1 10 10 12 1 10 12 1 10 12 1 10 10 12 1 10 12 1 10 12 1 10 12 1 10 12 1 10 12 1 10 12 1 1 10 12 1 1 10 12 1 1 10 10 12 1 1 10 10 12 1 100 1 10 10 12 1 1 10 12 1 1 10 7 1 10 12 1 10 12 1 10 7 12 1 1 1 10 12 1 10 12 1 1 10 12 1 11 7 1 11 12 10 12 1 10 12 1 1 10 12 1 1 10 10 12 1 10 12 1 9 12 1 1 11 7 12 1 1 1 10 12 10 10 12 1 10 12 1 1 10 10 12 1 10 12 1 10 12 1 1 10 12 1 1 10 10 12 1 1 10 12 1 10 10 12 1 10 12 10 10 12 10 10 12 1 10 12 1 10 10 12 10 7 12 1 1 1 10 12 10 10 12 10 12 1 10 12 10 12 10 10 12 1 10 12 1 1 10 12 1 1 10 10 12 1 10 7 12 1 1 1 10 12 1 1 10 10 7 12 1 1 1 11 10 12 1 10 12 1 1 10 12 1 1 10 7 12 1 1 1 10 12 1 10 12 1 10 12 1 10 12 1 10 12 1 10 12 1 100 1 7 1 8 1 10 10 10 12 1 10 12 1 1 8 1 10 12 1 3 3 10 12 1 10 12 1 1 10 12 7 1 10 10 12 1 1 10 12 1 10 12 1 10 12 1 1 10 12 1 1 11 7 12 1 1 1 7 1 10 12 1 10 12 1 1 8 1 10 12 1 1 10 12 1 11 7 12 1 1 1 11 7 12 1 1 11 12 1 10 12 1 10 12 1 1 10 10 7 12 1 1 1 10 12 1 10 12 1 10 10 12 10 12 1 1 10 10 12 1 10 10 12 1 10 10 12 1 10 10 12 1 10 12 1 1 10 10 12 1 8 1 10 12 1 1 18 12 1 1 11 7 12 1 1 1 7 1 3 18 12 1 18 12 1 8 1 10 7 12 1 1 1 11 12 1 1 10 12 10 10 12 1 10 11 12 1 1 10 12 1 1 11 12 1 18 3 11 10 12 1 11 11 10 12 1 10 12 1 1 8 1 10 12 1 10 12 1 10 12 1 1 10 10 12 1 11 100 12 1 100 1 100 1 10 12 100 1 10 10 100 12 1 1 1 100 1 10 7 1 10 10 12 1 10 10 12 1 8 1 10 10 12 1 8 1 8 1 10 12 1 10 12 1 10 10 12 10 7 12 1 1 10 7 12 1 1 10 7 12 1 1 8 1 10 12 1 10 12 1 10 9 12 1 10 12 9 7 12 1 1 1 10 12 1 10 12 1 10 12 1 10 12 1 10 12 1 8 1 10 100 12 1 1 1 10 12 10 12 1 1 10 12 10 10 12 10 12 7 1 9 12 1 1 7 1 10 7 1 7 1 7 1 7 1 1 1 1 1 1 5 0 1 1 1 1 1 3 1 3 1 1 1 1 1 1 1 1 1 1 1 1 1 1 1 100 1 1 1 1 1 1 1 1 1 1 1 1 1 1 1 1 1 1 1 1 1 1 1 1 1 1 1 1 1 1 1 100 1 1 1 1 1 1 1 1 1 1 7 1 1 1 1 1 1 1 1 1 1 1 1 1 1 1 1 1 1 1 1 1 1 1 1 1 1 1 1 1 1 1 1 1 1 1 1 1 1 1 1 1 1 1 1 1 1 1 1 1 1 1 1 1 1 1 1 1 1 1 1 1 1 1 1 1 1 1 1 1 1 1 1 1 1 1 1 1 1 1 1 1 1 1 1 1 1 1 1 1 1 1 1 1 1 1 1 1 1 1 1 1 1 1 1 1 1 1 1 1 1 1 1 1 1 1 1 1 1 1 1 1 1 1 1 1 1 1 1 1 1 1 1 1 1 1 1 1 1 1 1 1 1 1 1 1 1 1 1 1 1 1 1 1 1 1 1 1 1 1 1 1 1 1 1 1 1 1 1 1 1 1 1 1 1 1 100 1 1 1 1 1 1 1 1 1 1 1 1 1 1 1 1 1 1 1 1 1 1 1 100 1 1 1 1 1 1 1 1 1 1 1 1 1 1 1 7 1 1 1 1 1 1 1 1 1 1 1 1 1 1 1 16 15 10 12 16 15 10 12 15 10 12 15 10 12 15 10 7 12 1 1 1 1 1 1 1 100 1 100 1 1 1
staticfield java/lang/String COMPACT_STRINGS Z 1
staticfield java/lang/String serialPersistentFields [Ljava/io/ObjectStreamField; 0 [Ljava/io/ObjectStreamField;
staticfield java/lang/String CASE_INSENSITIVE_ORDER Ljava/util/Comparator; java/lang/String$CaseInsensitiveComparator
ciInstanceKlass java/lang/constant/ConstantDesc 1 0 37 100 1 100 1 1 1 1 100 1 1 1 1 100 1 100 1 100 1 100 1 100 1 100 1 100 1 100 1 100 1 1 100 1 100 1 1
ciInstanceKlass java/lang/InternalError 1 1 34 10 7 12 1 1 1 10 12 1 10 12 1 10 12 1 100 1 1 1 1 5 0 1 1 1 1 1 1 1 1 1 1 1
instanceKlass java/io/IOError
instanceKlass org/apache/maven/BuildAbort
instanceKlass javax/xml/parsers/FactoryConfigurationError
instanceKlass com/google/common/util/concurrent/ExecutionError
instanceKlass java/util/ServiceConfigurationError
instanceKlass java/lang/ThreadDeath
instanceKlass java/lang/AssertionError
instanceKlass java/lang/VirtualMachineError
instanceKlass java/lang/LinkageError
ciInstanceKlass java/lang/Error 1 1 40 10 7 12 1 1 1 10 12 1 10 12 1 10 12 1 10 12 1 100 1 1 1 1 5 0 1 1 1 1 1 1 1 1 1 1 1 1 1 1
instanceKlass java/lang/StackOverflowError
instanceKlass java/lang/OutOfMemoryError
instanceKlass java/lang/InternalError
ciInstanceKlass java/lang/VirtualMachineError 1 1 34 10 7 12 1 1 1 10 12 1 10 12 1 10 12 1 100 1 1 1 1 5 0 1 1 1 1 1 1 1 1 1 1 1
ciInstanceKlass java/util/Set 1 1 144 100 1 10 7 12 1 1 1 9 7 12 1 1 1 7 1 10 12 1 1 10 12 1 7 1 7 1 10 12 1 7 1 7 1 11 7 12 1 1 1 11 12 1 1 7 1 10 12 1 10 12 1 1 11 12 1 1 1 1 1 1 1 1 1 1 1 1 1 1 1 1 1 1 1 1 1 1 1 1 1 1 1 1 1 1 1 1 1 1 1 1 1 1 1 1 1 1 1 1 1 1 1 1 1 1 1 1 1 1 1 1 1 1 1 1 1 1 1 1 1 1 1 1 1 1 1 1 1 1 1 1 1 1 1 1 1 1 1 1 1 1 1 1
ciInstanceKlass java/util/Iterator 1 1 53 100 1 8 1 10 12 1 1 10 7 12 1 1 1 11 7 12 1 1 1 11 12 1 1 11 7 12 1 1 1 7 1 1 1 1 1 1 1 1 1 1 1 1 1 1 1 1 1 1 1 1 1
instanceKlass org/eclipse/core/internal/content/LazyInputStream
instanceKlass org/eclipse/jdt/ls/core/internal/ConnectionStreamFactory$NamedPipeInputStream
instanceKlass sun/nio/ch/ChannelInputStream
instanceKlass java/io/ObjectInputStream$PeekInputStream
instanceKlass java/io/ObjectInputStream$BlockDataInputStream
instanceKlass org/eclipse/core/internal/resources/ContentDescriptionManager$LazyFileInputStream
instanceKlass java/io/ObjectInputStream
instanceKlass org/eclipse/core/internal/localstore/SafeChunkyInputStream
instanceKlass org/eclipse/core/internal/registry/BufferedRandomInputStream
instanceKlass com/sun/org/apache/xerces/internal/impl/XMLEntityManager$RewindableInputStream
instanceKlass org/eclipse/osgi/storage/url/reference/ReferenceInputStream
instanceKlass java/util/jar/JarVerifier$VerifierStream
instanceKlass java/util/zip/ZipFile$ZipFileInputStream
instanceKlass java/io/FilterInputStream
instanceKlass java/io/FileInputStream
instanceKlass java/io/ByteArrayInputStream
ciInstanceKlass java/io/InputStream 1 1 195 7 1 10 7 12 1 1 1 100 1 10 10 7 12 1 1 1 10 7 12 1 1 1 10 12 1 100 1 3 10 12 1 1 100 1 8 1 10 12 1 10 7 12 1 1 1 3 7 1 8 1 10 10 7 12 1 1 1 7 1 10 11 7 12 1 1 1 10 12 1 1 11 12 1 1 11 7 12 1 1 1 11 12 1 1 7 1 10 7 12 1 1 1 5 0 10 12 1 10 12 1 1 100 1 10 8 1 10 8 1 8 1 10 12 1 1 10 100 12 1 1 1 7 1 5 0 10 12 1 100 1 7 1 1 1 1 3 1 3 1 1 1 1 1 1 1 1 1 1 1 1 1 1 1 1 1 1 1 1 1 1 1 1 1 1 1 1 1 1 1 1 1 1 1 1 1 1 1 1 1 1 1 1 1 1 1 1 1 1 1 1 1 1 1
ciInstanceKlass jdk/internal/misc/Unsafe 1 1 1287 10 7 12 1 1 1 9 7 12 1 1 1 9 12 1 1 10 12 1 1 10 7 12 1 1 1 10 12 1 1 10 12 1 1 10 12 1 1 10 12 1 1 10 12 1 1 10 12 1 1 10 12 1 1 10 12 1 1 10 12 1 1 10 12 1 1 10 12 1 1 10 12 1 1 10 12 1 1 10 12 1 10 12 1 100 1 10 10 12 1 1 10 12 1 1 5 0 10 12 1 1 10 12 1 1 10 7 12 1 1 1 10 12 1 1 10 12 1 10 12 1 10 12 1 1 10 12 1 1 10 12 1 10 12 1 7 1 7 1 10 8 1 10 12 1 1 10 12 1 8 1 10 12 1 1 10 12 1 10 12 1 10 12 1 1 10 12 1 10 12 1 1 10 12 1 1 10 12 1 10 12 1 10 12 1 10 12 1 1 10 12 1 10 12 1 10 12 1 1 10 12 1 5 0 5 0 5 0 10 12 1 10 12 1 10 12 1 10 12 1 10 12 1 10 12 1 10 12 1 10 12 1 10 12 1 1 10 12 1 10 12 1 7 1 8 1 10 100 1 10 10 12 1 1 10 12 1 1 10 12 1 10 12 1 1 10 12 1 1 10 12 1 10 12 1 1 10 12 1 9 7 12 1 1 9 12 1 100 1 10 10 12 1 1 8 1 10 8 1 8 1 10 12 1 1 9 7 12 1 1 1 9 7 1 9 7 1 9 7 1 9 9 7 1 9 7 1 9 7 1 10 12 1 1 10 12 1 1 10 12 1 1 10 12 1 1 5 0 5 0 9 12 1 1 10 12 1 10 12 1 10 12 1 1 10 12 1 1 10 12 1 8 1 3 10 12 1 1 10 12 1 1 10 12 1 10 12 1 1 10 12 1 1 10 12 1 10 12 1 10 12 1 10 12 1 10 12 1 10 12 1 1 10 12 1 1 10 12 1 10 12 1 10 12 1 10 12 1 10 12 1 10 12 1 1 10 12 1 1 10 12 1 10 12 1 10 12 1 10 12 1 10 12 1 10 12 1 1 10 12 1 1 10 12 1 1 10 12 1 1 10 12 1 10 12 1 10 12 1 10 12 1 10 12 1 10 12 1 10 12 1 1 10 12 1 1 10 12 1 10 12 1 10 12 1 10 12 1 10 12 1 10 12 1 10 12 1 1 10 12 1 1 10 12 1 10 12 1 10 12 1 10 12 1 10 12 1 10 12 1 10 12 1 10 12 1 1 10 12 1 10 12 1 10 12 1 10 12 1 10 12 1 1 10 12 1 10 12 1 10 12 1 10 12 1 10 12 1 10 12 1 10 12 1 10 12 1 1 10 12 1 10 12 1 10 12 1 10 12 1 10 12 1 10 12 1 1 10 12 1 10 12 1 10 12 1 1 10 12 1 10 12 1 10 12 1 10 12 1 10 12 1 10 12 1 10 12 1 10 12 1 10 12 1 10 12 1 10 12 1 10 12 1 10 12 1 10 12 1 10 12 1 10 12 1 10 12 1 10 12 1 10 12 1 10 12 1 10 12 1 10 12 1 10 12 1 100 1 10 100 1 10 9 12 1 5 0 10 12 1 1 5 0 10 12 1 5 0 10 12 1 10 12 1 10 12 1 1 10 12 1 1 10 12 1 10 12 1 10 12 1 10 12 1 1 10 12 1 10 12 1 10 12 1 10 12 1 10 12 1 1 10 12 1 10 12 1 10 12 1 10 12 1 1 10 12 1 10 12 1 10 12 1 1 10 12 1 10 12 1 10 12 1 10 12 1 1 10 12 1 10 10 12 1 1 10 12 1 10 12 1 1 10 12 1 10 12 5 0 5 0 5 0 10 12 1 1 10 12 1 10 12 1 10 12 10 100 12 1 1 8 1 100 1 11 12 1 1 8 1 11 12 1 1 10 100 12 1 1 10 12 1 10 12 1 10 12 1 10 12 1 10 12 1 1 10 12 1 10 12 1 10 12 1 10 12 1 10 12 1 10 12 1 10 7 1 10 12 1 9 12 1 7 1 9 12 1 7 1 9 12 1 7 1 9 12 1 7 1 9 12 1 7 1 9 12 1 7 1 9 12 1 7 1 9 12 1 7 1 9 12 1 10 12 1 9 12 1 9 12 1 9 12 1 9 12 1 9 12 1 9 12 1 9 12 1 9 12 1 9 12 1 9 12 1 1 1 3 1 1 1 1 1 1 1 1 1 1 1 1 1 1 1 1 1 1 1 1 1 1 1 1 1 1 1 1 1 1 1 1 1 1 1 1 1 1 1 1 1 1 1 1 1 1 1 1 1 1 1 1 1 1 1 1 1 1 1 1 1 1 1 1 1 1 1 1 1 1 1 1 1 1 1 1 1 1 1 1 1 1 1 1 1 1 1 1 1 100 1 1 1 1 1 1 1 1 1 1 1 1 1 1 1 1 1 1 1 1 1 1 1 1 1 1 1 1 1 1 1 1 1 1 1 1 1 1 1 1 1 1 1 1 1 1 1 1 1 1 1 1 1 1 1 1 1 1 1 1 1 1 1 1 1 1 1 1 1 1 1 1 1 1 1 1 1 1 1 1 1 1 1 1 1 1 1 1 1 1 1 1 1 1 1 1 1 1 1 1 1 1 1 1 1 1 1 1 1 1 1 1 1 1 1 1 1 1 1 1 1 1 1 1 1 1 1 1 1 1 1 1 1 1 1 1 1 1 1 1 1 1 1 1 1 1 1 1 1 1 1 1 1 1 1 1 1 1 1 1 1 1 1 1 1 1 1 1 1 1 1 1 1 1 1 1 1 1 1 1 1 1 1 1 1 1 1 1 1 1 1 1 1 1 1 1 1 1 1 1 1 1 1 1 1 1 3 1 1 1 1 1 1 1 1 1 1 1 1 1 1 1 1 1 1 1 1 1
staticfield jdk/internal/misc/Unsafe theUnsafe Ljdk/internal/misc/Unsafe; jdk/internal/misc/Unsafe
staticfield jdk/internal/misc/Unsafe ARRAY_BOOLEAN_BASE_OFFSET I 16
staticfield jdk/internal/misc/Unsafe ARRAY_BYTE_BASE_OFFSET I 16
staticfield jdk/internal/misc/Unsafe ARRAY_SHORT_BASE_OFFSET I 16
staticfield jdk/internal/misc/Unsafe ARRAY_CHAR_BASE_OFFSET I 16
staticfield jdk/internal/misc/Unsafe ARRAY_INT_BASE_OFFSET I 16
staticfield jdk/internal/misc/Unsafe ARRAY_LONG_BASE_OFFSET I 16
staticfield jdk/internal/misc/Unsafe ARRAY_FLOAT_BASE_OFFSET I 16
staticfield jdk/internal/misc/Unsafe ARRAY_DOUBLE_BASE_OFFSET I 16
staticfield jdk/internal/misc/Unsafe ARRAY_OBJECT_BASE_OFFSET I 16
staticfield jdk/internal/misc/Unsafe ARRAY_BOOLEAN_INDEX_SCALE I 1
staticfield jdk/internal/misc/Unsafe ARRAY_BYTE_INDEX_SCALE I 1
staticfield jdk/internal/misc/Unsafe ARRAY_SHORT_INDEX_SCALE I 2
staticfield jdk/internal/misc/Unsafe ARRAY_CHAR_INDEX_SCALE I 2
staticfield jdk/internal/misc/Unsafe ARRAY_INT_INDEX_SCALE I 4
staticfield jdk/internal/misc/Unsafe ARRAY_LONG_INDEX_SCALE I 8
staticfield jdk/internal/misc/Unsafe ARRAY_FLOAT_INDEX_SCALE I 4
staticfield jdk/internal/misc/Unsafe ARRAY_DOUBLE_INDEX_SCALE I 8
staticfield jdk/internal/misc/Unsafe ARRAY_OBJECT_INDEX_SCALE I 4
staticfield jdk/internal/misc/Unsafe ADDRESS_SIZE I 8
instanceKlass lombok/launch/ShadowClassLoader
instanceKlass org/eclipse/sisu/space/CloningClassSpace$CloningClassLoader
instanceKlass org/apache/aries/spifly/Util$WrapperCL
instanceKlass org/apache/aries/spifly/MultiDelegationClassloader
instanceKlass lombok/launch/ShadowClassLoader
instanceKlass org/eclipse/osgi/internal/loader/ModuleClassLoader
instanceKlass org/eclipse/osgi/internal/framework/ContextFinder
instanceKlass org/eclipse/osgi/internal/framework/EquinoxContainer$1
instanceKlass lombok/launch/ShadowClassLoader
instanceKlass jdk/internal/reflect/DelegatingClassLoader
instanceKlass java/security/SecureClassLoader
ciInstanceKlass java/lang/ClassLoader 1 1 1108 9 7 12 1 1 1 10 7 12 1 1 1 9 12 1 1 10 7 12 1 1 1 7 1 10 12 1 1 10 12 1 1 9 12 1 1 10 12 1 1 100 1 10 12 1 10 12 1 1 10 7 12 1 1 1 100 1 8 1 10 12 1 10 7 12 1 1 1 10 7 12 1 10 7 1 10 7 1 7 1 7 1 10 12 1 10 12 1 9 12 1 1 10 10 7 12 1 1 1 9 12 1 1 9 12 1 9 12 1 1 9 12 1 9 12 1 1 9 12 1 1 7 1 10 12 1 9 12 1 1 10 12 1 1 10 7 12 1 1 1 9 12 1 9 12 1 1 9 12 1 10 12 1 1 9 12 10 12 1 1 7 1 10 8 1 10 12 1 1 10 12 1 10 7 1 7 1 10 12 1 1 10 7 12 1 1 1 8 1 10 12 1 10 12 1 10 12 1 1 10 12 1 1 10 12 1 1 10 12 1 1 10 12 1 1 10 12 1 7 1 10 12 1 10 7 12 1 1 1 10 12 1 1 10 12 1 10 12 1 10 12 1 10 12 1 10 12 1 1 10 10 12 1 10 12 1 10 100 12 1 1 10 12 1 1 10 12 1 1 10 12 1 100 1 10 12 1 7 1 10 12 1 10 7 12 1 1 1 10 10 12 1 1 10 12 1 1 7 1 8 1 10 8 1 10 12 1 10 12 1 100 1 8 1 10 12 1 1 10 12 1 1 10 10 12 1 1 10 12 1 1 10 12 1 1 10 7 1 10 12 1 1 10 12 1 1 10 12 1 1 10 12 1 1 10 12 1 1 10 12 1 1 10 12 1 10 7 12 1 1 1 10 12 1 10 12 1 10 12 1 1 10 12 1 10 12 1 10 12 1 10 12 1 1 10 12 1 10 12 1 1 8 1 9 12 1 10 12 1 1 8 1 8 1 10 7 12 1 1 100 1 10 10 12 10 12 1 10 12 1 10 12 1 10 12 1 1 10 7 12 1 1 10 12 1 10 7 1 7 1 10 12 1 1 10 12 1 10 7 1 10 12 1 100 1 18 12 1 10 100 12 1 1 1 10 7 12 1 1 1 10 7 12 1 1 10 12 1 10 12 1 100 1 10 12 1 8 1 10 10 12 1 1 10 12 1 10 12 1 1 7 1 10 12 1 10 12 1 1 10 7 12 1 1 10 12 1 8 1 100 1 10 10 12 1 9 12 1 10 7 12 1 1 10 12 1 7 1 8 1 10 12 1 10 8 1 8 1 10 12 1 1 10 12 1 1 10 12 1 1 10 7 12 1 1 7 1 100 1 10 12 1 1 7 1 7 1 10 7 12 1 1 10 12 1 10 12 1 1 10 12 1 10 12 1 1 10 12 1 1 9 100 12 1 1 1 10 12 1 1 10 12 1 10 12 1 10 12 1 1 10 12 1 8 1 7 1 18 12 1 1 10 12 1 1 10 12 1 10 12 1 10 12 1 8 1 10 12 1 10 12 1 18 12 1 11 100 12 1 1 1 100 1 10 12 1 1 10 12 1 10 11 12 1 1 10 18 10 12 1 1 11 7 12 1 18 12 1 11 12 1 1 10 12 10 12 1 1 10 12 1 1 100 1 8 1 10 10 12 1 8 1 8 1 10 100 12 1 1 10 12 1 100 1 10 10 12 1 8 1 8 1 8 1 10 12 1 10 12 1 1 10 12 1 10 7 12 1 1 1 11 7 12 1 1 100 1 10 11 10 12 1 10 12 1 10 12 1 1 9 7 12 1 1 9 12 1 1 9 12 9 12 1 9 12 1 9 12 1 8 10 12 1 1 10 7 12 1 1 1 10 12 1 1 10 12 1 1 10 12 1 10 10 12 1 11 12 1 1 10 100 12 1 1 1 100 1 10 12 1 10 12 1 10 12 1 1 1 1 1 1 1 1 1 1 1 1 1 1 1 1 1 1 1 1 1 1 1 1 1 1 1 1 100 1 1 1 1 1 1 1 1 1 1 1 1 1 1 1 1 1 1 1 1 1 100 1 1 1 1 1 1 1 1 1 1 100 1 1 1 1 1 1 1 1 1 1 1 1 1 1 1 1 1 1 1 1 1 1 1 1 1 1 1 1 1 1 1 1 1 1 1 1 1 1 1 1 1 100 1 1 1 1 1 1 1 1 1 1 1 1 1 1 1 1 1 1 1 7 1 1 1 1 1 1 1 1 1 1 1 1 1 1 1 1 1 1 1 1 1 1 1 1 1 1 1 1 1 1 1 1 1 1 1 1 1 1 1 1 1 1 1 1 1 1 1 1 1 1 100 1 1 1 1 1 1 1 1 1 1 1 1 1 1 1 1 1 1 1 1 1 1 1 1 1 1 1 1 1 1 1 1 1 1 1 1 1 1 1 1 1 1 1 1 1 1 16 1 15 10 12 16 1 16 15 10 12 16 1 16 1 15 10 12 16 15 10 12 16 15 10 12 16 15 10 100 12 1 1 1 1 1 100 1 100 1 1
staticfield java/lang/ClassLoader nocerts [Ljava/security/cert/Certificate; 0 [Ljava/security/cert/Certificate;
staticfield java/lang/ClassLoader $assertionsDisabled Z 1
ciInstanceKlass java/lang/reflect/Constructor 1 1 439 10 7 12 1 1 1 10 7 12 1 1 9 7 12 1 1 1 10 12 1 1 10 12 1 1 10 7 12 1 1 9 12 1 1 10 7 12 1 1 1 9 12 1 1 9 12 1 1 9 12 1 9 12 1 1 9 12 1 9 12 1 1 9 12 1 1 9 12 1 100 1 8 1 10 12 1 10 12 1 9 12 1 1 10 7 12 1 1 10 7 12 1 1 1 10 12 1 1 10 12 1 1 10 12 1 7 1 100 1 8 1 10 10 12 1 10 12 1 10 12 1 1 10 12 1 1 9 100 12 1 1 1 10 7 12 1 1 10 12 1 1 10 12 1 10 12 1 1 10 7 12 1 1 1 10 100 12 1 1 10 12 1 1 10 12 1 10 7 12 1 1 1 8 1 10 10 12 1 100 1 8 1 10 12 1 10 12 1 1 10 12 1 1 10 12 1 10 12 1 10 12 1 1 10 12 1 1 9 12 1 1 10 12 1 1 10 12 1 1 10 12 1 1 11 7 12 1 1 1 10 12 1 1 10 12 1 10 12 1 10 12 1 8 1 9 12 1 1 10 7 12 1 1 1 10 7 12 1 1 10 12 1 1 10 12 1 1 10 12 1 1 10 12 1 1 10 12 1 9 7 12 1 1 10 12 1 10 12 1 10 12 1 100 1 8 1 10 10 12 1 1 10 12 1 10 10 12 1 1 10 12 1 1 10 100 12 1 1 1 11 100 12 1 1 1 10 12 1 1 9 100 12 1 1 1 10 100 12 1 1 1 10 12 1 1 1 1 1 1 1 1 1 1 1 1 1 1 1 1 1 1 1 1 1 1 1 1 1 1 1 1 1 1 1 1 1 1 1 1 1 1 1 1 1 1 1 1 1 1 1 1 1 1 1 1 100 1 100 1 100 1 100 1 1 1 1 1 1 1 1 1 1 1 1 1 1 1 1 1 1 1 1 1 1 1 1 1 1 1 1 1 1 1 1 1 100 1 1
instanceKlass java/lang/reflect/Executable
instanceKlass java/lang/reflect/Field
ciInstanceKlass java/lang/reflect/AccessibleObject 1 1 400 10 7 12 1 1 1 9 100 12 1 1 1 10 7 12 1 1 1 10 7 12 1 1 10 7 12 1 1 1 10 7 12 1 1 1 10 12 1 1 10 12 1 1 9 12 1 1 7 1 10 7 12 1 1 1 11 12 1 7 1 10 12 1 7 1 100 1 10 12 1 10 12 1 1 10 12 1 1 10 12 1 1 10 12 1 1 7 1 10 7 12 1 1 1 10 12 1 1 11 10 7 12 1 1 1 10 12 1 1 10 12 1 10 12 1 10 12 1 1 10 12 1 8 1 7 1 7 1 10 10 12 1 1 8 1 10 12 1 10 12 1 8 1 8 1 8 1 8 1 8 1 8 1 8 1 8 1 8 1 7 1 10 12 1 10 12 1 9 12 1 1 10 12 1 1 10 12 1 10 7 1 100 1 8 1 10 8 1 10 12 1 8 1 10 12 1 10 12 1 1 10 100 1 8 1 10 11 7 12 1 1 1 10 12 1 1 10 12 1 1 10 12 1 1 9 12 1 1 100 1 10 12 1 7 1 10 12 1 10 12 1 1 10 100 1 10 12 1 10 12 10 12 1 10 12 1 10 12 1 1 10 12 1 9 12 1 10 7 12 1 1 8 1 10 7 12 1 1 1 8 1 10 7 12 1 1 1 9 12 1 7 1 10 7 1 10 10 7 12 1 1 1 7 1 10 10 7 12 1 1 1 7 1 9 12 1 1 1 1 1 1 1 1 1 1 1 1 1 1 1 1 1 1 1 1 1 1 1 1 1 1 1 1 1 1 1 1 1 1 1 1 1 1 1 1 1 1 1 1 1 1 1 1 1 1 1 1 1 1 1 1 1 1 1 1 1 1 1 1 1 1 1 1 1 1 1 1 1 1 1 1 1 1 1 1 1 1 1 1
staticfield java/lang/reflect/AccessibleObject reflectionFactory Ljdk/internal/reflect/ReflectionFactory; jdk/internal/reflect/ReflectionFactory
instanceKlass java/lang/reflect/Constructor
instanceKlass java/lang/reflect/Method
ciInstanceKlass java/lang/reflect/Executable 1 1 581 10 7 12 1 1 1 10 7 12 1 1 1 10 7 12 1 1 1 11 7 12 1 1 1 10 7 12 1 1 1 10 12 1 1 10 7 12 1 1 1 10 7 12 1 1 1 10 12 1 8 1 10 10 12 1 1 10 12 1 1 10 7 12 1 1 1 18 12 1 1 11 7 12 1 1 1 8 1 8 1 8 1 10 7 12 1 1 1 11 12 1 1 7 1 8 1 8 1 10 12 1 7 1 8 1 10 12 1 8 1 11 100 12 1 1 1 7 1 11 7 12 1 1 1 11 12 1 8 1 18 8 1 10 12 1 10 12 1 1 18 8 1 10 12 1 100 1 10 12 1 10 12 1 11 12 1 10 12 1 1 8 1 8 1 10 12 1 1 10 12 1 1 10 10 12 1 9 100 12 1 1 1 10 100 12 1 1 1 10 12 1 10 12 1 1 10 7 12 1 1 10 12 1 10 12 1 10 12 1 10 7 12 1 1 7 1 10 100 12 1 1 1 10 12 1 1 10 7 12 1 1 10 12 1 10 12 1 1 9 7 12 1 1 1 10 7 10 12 1 8 1 10 12 1 10 12 1 3 100 1 8 1 10 12 1 10 12 1 10 10 12 1 10 12 1 1 8 1 8 1 8 1 9 12 1 1 9 12 1 10 12 1 100 1 8 1 10 12 1 10 12 1 10 12 1 1 10 12 1 1 10 12 1 10 12 10 12 1 7 1 10 12 1 10 12 1 1 100 1 10 7 12 1 1 1 7 1 10 7 12 1 1 1 10 12 1 1 11 7 12 1 1 10 12 1 10 100 12 1 1 1 10 12 1 1 9 12 1 10 12 1 1 10 12 1 10 12 1 1 9 7 12 1 1 1 10 7 12 1 1 1 10 12 1 10 12 1 1 9 12 1 10 10 10 10 100 12 1 1 1 10 12 1 9 12 1 10 12 1 1 9 12 1 7 1 7 1 1 1 1 1 1 1 1 1 1 1 1 1 1 1 1 1 1 1 1 1 1 1 1 1 1 1 1 1 1 1 1 1 1 1 1 100 1 1 1 1 1 1 1 1 1 1 1 1 1 1 1 1 1 1 1 100 1 1 1 1 1 1 1 1 1 1 1 1 1 1 1 1 1 1 1 1 1 1 1 1 1 1 1 1 1 1 1 1 1 1 1 1 1 1 1 1 1 1 1 7 1 1 1 1 1 1 1 1 1 1 1 1 1 1 1 1 1 1 1 1 1 1 7 1 1 16 15 16 1 16 1 15 10 12 16 15 10 7 12 1 1 1 1 1 1 100 1 1 100 1 100 1 1
ciInstanceKlass java/lang/reflect/Member 1 1 37 100 1 10 12 1 1 100 1 100 1 1 1 1 3 1 3 1 1 1 1 1 1 1 1 1 1 1 1 1 1 1 1 1 1 1 1
instanceKlass com/sun/jna/internal/Cleaner$CleanerThread
instanceKlass org/eclipse/core/internal/jobs/InternalWorker
instanceKlass org/eclipse/core/internal/jobs/Worker
instanceKlass java/util/TimerThread
instanceKlass java/util/logging/LogManager$Cleaner
instanceKlass org/eclipse/osgi/framework/eventmgr/EventManager$EventThread
instanceKlass org/eclipse/equinox/launcher/Main$SplashHandler
instanceKlass java/util/concurrent/ForkJoinWorkerThread
instanceKlass jdk/internal/misc/InnocuousThread
instanceKlass java/lang/ref/Finalizer$FinalizerThread
instanceKlass java/lang/ref/Reference$ReferenceHandler
instanceKlass java/lang/BaseVirtualThread
ciInstanceKlass java/lang/Thread 1 1 870 10 7 12 1 1 1 9 12 1 1 10 7 12 1 1 10 12 1 10 100 12 1 1 100 1 8 1 10 12 1 1 9 12 1 9 12 1 1 9 12 1 1 7 1 10 12 1 1 10 12 1 10 7 12 1 1 1 10 12 9 12 1 1 10 12 1 7 1 10 12 1 100 1 8 1 10 9 7 12 1 1 1 10 12 1 1 10 12 1 1 10 12 1 1 10 12 1 10 12 1 1 3 8 1 7 1 5 0 10 7 12 1 1 1 9 12 1 10 12 1 1 10 7 12 1 1 1 10 7 12 1 1 1 10 12 1 1 10 12 1 1 9 12 1 1 10 7 1 8 1 10 7 1 10 12 1 9 12 1 1 10 7 12 1 1 1 10 10 12 1 1 9 100 12 1 1 1 10 12 1 1 10 12 1 1 10 7 12 1 1 10 12 1 10 12 1 10 7 12 1 1 9 12 1 10 7 12 1 1 1 10 12 1 1 9 12 1 1 9 12 1 1 10 7 12 1 1 1 9 12 1 1 10 100 12 1 1 10 100 12 1 1 1 10 12 1 10 12 1 10 7 12 1 1 9 12 1 8 1 9 7 12 1 1 9 12 1 1 5 0 100 1 10 100 1 10 100 1 10 7 1 10 8 1 10 12 1 1 10 7 12 1 10 12 1 10 12 1 100 1 8 1 10 10 12 1 10 12 1 1 10 100 12 1 1 1 10 100 12 1 1 1 10 12 1 7 1 9 12 1 1 100 1 10 10 12 1 9 12 1 1 10 12 1 1 10 12 1 1 10 12 1 10 12 1 9 12 1 1 10 10 12 1 1 10 12 1 1 11 7 12 1 1 10 7 12 1 1 9 12 1 9 12 1 1 9 12 1 1 10 100 12 1 1 10 12 1 1 9 7 12 1 1 1 10 7 12 1 1 10 12 1 10 12 1 100 1 10 10 12 9 12 1 1 10 12 1 11 100 12 1 1 10 12 1 10 12 1 10 12 1 9 12 1 10 10 12 1 10 12 1 1 9 12 1 9 12 10 12 1 8 1 10 12 1 10 12 1 10 12 1 10 12 1 10 12 1 1 10 12 1 10 12 1 1 10 12 1 10 12 1 10 12 1 10 12 1 10 12 1 1 9 7 12 1 1 1 8 1 10 9 12 1 10 12 1 7 1 8 1 10 10 12 1 8 1 10 12 1 1 9 12 10 12 8 1 10 10 12 1 10 12 1 8 1 10 12 1 10 8 1 10 100 12 1 1 10 12 1 1 100 1 8 1 10 9 12 1 9 12 1 1 10 12 1 1 10 10 12 1 10 12 1 100 10 7 12 1 1 1 9 12 1 10 12 1 1 10 12 1 1 10 100 12 1 1 1 11 7 12 1 1 1 9 100 12 1 1 1 10 100 12 1 1 1 7 1 10 12 1 100 1 10 12 1 10 12 1 1 10 12 1 1 8 1 9 12 1 10 12 1 10 12 1 1 11 7 12 1 1 1 10 12 1 1 1 1 3 1 3 1 3 1 3 1 1 1 1 1 1 1 1 1 1 1 1 1 1 1 1 1 1 1 1 1 7 1 1 1 1 1 1 1 1 1 1 1 1 1 1 1 1 1 1 1 1 1 1 7 1 1 1 1 1 1 1 1 1 1 1 1 1 1 1 1 7 1 7 1 1 1 1 1 1 1 1 1 1 1 1 1 1 1 1 1 1 1 1 1 1 1 1 1 1 1 1 1 1 1 1 1 1 1 1 1 1 1 1 1 1 1 1 1 1 1 1 1 1 1 1 1 1 1 1 1 1 1 1 1 1 1 1 1 1 1 1 1 1 1 1 1 1 1 1 100 100 1 1 1 1 1 1 1 1 1 1 1 1 1 1 1 1 1 1 1 1 1 1 1 1 1 1 100 1 100 1 100 1 100 1 100 1 1 100 1 1 1 1 1 1 1 1 1 1 1 1 1 1 1
staticfield java/lang/Thread NEW_THREAD_BINDINGS Ljava/lang/Object; java/lang/Class
staticfield java/lang/Thread EMPTY_STACK_TRACE [Ljava/lang/StackTraceElement; 0 [Ljava/lang/StackTraceElement;
ciInstanceKlass java/lang/Runnable 1 0 11 100 1 100 1 1 1 1 1 1 1
ciInstanceKlass java/net/URL 1 1 771 10 7 12 1 1 1 10 12 1 10 7 12 1 1 9 12 1 1 9 12 1 10 7 12 1 1 1 10 12 1 1 10 12 1 1 9 12 1 1 10 7 12 1 1 1 8 1 10 12 1 1 7 1 10 10 12 1 1 8 1 10 12 1 1 9 12 1 7 1 8 1 10 12 1 10 12 1 8 1 9 12 1 10 12 1 1 9 12 1 10 12 1 10 12 1 9 12 1 9 12 1 8 1 9 12 1 10 12 1 1 8 1 9 12 1 1 10 12 1 1 10 7 12 1 1 1 8 1 10 12 1 7 1 10 12 1 10 12 1 10 12 1 10 12 1 1 10 12 1 1 8 1 10 12 1 1 10 12 1 8 1 9 12 1 8 1 10 12 1 10 7 12 1 1 1 7 1 10 12 1 10 12 1 1 10 7 12 1 1 1 100 1 8 1 10 10 12 1 8 1 10 12 1 1 10 12 1 10 12 1 10 12 1 10 12 1 10 12 1 10 12 1 8 1 10 12 1 8 1 10 10 100 1 10 10 12 1 8 1 10 7 12 1 1 1 10 12 1 9 100 12 1 1 1 10 7 12 1 1 1 9 12 1 1 10 12 1 10 100 12 1 1 1 100 1 100 1 10 12 1 10 12 1 10 12 1 10 12 1 10 12 1 10 12 10 10 12 1 10 12 1 10 12 1 1 8 1 9 100 12 1 1 1 10 100 12 1 1 1 10 12 1 1 9 100 12 1 1 1 10 12 1 1 100 1 10 12 1 10 12 1 10 10 12 1 1 10 12 1 1 10 12 1 10 12 1 10 12 1 10 7 12 1 1 1 10 12 1 1 10 12 1 9 12 1 1 9 12 1 1 7 1 8 1 10 10 12 1 9 12 1 1 10 7 12 1 1 8 1 10 7 12 1 1 8 1 10 12 1 1 10 12 1 8 1 8 1 10 7 12 1 1 1 7 1 10 7 12 1 1 1 10 12 1 10 12 1 7 1 10 9 7 12 1 1 1 10 7 12 1 1 10 12 1 1 10 12 1 8 1 7 1 10 10 7 12 1 1 1 10 12 1 8 9 100 12 1 1 1 10 12 1 1 10 12 1 10 12 1 1 10 7 12 1 1 11 7 12 1 1 10 12 1 10 12 1 9 12 1 10 12 1 1 10 100 12 1 1 10 100 12 1 1 1 8 10 100 12 1 1 100 1 10 8 8 10 12 1 8 8 8 100 1 10 12 1 9 12 1 1 10 12 1 10 12 1 1 10 12 1 10 12 10 12 1 1 10 12 1 1 10 10 10 12 1 10 12 1 10 12 1 10 12 1 10 12 1 10 10 12 1 100 1 8 1 10 10 10 12 1 1 10 12 1 10 12 1 1 8 1 7 1 10 10 7 1 10 12 1 9 7 12 1 1 1 9 12 1 1 7 1 10 10 7 12 1 1 1 7 1 1 1 1 1 5 0 1 1 1 1 1 1 1 1 1 1 1 1 1 1 1 1 1 1 1 1 1 1 1 1 1 1 1 1 1 1 1 1 1 1 1 1 1 1 1 1 1 1 1 1 1 1 1 1 7 1 1 1 1 1 1 1 1 1 1 1 1 1 1 1 1 1 1 1 1 1 1 1 1 1 1 1 1 1 1 1 1 1 1 1 1 1 100 1 1 1 1 1 1 1 1 1 1 1 1 1 1 1 1 1 100 1 1 1 1 1 1 1 1 1 1 1 1 1 1 1 1 1 1 1
staticfield java/net/URL defaultFactory Ljava/net/URLStreamHandlerFactory; java/net/URL$DefaultFactory
staticfield java/net/URL streamHandlerLock Ljava/lang/Object; java/lang/Object
staticfield java/net/URL serialPersistentFields [Ljava/io/ObjectStreamField; 7 [Ljava/io/ObjectStreamField;
ciMethod java/lang/System arraycopy (Ljava/lang/Object;ILjava/lang/Object;II)V 256 0 128 0 -1
ciInstanceKlass java/lang/Module 1 1 1070 10 7 12 1 1 1 9 7 12 1 1 1 10 7 12 1 1 1 9 12 1 9 12 1 1 9 12 1 1 10 12 1 1 10 12 1 10 12 1 1 10 7 12 1 1 1 7 1 10 7 12 1 1 1 10 12 1 1 11 7 12 1 1 1 10 12 1 1 10 7 12 1 1 1 10 12 1 1 10 7 12 1 1 1 9 100 12 1 1 1 10 7 12 1 1 1 10 12 1 8 1 10 7 12 1 1 1 10 7 12 1 1 1 10 7 12 1 1 1 10 12 1 10 12 1 9 12 1 1 10 100 12 1 1 100 1 7 1 10 8 1 10 12 1 1 10 12 1 10 12 10 12 1 10 7 12 1 1 8 1 8 1 10 8 1 8 1 9 12 1 1 8 1 10 100 12 1 1 1 10 12 1 9 12 1 1 11 12 1 9 7 12 1 1 10 7 12 1 1 1 10 7 12 1 1 1 10 12 1 1 8 1 10 12 1 1 10 12 1 10 12 1 1 9 7 12 1 1 1 10 12 1 1 10 12 1 1 9 12 1 10 12 1 10 12 1 9 12 1 1 11 7 12 1 1 10 12 1 1 9 12 1 9 12 1 10 12 1 10 12 1 100 1 8 1 10 10 12 1 1 10 12 1 8 1 10 12 1 1 8 1 8 1 10 12 1 1 10 12 1 10 12 1 1 18 12 1 1 10 12 1 1 11 12 1 9 12 1 11 12 10 100 12 1 1 100 1 8 1 10 11 12 1 1 10 7 12 1 1 1 10 12 1 10 12 1 1 11 12 1 1 11 7 12 1 1 11 12 1 1 9 12 1 11 12 1 10 12 1 1 10 12 1 1 9 12 1 10 12 10 7 12 1 1 10 7 1 18 12 1 1 11 100 12 1 1 1 18 12 1 11 12 1 1 10 100 12 1 1 1 11 12 1 1 10 7 12 1 1 7 1 11 12 1 7 1 7 1 10 12 1 10 7 12 1 1 1 10 11 7 12 1 8 1 10 10 12 1 1 10 7 12 1 1 10 12 1 10 12 1 7 1 10 12 1 10 11 12 1 1 10 12 10 12 1 1 9 12 1 1 100 1 10 10 12 1 1 11 7 1 10 12 1 1 11 12 1 10 10 12 1 11 10 12 1 1 10 12 1 1 10 12 1 1 10 7 12 1 1 10 12 1 10 12 1 1 10 10 12 1 1 10 12 1 18 12 1 11 12 1 18 12 1 10 12 1 10 12 1 10 12 7 1 10 12 1 10 12 1 10 12 1 9 12 1 7 1 10 10 10 10 12 1 10 12 1 10 12 1 10 12 1 1 10 12 1 1 10 12 1 9 12 1 18 12 1 1 10 7 12 1 1 1 100 1 8 1 10 12 1 1 10 12 1 1 10 7 12 1 1 7 1 10 12 1 1 7 1 8 1 10 12 1 1 100 1 11 12 1 1 10 100 12 1 1 1 18 12 1 1 11 100 12 1 1 1 100 1 10 12 1 10 12 1 1 7 1 7 1 10 12 8 1 10 12 1 1 10 12 1 1 10 7 12 1 1 10 12 1 1 10 12 1 10 12 10 12 1 1 7 1 10 10 12 1 1 10 7 12 1 1 1 100 1 10 12 1 1 10 7 12 1 1 8 1 18 12 1 1 100 1 100 1 9 12 1 1 9 12 1 9 12 1 11 100 12 1 1 1 100 1 11 12 1 1 100 1 10 12 1 8 1 10 12 1 10 12 10 12 1 8 1 10 10 100 12 1 1 7 1 10 10 12 1 10 7 12 1 1 9 12 1 9 12 1 9 12 1 9 12 1 10 12 11 12 1 10 12 1 7 1 1 1 1 1 1 1 1 1 1 1 1 1 1 1 1 1 1 1 100 1 1 1 1 1 1 1 1 1 1 1 1 1 1 1 1 1 1 1 1 1 1 1 1 1 1 1 1 1 1 1 1 1 1 1 1 1 1 1 1 1 1 1 1 1 1 1 1 1 1 1 1 1 1 1 1 1 1 1 1 1 1 1 1 1 1 1 1 1 1 1 1 1 1 1 1 1 1 1 1 1 1 1 1 1 1 1 1 1 1 1 1 1 1 1 100 100 1 1 1 1 1 1 1 1 1 1 1 1 1 1 1 1 1 1 1 1 1 1 1 1 1 1 1 100 1 7 1 1 1 1 1 1 1 1 1 1 1 1 1 1 1 1 1 1 1 1 100 1 1 1 1 1 1 1 1 1 1 1 1 1 1 1 1 1 1 1 1 1 1 1 16 15 10 12 16 16 15 10 12 16 16 15 10 16 1 15 10 12 16 1 15 10 12 16 1 16 15 10 12 16 16 1 15 10 12 16 15 10 7 12 1 1 1 15 10 100 12 1 1 1 1 1 1 1 1 1 1 1 100 1 100 1 1 100 1 100 1 1
staticfield java/lang/Module ALL_UNNAMED_MODULE Ljava/lang/Module; java/lang/Module
staticfield java/lang/Module ALL_UNNAMED_MODULE_SET Ljava/util/Set; java/util/ImmutableCollections$Set12
staticfield java/lang/Module EVERYONE_MODULE Ljava/lang/Module; java/lang/Module
staticfield java/lang/Module EVERYONE_SET Ljava/util/Set; java/util/ImmutableCollections$Set12
staticfield java/lang/Module $assertionsDisabled Z 1
ciInstanceKlass java/lang/Math 1 1 460 7 1 10 7 12 1 1 1 10 7 12 1 1 1 10 12 1 10 12 1 10 12 1 10 12 1 10 12 1 6 0 6 0 10 12 1 10 12 1 10 12 1 10 12 1 10 12 1 10 12 1 1 10 12 1 10 12 1 10 12 1 10 12 1 10 12 1 10 7 12 1 1 1 100 1 3 3 3 10 7 12 1 1 1 100 1 5 0 5 0 5 0 5 0 5 0 9 100 12 1 1 1 10 100 12 1 1 1 100 1 8 1 10 12 1 8 1 10 12 1 1 10 12 1 1 7 1 5 0 5 0 7 1 3 5 0 3 5 0 10 12 1 10 12 1 10 12 1 10 12 1 10 12 1 8 1 10 12 1 8 1 10 12 1 1 10 12 1 1 9 12 1 1 9 12 1 100 1 7 1 10 10 12 1 1 8 1 10 12 1 10 12 1 1 10 10 12 1 10 12 1 10 12 1 10 12 1 1 8 1 8 1 10 12 1 1 10 12 1 10 12 10 12 10 12 1 10 12 1 10 12 1 10 12 1 10 12 6 0 10 12 1 9 12 1 1 100 1 10 10 12 1 100 1 10 12 1 10 12 1 1 10 12 1 10 12 1 10 12 10 12 1 1 10 12 1 1 10 12 1 1 10 12 6 0 10 12 1 1 10 12 10 12 1 4 10 12 1 10 12 1 10 12 10 12 1 10 12 1 10 12 1 10 12 1 10 12 1 10 12 1 5 0 6 0 4 6 0 4 6 0 4 10 12 1 9 12 1 1 10 12 9 12 1 10 7 12 1 1 1 4 6 0 1 1 6 0 1 6 0 1 6 0 1 1 1 1 1 1 1 1 1 1 1 1 1 1 1 1 1 1 1 1 1 1 1 1 1 1 1 1 1 1 1 1 1 1 1 1 1 1 1 1 1 1 1 1 1 1 1 1 1 1 1 1 1 1 1 1 1 1 1 1 1 1 1 1 1 1 1 1 1 1 1 1 1 1 1 1 1 1 1 1 1 1 1 1 1 1 1 1 1 1 1 1 1 1 1 1
staticfield java/lang/Math negativeZeroFloatBits J -2147483648
staticfield java/lang/Math negativeZeroDoubleBits J -9223372036854775808
staticfield java/lang/Math $assertionsDisabled Z 1
ciInstanceKlass jdk/internal/util/ArraysSupport 1 1 378 7 1 7 1 8 1 10 12 1 1 10 12 1 1 10 7 12 1 1 9 7 12 1 1 1 9 12 1 1 10 7 12 1 1 1 9 12 1 1 10 7 12 1 1 1 9 12 1 10 12 9 12 1 10 12 1 1 10 12 7 1 10 12 1 1 10 12 1 100 1 10 12 1 1 10 12 100 1 10 12 1 100 1 10 12 1 100 1 7 1 10 8 1 10 12 1 1 10 12 1 10 12 1 1 10 9 12 1 1 11 100 12 1 1 1 9 12 1 9 12 1 10 12 1 1 9 12 1 9 12 1 9 12 1 9 12 1 9 12 1 9 12 1 9 12 1 10 12 1 1 10 7 12 1 1 1 9 12 1 9 12 1 10 12 1 1 10 12 1 9 12 1 10 12 1 10 7 12 1 1 1 9 12 1 9 12 1 10 12 1 10 12 1 10 7 12 1 1 1 3 10 12 1 7 1 8 1 8 1 8 1 10 10 100 12 1 1 1 11 7 12 1 1 1 10 12 1 10 7 12 1 1 1 10 12 1 1 10 12 1 1 9 12 1 10 12 1 9 12 1 9 12 1 9 12 1 9 12 1 9 12 1 9 12 1 9 12 1 7 1 10 7 12 1 1 1 1 1 3 1 3 1 3 1 3 1 3 1 3 1 3 1 3 1 1 1 1 1 1 1 1 1 1 1 1 1 1 1 1 1 1 1 1 1 1 1 1 1 1 1 1 1 1 1 1 1 1 1 1 1 1 1 1 1 1 1 1 1 1 1 1 1 1 1 1 1 1 1 1 1 1 1 1 1 1 1 1 1 1 1 1 1 1 1 1 1 1 1 1 1 1 1 100 1 1 1 1
staticfield jdk/internal/util/ArraysSupport U Ljdk/internal/misc/Unsafe; jdk/internal/misc/Unsafe
staticfield jdk/internal/util/ArraysSupport BIG_ENDIAN Z 0
staticfield jdk/internal/util/ArraysSupport LOG2_ARRAY_BOOLEAN_INDEX_SCALE I 0
staticfield jdk/internal/util/ArraysSupport LOG2_ARRAY_BYTE_INDEX_SCALE I 0
staticfield jdk/internal/util/ArraysSupport LOG2_ARRAY_CHAR_INDEX_SCALE I 1
staticfield jdk/internal/util/ArraysSupport LOG2_ARRAY_SHORT_INDEX_SCALE I 1
staticfield jdk/internal/util/ArraysSupport LOG2_ARRAY_INT_INDEX_SCALE I 2
staticfield jdk/internal/util/ArraysSupport LOG2_ARRAY_LONG_INDEX_SCALE I 3
staticfield jdk/internal/util/ArraysSupport LOG2_ARRAY_FLOAT_INDEX_SCALE I 2
staticfield jdk/internal/util/ArraysSupport LOG2_ARRAY_DOUBLE_INDEX_SCALE I 3
staticfield jdk/internal/util/ArraysSupport LOG2_BYTE_BIT_SIZE I 3
staticfield jdk/internal/util/ArraysSupport JLA Ljdk/internal/access/JavaLangAccess; java/lang/System$2
ciInstanceKlass java/lang/Character 1 1 604 7 1 7 1 100 1 9 12 1 1 8 1 9 12 1 1 7 1 9 12 1 1 10 7 12 1 1 1 10 100 12 1 1 1 10 100 12 1 1 1 10 7 12 1 1 1 9 7 12 1 1 1 10 12 1 10 12 1 1 10 12 1 1 10 7 12 1 1 10 12 1 1 3 3 3 3 3 10 12 1 1 10 12 1 3 11 7 12 1 1 1 11 12 1 1 10 12 1 1 10 12 1 1 100 1 10 10 12 1 3 10 12 1 1 10 12 1 10 12 1 1 100 1 8 1 10 12 1 1 10 12 1 10 12 1 10 12 1 10 100 12 1 1 1 10 12 1 10 12 1 10 12 1 1 10 12 1 10 7 12 1 1 10 10 12 1 10 10 12 1 10 12 1 1 10 12 1 10 10 12 1 10 12 1 10 12 1 10 12 1 10 12 1 10 12 1 10 12 1 10 12 10 10 12 10 10 12 1 10 10 12 1 10 10 12 1 10 10 12 1 10 12 1 10 12 1 10 12 1 10 12 1 10 12 1 10 12 1 10 10 12 1 10 10 12 1 10 10 12 1 1 10 10 12 1 10 5 0 10 12 1 10 12 1 10 10 12 1 10 10 12 1 1 10 10 12 1 10 10 12 1 9 12 1 1 100 1 10 10 12 1 10 12 1 1 3 10 100 12 1 1 1 10 12 1 10 100 12 1 1 7 1 10 10 12 1 1 10 12 1 1 10 12 1 1 8 1 10 12 1 9 100 12 1 1 1 10 12 1 10 10 12 1 10 12 1 1 10 12 1 10 10 12 1 1 10 10 12 1 1 7 1 8 1 10 12 1 1 10 7 12 1 1 1 8 1 10 12 1 1 9 12 1 1 7 1 7 1 7 1 1 1 1 3 1 3 1 3 1 3 1 1 1 1 1 3 1 1 3 1 3 1 3 1 3 1 3 1 3 1 3 1 3 1 3 1 3 1 3 1 3 1 3 1 3 1 3 1 3 1 3 1 3 1 3 1 3 1 3 1 3 1 3 1 3 1 3 1 3 1 3 1 3 1 1 1 1 1 1 1 1 1 1 1 1 1 1 1 1 1 1 1 3 1 1 1 1 1 1 1 3 1 1 3 1 1 1 1 1 3 1 1 5 0 1 1 1 1 1 1 1 1 1 1 1 1 1 1 1 1 1 1 1 1 1 1 1 1 1 1 1 1 1 1 1 1 1 1 1 1 1 1 1 1 1 1 1 1 1 1 1 1 1 1 1 1 1 1 1 1 1 1 1 1 1 1 1 1 1 1 1 1 1 1 1 1 1 1 1 1 1 1 1 1 1 1 1 1 1 1 1 1 1 1 100 1 100 1 1 1 1 1 1
staticfield java/lang/Character TYPE Ljava/lang/Class; java/lang/Class
staticfield java/lang/Character $assertionsDisabled Z 1
ciInstanceKlass java/util/Arrays 1 1 1029 10 7 12 1 1 1 10 7 12 1 1 1 10 7 12 1 1 1 10 12 1 10 12 1 10 12 1 10 12 1 10 12 1 10 12 1 10 100 12 1 1 1 100 1 7 1 10 8 1 10 12 1 1 10 12 1 8 1 8 1 10 12 1 1 10 12 1 100 1 10 12 1 9 100 12 1 1 1 10 7 12 1 1 100 1 10 12 1 1 10 7 12 1 1 10 7 12 1 1 1 100 1 10 12 1 10 12 1 1 7 1 9 7 12 1 1 1 10 12 1 1 10 7 12 1 1 10 12 1 10 12 1 1 10 12 1 10 12 1 1 7 1 11 12 1 1 10 12 1 10 7 12 1 1 1 10 12 10 12 1 10 12 1 10 12 10 12 1 11 7 12 1 1 1 10 7 12 1 1 1 100 1 10 12 1 10 100 1 10 12 1 10 100 1 10 12 1 10 100 1 10 12 1 10 10 12 1 1 10 12 1 10 12 1 10 12 1 10 12 1 10 12 1 10 7 12 1 1 1 10 12 1 10 7 12 1 1 1 10 12 1 10 12 1 10 7 12 1 1 1 10 12 1 10 12 1 10 12 1 10 12 1 10 12 1 10 12 1 10 12 1 10 12 1 10 12 1 10 12 1 10 12 1 10 12 1 10 12 1 10 12 1 10 12 1 10 12 1 1 10 12 1 1 10 7 12 1 1 1 10 7 1 10 100 1 10 7 1 10 100 1 10 7 1 10 100 1 10 100 1 10 100 1 10 12 1 8 1 10 12 1 1 10 12 1 1 10 12 1 1 10 12 1 1 10 12 1 1 10 12 1 1 10 12 1 1 10 12 1 1 10 12 1 1 7 1 10 12 10 12 1 1 10 12 1 10 12 1 1 10 12 1 1 9 7 12 1 1 1 10 12 1 9 7 1 10 12 1 9 7 1 10 12 1 9 7 1 10 12 1 9 7 1 10 12 1 9 7 1 10 12 1 9 10 12 1 10 12 1 10 12 1 9 12 1 100 1 10 10 12 1 1 10 12 1 10 12 1 10 12 1 10 12 1 10 12 1 10 12 1 10 12 1 10 12 1 10 12 1 8 1 8 1 10 12 1 10 12 1 8 1 10 12 1 10 12 1 10 12 1 10 7 12 1 1 1 3 10 100 1 10 10 12 1 1 11 100 12 1 1 10 12 1 1 10 12 1 10 12 1 10 12 1 10 12 1 10 12 1 10 12 1 10 12 1 10 12 1 11 12 1 8 1 10 11 12 1 11 7 12 1 1 1 11 100 12 1 1 1 11 12 1 1 18 12 1 1 11 12 1 1 11 100 12 1 1 1 18 12 1 11 100 12 1 1 1 18 12 1 11 100 12 1 1 1 18 12 1 100 1 10 7 12 1 1 1 10 12 1 10 12 1 10 12 1 10 12 1 10 12 1 10 12 1 10 12 1 10 12 1 1 10 12 1 10 7 12 1 1 10 12 1 10 12 1 10 12 1 1 10 12 1 10 12 1 10 12 1 1 10 12 1 10 12 1 10 12 1 1 10 12 1 10 12 1 10 12 1 10 12 1 10 12 10 12 1 10 12 10 12 10 12 1 10 12 10 12 1 10 12 1 10 12 1 1 1 1 3 1 3 1 1 1 1 1 1 1 1 1 1 1 1 1 1 1 1 1 1 1 1 1 1 1 1 1 1 1 1 1 1 1 1 1 1 1 1 1 1 1 1 1 1 1 1 1 1 1 1 1 1 1 1 1 1 1 1 1 1 1 1 1 1 1 1 1 1 1 1 1 1 1 1 1 1 1 1 1 1 1 1 1 1 1 1 1 1 1 1 1 1 1 1 1 1 1 1 1 1 1 1 1 1 1 1 1 1 1 1 1 1 1 1 1 1 1 1 1 1 1 1 1 1 1 1 1 1 1 1 1 1 1 1 1 1 1 1 1 1 1 1 1 1 1 1 1 1 1 1 1 1 1 1 1 1 1 1 1 1 1 1 1 1 1 1 1 1 1 1 1 1 1 1 1 1 1 1 1 1 1 1 1 1 1 1 1 1 1 1 1 1 1 1 1 1 1 1 1 1 1 1 1 1 1 1 1 1 1 1 1 1 1 1 1 1 1 1 1 1 1 1 1 1 1 1 1 1 1 1 1 1 1 1 1 1 1 1 1 1 1 1 1 1 1 1 1 1 1 1 1 1 1 1 1 1 100 1 1 16 15 10 12 15 10 12 15 10 12 15 10 12 15 10 100 12 1 1 1 1 1 100 1 100 1 1 1 1 100 1 1 1 1 1 1 100 1 1 100 1 1 100 1 1 1 100 1 100 1 1
staticfield java/util/Arrays $assertionsDisabled Z 1
ciInstanceKlass java/lang/OutOfMemoryError 1 1 26 10 100 12 1 1 1 10 12 1 100 1 1 1 1 5 0 1 1 1 1 1 1 1 1 1
ciInstanceKlass java/lang/Integer 1 1 453 7 1 7 1 7 1 7 1 10 12 1 1 9 12 1 1 9 12 1 1 10 100 12 1 1 1 10 12 1 1 10 100 12 1 1 1 10 10 12 1 1 10 7 12 1 1 1 10 12 1 10 12 1 1 10 7 12 1 1 1 10 12 1 1 10 12 1 1 10 12 1 10 12 1 10 12 1 1 10 10 12 1 9 12 1 1 9 12 1 7 1 8 1 10 12 1 7 1 10 12 1 8 1 10 12 1 1 10 12 1 8 1 10 12 1 8 1 10 12 1 1 3 10 12 1 1 3 10 12 1 1 10 12 1 1 10 7 12 1 1 1 11 7 1 10 12 1 1 11 10 12 1 1 8 1 10 12 1 1 8 1 7 1 10 12 1 1 10 12 1 1 5 0 8 1 10 12 1 10 12 1 10 12 1 10 12 1 1 7 1 9 12 1 1 9 12 1 1 10 12 1 10 7 1 9 12 1 10 12 1 10 12 1 10 12 1 1 10 7 12 1 1 1 100 1 100 1 10 12 1 1 10 12 1 1 8 1 8 1 10 12 1 1 8 1 8 1 8 1 8 1 8 1 8 1 10 12 1 10 12 1 5 0 3 3 3 3 10 12 1 10 12 1 3 10 12 1 10 100 12 1 1 1 10 12 1 1 10 12 1 1 8 1 10 7 12 1 1 1 9 12 1 1 7 1 7 1 7 1 1 1 1 3 1 1 1 3 1 3 1 1 5 0 1 1 1 1 1 1 1 1 1 100 1 1 1 1 1 1 1 1 1 1 1 1 1 1 1 1 1 1 1 1 1 1 1 1 1 1 1 1 1 1 1 1 1 1 1 1 1 1 1 1 3 1 1 1 1 1 1 1 1 1 1 1 1 1 1 1 1 7 1 1 1 1 1 1 1 1 1 1 1 1 1 1 1 1 1 1 1 1 1 1 1 1 1 1 1 1 1 1 1 1 1 1 1 1 1 1 1 1 1 1 1 1 1 1 7 1 1 1 1 1 1 1 1 1 100 1 100 1 1
staticfield java/lang/Integer TYPE Ljava/lang/Class; java/lang/Class
staticfield java/lang/Integer digits [C 36
staticfield java/lang/Integer DigitTens [B 100
staticfield java/lang/Integer DigitOnes [B 100
instanceKlass java/math/BigDecimal
instanceKlass com/google/gson/internal/LazilyParsedNumber
instanceKlass com/sun/jna/IntegerType
instanceKlass java/util/concurrent/atomic/Striped64
instanceKlass java/math/BigInteger
instanceKlass java/util/concurrent/atomic/AtomicLong
instanceKlass java/util/concurrent/atomic/AtomicInteger
instanceKlass java/lang/Long
instanceKlass java/lang/Integer
instanceKlass java/lang/Short
instanceKlass java/lang/Byte
instanceKlass java/lang/Double
instanceKlass java/lang/Float
ciInstanceKlass java/lang/Number 1 1 37 10 7 12 1 1 1 10 100 12 1 1 1 100 1 1 1 1 5 0 1 1 1 1 1 1 1 1 1 1 1 1 1 1 1 1 1
ciMethod java/lang/Integer intValue ()I 258 0 129 0 -1
ciInstanceKlass java/lang/Thread$FieldHolder 1 1 48 10 7 12 1 1 1 9 7 12 1 1 1 9 12 1 1 9 12 1 1 9 12 1 1 9 12 1 1 1 1 1 1 1 1 1 1 100 1 100 1 1 1 1 100 1 1 1
ciInstanceKlass java/lang/Thread$Constants 0 0 59 7 1 10 7 12 1 1 1 100 1 10 10 7 12 1 1 1 7 1 8 1 10 12 1 9 7 12 1 1 1 7 1 7 1 10 12 1 10 12 1 9 12 1 1 1 1 1 1 1 1 1 1 1 1 1 1 1 1
ciInstanceKlass java/lang/ThreadGroup 1 1 411 10 7 12 1 1 1 9 7 12 1 1 1 8 1 9 12 1 1 7 1 9 12 1 1 9 12 1 1 10 7 12 1 1 1 10 12 1 1 10 12 1 10 12 1 10 12 1 10 12 1 1 10 12 1 1 10 12 1 10 12 1 1 10 12 1 10 12 1 10 100 12 1 1 1 10 12 1 1 18 12 1 1 11 7 12 1 1 1 10 7 12 1 1 1 10 7 12 1 10 12 1 1 10 12 1 1 10 12 1 1 10 100 12 1 1 1 10 12 1 11 12 1 1 11 7 12 1 1 11 12 1 1 10 12 1 1 10 12 1 10 12 1 11 12 1 11 12 1 1 100 1 10 10 12 1 100 1 10 18 12 1 1 11 7 12 1 1 1 11 12 1 1 9 12 1 1 10 12 1 1 8 1 10 7 12 1 1 1 10 100 12 1 1 1 10 12 1 1 11 12 10 12 1 1 10 12 1 1 11 7 1 9 12 1 7 1 10 8 1 10 12 1 1 10 12 1 1 8 1 10 12 1 10 7 12 1 1 1 10 12 1 1 10 7 1 8 1 10 8 1 10 12 1 10 12 1 8 1 9 12 1 1 9 12 1 10 100 12 1 1 1 100 9 12 1 1 7 1 9 12 1 10 12 10 12 1 1 100 10 12 9 12 1 10 12 1 100 1 10 11 12 1 1 7 1 10 10 12 1 10 12 1 1 1 1 1 1 1 1 1 1 1 1 1 1 1 1 1 1 3 1 1 1 1 1 1 1 1 1 1 1 1 100 1 1 1 1 1 1 1 1 1 1 1 1 1 1 1 1 1 1 1 1 1 1 1 1 1 1 1 1 1 1 1 1 1 1 1 1 1 1 1 1 1 1 1 16 15 10 12 16 16 15 10 12 16 15 10 100 12 1 1 1 1 1 100 1 100 1 1
staticfield java/lang/ThreadGroup $assertionsDisabled Z 1
ciInstanceKlass java/lang/Thread$UncaughtExceptionHandler 1 0 16 100 1 100 1 1 1 1 1 1 1 1 100 1 1 1
ciInstanceKlass java/security/AccessControlContext 1 1 374 9 7 12 1 1 1 9 12 1 1 10 100 12 1 1 1 8 1 10 100 12 1 1 1 10 7 12 1 1 1 9 12 1 9 12 1 1 9 12 1 1 10 7 12 1 1 7 1 10 12 1 11 7 12 1 1 1 11 12 1 11 12 1 11 12 1 1 7 1 11 12 1 1 10 12 1 10 7 12 1 1 1 9 100 12 1 1 1 10 7 12 1 1 1 11 100 12 1 1 1 10 7 1 100 1 8 1 10 12 1 10 12 1 1 7 1 10 7 12 1 1 1 9 12 1 9 12 1 9 12 1 9 12 1 1 9 12 1 1 9 12 1 9 12 1 10 7 12 1 1 1 9 12 1 10 12 1 1 10 12 1 1 8 1 10 12 1 1 10 12 1 1 10 7 12 1 1 1 7 1 10 10 12 1 1 10 7 12 1 1 1 10 8 1 10 7 12 1 1 8 1 10 7 12 1 1 8 1 8 1 10 12 1 8 1 10 12 1 8 1 10 12 1 10 12 1 10 12 1 1 8 1 8 1 100 1 10 12 1 10 12 1 1 100 1 10 12 1 8 1 10 12 1 10 12 1 10 8 1 10 12 1 1 10 12 1 1 10 12 1 1 10 12 1 1 10 12 1 10 12 1 11 10 12 1 10 12 1 1 10 10 10 12 1 1 1 1 1 1 1 1 1 1 1 1 1 1 1 1 1 1 1 1 1 1 1 1 100 1 1 1 1 1 1 1 1 1 1 1 1 1 1 1 1 1 1 1 1 1 1 1 1 1 1 1 1 1 1 1 1 1 1 1 1 1 1 1 1 1 1 1 1 1 1 1 1 1 1 1 1 3 1 1
instanceKlass java/lang/ThreadBuilders$BoundVirtualThread
instanceKlass java/lang/VirtualThread
ciInstanceKlass java/lang/BaseVirtualThread 0 0 36 10 100 12 1 1 1 100 1 1 1 1 1 1 1 1 1 1 1 1 1 1 1 1 1 1 1 1 100 1 100 1 1 100 1 1
ciInstanceKlass java/lang/VirtualThread 0 0 907 9 7 12 1 1 1 10 7 12 1 1 1 10 100 12 1 1 1 10 7 12 1 1 1 9 12 1 1 9 12 1 1 100 1 10 12 1 9 12 1 1 18 12 1 1 9 12 1 1 10 12 1 1 100 1 10 12 1 10 12 1 1 10 12 1 1 10 12 1 1 10 12 1 10 7 12 1 10 12 1 10 12 1 10 12 1 10 12 1 11 100 12 1 1 1 100 1 10 12 1 1 10 100 12 1 1 1 10 100 12 1 1 1 10 12 1 100 1 10 10 12 1 10 12 1 1 9 12 1 1 10 12 1 1 9 12 1 1 10 12 1 9 12 1 1 9 12 1 100 1 10 10 12 1 10 100 12 1 1 10 9 10 10 12 1 1 10 12 1 1 10 100 12 1 1 10 100 1 10 9 10 10 12 1 7 1 10 12 1 1 10 12 1 10 12 1 10 12 1 1 9 12 1 10 12 1 10 12 1 9 12 1 1 10 12 1 10 12 1 9 12 1 1 10 12 1 10 12 1 10 12 1 11 100 12 1 1 10 12 1 1 10 12 1 1 10 12 1 1 9 12 1 10 100 1 10 12 1 1 10 12 1 1 10 12 1 10 12 1 10 12 1 10 12 9 12 1 1 10 100 12 1 1 10 12 1 10 12 1 1 10 100 12 1 1 10 12 1 100 1 8 1 10 12 1 10 12 1 1 10 12 1 10 12 1 10 100 12 1 1 10 12 1 10 12 1 1 10 12 1 10 12 1 1 10 7 12 1 1 10 12 1 1 10 12 1 1 100 1 10 10 12 1 7 1 9 12 1 1 10 7 12 1 1 10 9 12 1 1 18 9 100 12 1 1 1 11 100 12 1 1 1 11 100 1 11 12 10 12 1 10 12 1 1 10 12 1 100 1 10 10 12 1 10 12 1 1 10 12 1 1 10 12 1 10 12 1 10 12 1 9 12 1 1 11 100 12 1 1 10 12 9 100 12 1 1 1 9 12 1 10 12 1 1 9 12 1 9 12 1 9 12 1 7 1 10 10 12 1 1 10 12 1 10 12 7 1 7 1 10 8 1 10 12 1 1 10 12 1 10 12 1 10 10 12 1 8 1 10 10 12 1 10 12 1 10 7 12 1 1 8 1 8 1 10 9 100 12 1 1 1 10 12 1 1 10 12 1 10 10 10 12 9 12 1 10 12 1 1 9 12 1 10 12 1 1 9 12 1 10 12 1 1 18 12 1 1 18 12 1 10 7 12 1 1 1 8 1 10 100 12 1 1 1 10 7 12 1 1 1 18 12 1 10 100 12 1 1 1 100 1 10 12 1 8 1 10 12 1 8 1 10 12 1 1 8 1 8 1 10 100 12 1 1 8 1 10 12 1 8 1 8 1 10 100 12 1 1 1 10 12 1 10 12 1 1 10 12 1 18 12 1 1 18 12 1 1 5 0 9 12 1 10 12 1 18 12 1 100 1 10 12 10 7 12 1 1 10 12 1 1 7 1 8 1 10 10 12 1 10 12 1 1 10 12 1 9 12 1 8 10 12 1 1 8 8 9 12 1 8 10 12 1 1 3 1 3 1 3 1 3 1 3 1 3 1 3 1 3 1 3 1 3 1 3 1 3 3 1 3 1 1 1 1 1 1 1 1 1 1 1 1 1 1 7 1 1 1 1 1 1 1 1 1 1 1 1 1 1 7 1 1 1 1 1 1 1 1 1 1 1 7 1 1 1 1 1 1 1 1 1 1 1 1 1 1 1 1 1 1 1 1 1 1 1 1 1 1 1 1 1 1 1 1 1 1 1 1 1 1 1 100 1 1 1 1 1 1 1 1 1 1 1 1 1 1 1 1 1 1 1 1 1 1 1 1 1 1 1 1 1 1 1 1 1 1 1 100 1 1 1 1 1 1 1 1 1 1 1 1 1 1 100 1 1 16 15 10 12 15 16 15 10 12 16 15 10 12 16 16 15 10 12 16 15 10 12 16 15 10 12 16 15 10 12 16 1 15 10 100 12 1 1 1 1 1 1 1 7 1 1 100 1 100 1 1
ciInstanceKlass java/lang/ThreadBuilders$BoundVirtualThread 0 0 132 10 7 12 1 1 1 9 7 12 1 1 1 10 7 12 1 1 1 9 12 1 1 10 12 1 1 10 12 1 1 9 12 1 1 10 7 12 1 1 1 10 12 1 1 7 1 8 1 10 12 1 10 12 1 1 10 12 1 1 10 12 1 1 10 7 12 1 1 1 8 1 10 12 1 8 1 10 12 1 1 10 100 12 1 1 9 100 12 1 1 1 10 12 1 1 10 10 12 1 1 1 1 1 1 1 1 1 1 1 1 1 1 1 1 1 1 1 1 1 1 1 1 1 1 1 1 100 1 1 1 1
ciInstanceKlass jdk/internal/vm/ContinuationScope 0 0 50 10 100 12 1 1 1 10 100 12 1 1 1 100 1 9 100 12 1 1 1 10 12 1 1 10 100 12 1 1 1 10 12 1 1 10 12 1 1 1 1 1 1 1 1 1 1 1 1 1
ciInstanceKlass jdk/internal/vm/StackChunk 0 0 32 10 100 12 1 1 1 9 100 12 1 1 1 9 12 1 1 9 12 1 1 1 1 1 1 1 1 1 1 1 1 1
ciInstanceKlass java/lang/Float 1 1 279 7 1 7 1 10 7 12 1 1 1 10 100 12 1 1 1 4 7 1 10 12 1 1 10 12 1 1 8 1 8 1 10 7 12 1 1 1 10 12 1 1 10 12 1 1 10 100 1 4 10 7 12 1 1 9 12 1 1 10 12 1 1 10 12 1 10 10 12 1 1 10 12 1 10 12 1 3 3 100 1 4 4 4 3 10 12 1 1 9 12 1 1 100 1 10 3 3 4 4 10 12 1 3 3 3 10 12 1 1 10 12 1 1 10 12 1 10 100 12 1 1 1 10 12 1 1 10 12 1 1 10 7 12 1 1 1 8 1 10 12 1 1 9 12 1 1 7 1 7 1 7 1 1 1 1 4 1 4 1 1 1 4 1 1 3 1 3 1 3 1 3 1 3 1 1 1 1 5 0 1 1 1 1 1 1 1 1 1 1 7 1 1 1 1 1 1 1 1 1 1 1 1 1 3 1 1 1 1 1 1 1 1 1 1 1 1 1 1 1 1 1 1 1 1 1 1 1 1 1 1 1 1 1 1 1 1 1 1 1 1 1 1 1 1 1 1 1 1 1 1 1 1 1 1 1 1 1 1 1 1 1 1 1 1 1 7 1 1 1 1 1 1 1 100 1 100 1 1
staticfield java/lang/Float TYPE Ljava/lang/Class; java/lang/Class
staticfield java/lang/Float $assertionsDisabled Z 1
ciInstanceKlass java/lang/Double 1 1 290 7 1 7 1 10 100 12 1 1 1 10 12 1 1 10 7 1 10 12 1 1 10 7 12 1 1 1 6 0 8 1 10 12 1 1 8 1 10 12 1 1 8 1 6 0 10 12 1 1 100 1 5 0 5 0 8 1 8 1 10 7 12 1 1 1 10 7 12 1 1 1 8 1 10 12 1 1 8 1 8 1 8 1 10 12 1 1 10 12 1 10 12 1 1 10 12 1 10 12 1 10 12 1 1 10 12 1 10 7 1 6 0 10 7 12 1 1 9 12 1 1 10 12 1 10 12 1 10 12 1 10 12 1 10 12 1 5 0 10 12 1 1 10 12 1 10 12 1 10 100 12 1 1 1 10 12 1 1 10 12 1 1 8 1 10 7 12 1 1 1 9 12 1 1 7 1 7 1 7 1 1 1 6 0 1 6 0 1 6 0 1 1 1 6 0 1 1 3 1 3 1 3 1 3 1 3 1 1 1 1 5 0 1 1 1 1 1 1 1 1 1 1 1 1 1 1 1 1 7 1 1 1 1 1 1 1 1 1 1 1 1 3 1 1 1 1 1 1 1 1 1 1 1 1 1 1 1 1 1 1 1 1 1 1 1 1 1 1 1 1 1 1 1 1 1 1 7 1 1 1 1 1 1 1 100 1 100 1 1
staticfield java/lang/Double TYPE Ljava/lang/Class; java/lang/Class
ciInstanceKlass java/lang/Byte 1 1 213 7 1 100 1 10 7 12 1 1 1 9 12 1 1 8 1 9 12 1 1 7 1 10 12 1 1 10 12 1 1 10 100 12 1 1 1 10 100 12 1 1 1 9 7 12 1 1 1 10 12 1 1 7 1 7 1 10 12 1 1 8 1 10 12 1 1 8 1 10 12 1 10 12 1 10 12 1 10 12 1 1 10 12 1 10 12 1 10 12 1 1 10 8 1 8 1 10 7 1 9 12 1 1 10 12 1 1 10 12 1 1 10 12 1 1 10 12 1 5 0 10 12 1 1 8 1 10 7 12 1 1 1 9 12 1 1 7 1 7 1 1 1 3 1 3 1 1 1 1 3 1 3 1 1 5 0 1 1 1 1 1 1 1 1 1 1 1 1 1 1 1 1 1 1 1 1 1 1 1 1 1 1 1 1 1 1 1 1 1 1 1 1 1 1 1 1 1 1 1 1 1 1 1 1 1 1 1 1 1 1 1 1
staticfield java/lang/Byte TYPE Ljava/lang/Class; java/lang/Class
ciInstanceKlass java/lang/Short 1 1 222 7 1 7 1 100 1 10 7 12 1 1 1 10 12 1 1 7 1 7 1 10 12 1 1 8 1 10 12 1 1 8 1 10 12 1 10 12 1 10 12 1 10 12 1 1 10 12 1 1 10 12 1 9 12 1 1 8 1 9 12 1 1 7 1 10 12 1 1 10 12 1 10 100 12 1 1 1 10 100 12 1 1 1 9 7 12 1 1 1 10 12 1 10 12 1 1 10 8 1 8 1 10 7 1 9 12 1 1 10 12 1 1 10 12 1 1 10 12 1 1 10 12 1 3 3 5 0 10 12 1 1 8 1 10 7 12 1 1 1 9 12 1 1 7 1 7 1 1 1 3 1 3 1 1 1 1 3 1 3 1 1 5 0 1 1 1 1 1 1 1 1 1 1 1 1 1 1 1 1 1 1 1 1 1 1 1 1 1 1 1 3 1 1 1 1 1 1 1 1 1 1 1 1 1 1 1 1 1 1 1 1 1 1 1 1 1 1 1 1 1 1
staticfield java/lang/Short TYPE Ljava/lang/Class; java/lang/Class
ciInstanceKlass java/lang/Long 1 1 524 7 1 7 1 7 1 7 1 10 12 1 1 9 12 1 1 9 7 12 1 1 1 10 100 12 1 1 1 10 12 1 1 10 100 12 1 1 1 10 10 12 10 12 1 10 12 1 10 12 1 5 0 5 0 7 1 10 12 1 1 10 12 1 1 10 12 1 10 12 1 10 12 1 10 12 1 1 10 100 12 1 1 10 12 1 10 12 1 1 10 12 1 1 10 12 1 1 10 12 1 1 10 7 12 1 1 1 10 12 1 1 10 12 1 10 12 1 10 12 1 10 12 1 1 10 10 12 1 5 0 5 0 9 12 1 1 9 12 1 5 0 7 1 8 1 10 12 1 8 1 10 12 1 8 1 8 1 10 12 1 1 5 0 10 12 1 1 5 0 10 12 1 1 10 12 1 1 10 100 12 1 1 1 11 7 1 10 12 1 1 11 10 12 1 1 8 1 10 12 1 1 8 1 7 1 10 12 1 1 10 12 1 8 1 8 1 11 12 1 1 10 12 1 10 12 1 10 12 1 5 0 5 0 9 7 12 1 1 1 10 12 1 10 12 1 1 8 1 8 1 10 12 1 1 8 1 8 1 8 1 8 1 8 1 8 1 10 12 1 10 7 1 9 12 1 1 10 12 1 10 12 1 1 10 12 1 1 10 7 12 1 1 1 100 1 100 1 10 12 1 1 10 12 1 1 5 0 10 12 1 10 12 1 5 0 5 0 5 0 10 12 1 1 10 12 1 5 0 5 0 10 12 1 10 12 1 10 100 12 1 1 1 10 12 1 1 10 12 1 1 8 1 10 7 12 1 1 1 9 12 1 1 7 1 7 1 7 1 1 1 1 5 0 1 1 1 1 3 1 3 1 5 0 1 1 1 1 1 1 1 1 1 100 1 1 1 1 1 1 1 1 1 1 1 1 1 1 1 1 1 1 1 1 1 1 1 1 1 1 1 1 1 1 1 1 1 1 1 1 1 1 1 1 1 1 1 1 1 1 1 1 1 1 1 1 1 1 1 3 1 1 1 1 1 1 1 1 1 1 1 1 1 1 1 7 1 1 1 1 1 1 1 1 1 1 1 1 1 1 1 1 1 1 1 1 1 1 1 1 1 1 1 1 1 1 1 1 1 1 1 1 1 1 1 1 1 1 1 7 1 1 1 1 1 1 1 1 1 100 1 100 1 1
staticfield java/lang/Long TYPE Ljava/lang/Class; java/lang/Class
ciInstanceKlass jdk/internal/vm/vector/VectorSupport 0 0 573 100 1 10 100 12 1 1 1 9 12 1 1 10 12 1 1 100 1 10 12 1 11 100 12 1 1 1 11 100 12 1 1 1 11 100 12 1 1 11 100 12 1 1 11 100 12 1 1 1 11 100 12 1 1 11 100 12 1 1 11 100 12 1 1 11 100 12 1 1 11 100 12 1 1 11 100 12 1 1 11 100 12 1 1 1 11 100 12 1 1 11 100 12 1 1 1 11 100 12 1 1 1 11 100 12 1 1 11 100 12 1 1 1 11 100 12 1 1 100 1 10 12 1 1 11 100 12 1 1 11 100 12 1 1 11 100 12 1 1 11 100 12 1 1 11 100 12 1 1 11 100 12 1 1 9 12 1 1 10 100 12 1 1 11 100 12 1 1 10 12 1 1 10 100 12 1 1 1 10 12 1 10 12 1 1 10 12 1 1 1 1 1 3 1 3 1 3 1 3 1 3 1 3 1 3 1 3 1 3 1 3 1 3 1 3 1 3 1 3 1 3 1 3 1 3 1 3 1 3 1 3 1 3 1 3 1 3 1 3 1 3 1 3 1 3 1 3 1 3 1 3 1 3 1 3 1 3 1 3 1 3 1 3 1 3 1 3 1 3 1 3 1 3 1 3 1 3 1 3 1 3 1 3 1 3 1 3 1 3 1 3 1 3 1 3 1 3 1 1 1 1 1 1 1 1 1 1 1 1 1 1 1 1 1 1 1 1 1 1 1 1 1 1 1 1 1 1 1 1 1 1 1 1 1 1 1 1 1 1 1 1 1 1 1 1 1 1 1 1 1 1 1 1 1 1 1 1 1 1 1 1 1 1 1 1 1 1 1 1 1 1 1 1 1 1 1 1 1 1 1 1 1 1 1 1 1 1 1 1 1 1 1 1 1 1 1 1 1 1 1 1 1 1 1 1 1 1 1 1 1 1 1 1 1 1 1 1 1 1 1 1 1 1 1 1 1 1 1 1 1 1 1 1 1 1 1 1 1 1 1 1 1 1 1 1 1 1 1 1 1 1 1 1 1 1 1 1 1 1 1 1 1 1 1 1 1 1 1 1 1 1 1 1 1 1 1 1 1 1 1 1 1 1 1 1 1 1 1 1 1 1 1 1 1 1 1 1 1 1 1 1 1 1 1 1 1 1 1 1 1 1 1 1 1 1 1 1 1 1 1 1 1 1 1 1 1 1 1 1 1 1 1 100 1 100 1 100 1 100 1 100 1 1 1 1 1 1 1 1 1 1 1 1 1 1 1 1 1 1 1 1 1 1 1 1 1 1 1 1 1 1 1
instanceKlass jdk/internal/vm/vector/VectorSupport$VectorShuffle
instanceKlass jdk/internal/vm/vector/VectorSupport$VectorMask
instanceKlass jdk/internal/vm/vector/VectorSupport$Vector
ciInstanceKlass jdk/internal/vm/vector/VectorSupport$VectorPayload 0 0 32 10 100 12 1 1 1 9 100 12 1 1 1 10 100 12 1 1 1 1 1 1 1 1 1 1 1 1 1 1 1 1
ciInstanceKlass jdk/internal/vm/vector/VectorSupport$Vector 0 0 28 10 100 12 1 1 1 100 1 1 1 1 1 1 1 1 1 1 1 1 1 1 1 100 1 1 1 1
ciInstanceKlass jdk/internal/vm/vector/VectorSupport$VectorMask 0 0 28 10 100 12 1 1 1 100 1 1 1 1 1 1 1 1 1 1 1 1 1 1 1 100 1 1 1 1
ciInstanceKlass jdk/internal/vm/vector/VectorSupport$VectorShuffle 0 0 28 10 100 12 1 1 1 100 1 1 1 1 1 1 1 1 1 1 1 1 1 1 1 100 1 1 1 1
ciInstanceKlass jdk/internal/vm/FillerObject 0 0 16 10 100 12 1 1 1 100 1 1 1 1 1 1 1 1
instanceKlass java/lang/ref/PhantomReference
instanceKlass java/lang/ref/FinalReference
instanceKlass java/lang/ref/WeakReference
instanceKlass java/lang/ref/SoftReference
ciInstanceKlass java/lang/ref/Reference 1 1 190 9 7 12 1 1 1 9 7 12 1 1 10 12 1 1 10 12 1 1 9 12 1 1 10 12 1 1 9 12 1 1 9 12 1 1 7 1 10 12 1 10 7 12 1 1 10 12 1 10 12 1 1 10 12 1 7 1 8 1 10 12 1 1 7 1 10 12 1 1 10 12 1 1 10 12 1 9 12 1 10 12 1 1 10 12 1 10 12 1 9 12 1 7 1 100 1 10 12 9 12 1 9 12 1 100 1 10 10 12 1 10 10 7 12 1 1 7 1 10 10 7 12 1 1 1 1 1 1 1 1 1 1 1 1 1 1 1 1 1 1 1 7 1 1 1 100 1 1 1 1 1 1 1 1 1 1 1 1 1 1 1 1 1 1 1 1 1 1 1 1 1 1 1 1 1 1 1 1 1 1 1 7 1 7 1 7 1 1 1
staticfield java/lang/ref/Reference processPendingLock Ljava/lang/Object; java/lang/Object
staticfield java/lang/ref/Reference $assertionsDisabled Z 1
ciMethod java/lang/ref/Reference get ()Ljava/lang/Object; 0 0 1 0 -1
ciMethod java/lang/ref/Reference refersToImpl (Ljava/lang/Object;)Z 512 0 13347 0 96
ciMethod java/lang/ref/Reference refersTo0 (Ljava/lang/Object;)Z 256 0 128 0 -1
ciMethod java/lang/ref/Reference refersTo (Ljava/lang/Object;)Z 512 0 44837 0 112
instanceKlass org/eclipse/sisu/inject/MildElements$Soft
instanceKlass java/io/ClassCache$CacheRef
instanceKlass org/eclipse/sisu/inject/MildKeys$Soft
instanceKlass org/eclipse/core/internal/registry/ReferenceMap$SoftRef
instanceKlass sun/util/locale/provider/LocaleResources$ResourceReference
instanceKlass sun/util/resources/Bundles$BundleReference
instanceKlass java/util/ResourceBundle$BundleReference
instanceKlass sun/util/locale/LocaleObjectCache$CacheEntry
instanceKlass sun/security/util/MemoryCache$SoftCacheEntry
instanceKlass java/lang/invoke/LambdaFormEditor$Transform
ciInstanceKlass java/lang/ref/SoftReference 1 1 47 10 7 12 1 1 1 9 7 12 1 1 1 9 12 1 10 12 1 10 12 1 1 1 1 1 1 1 1 1 1 1 1 1 1 1 1 1 1 1 1 100 1 1 1 1 1
ciMethod java/lang/ref/SoftReference get ()Ljava/lang/Object; 510 0 12758 0 128
ciMethod java/lang/ref/SoftReference <init> (Ljava/lang/Object;)V 504 0 3452 0 -1
instanceKlass org/eclipse/sisu/inject/MildElements$Weak
instanceKlass com/google/common/collect/MapMakerInternalMap$AbstractWeakKeyEntry
instanceKlass com/google/common/cache/LocalCache$WeakEntry
instanceKlass org/eclipse/jdt/internal/core/util/WeakHashSetOfCharArray$HashableWeakReference
instanceKlass org/eclipse/jdt/internal/core/util/WeakHashSet$HashableWeakReference
instanceKlass org/eclipse/sisu/inject/MildKeys$Weak
instanceKlass com/sun/jna/CallbackReference
instanceKlass java/util/ResourceBundle$KeyElementReference
instanceKlass java/util/logging/LogManager$LoggerWeakRef
instanceKlass java/util/logging/Level$KnownLevel
instanceKlass org/eclipse/osgi/internal/container/KeyBasedLockStore$LockWeakRef
instanceKlass sun/nio/ch/FileLockTable$FileLockReference
instanceKlass java/lang/ClassValue$Entry
instanceKlass java/lang/ThreadLocal$ThreadLocalMap$Entry
instanceKlass java/lang/WeakPairMap$WeakRefPeer
instanceKlass jdk/internal/util/WeakReferenceKey
instanceKlass java/util/WeakHashMap$Entry
ciInstanceKlass java/lang/ref/WeakReference 1 1 31 10 7 12 1 1 1 10 12 1 100 1 1 1 1 1 1 1 1 1 1 1 1 1 1 1 1 1 1 1 1
instanceKlass java/lang/ref/Finalizer
ciInstanceKlass java/lang/ref/FinalReference 1 1 50 10 7 12 1 1 1 10 7 12 1 1 1 10 12 1 1 7 1 8 1 10 12 1 1 1 1 1 1 1 1 1 1 1 1 1 1 1 1 1 1 1 1 1 1 1 1 1 7 1
instanceKlass com/sun/jna/internal/Cleaner$CleanerRef
instanceKlass jdk/internal/ref/PhantomCleanable
instanceKlass jdk/internal/ref/Cleaner
ciInstanceKlass java/lang/ref/PhantomReference 1 1 39 10 100 12 1 1 1 10 7 12 1 1 1 1 1 1 1 1 1 1 1 1 1 1 1 1 1 1 1 1 1 1 1 1 1 1 1 1 1
ciInstanceKlass java/lang/ref/Finalizer 1 1 155 9 7 12 1 1 1 10 7 12 1 1 1 9 12 1 1 9 12 1 1 9 12 1 9 12 1 9 12 1 1 10 12 1 7 1 8 1 10 12 1 10 12 1 1 9 12 1 100 1 10 12 1 7 1 11 100 12 1 1 10 12 1 7 1 10 12 1 100 1 10 12 1 10 7 12 1 1 1 10 100 12 1 1 1 100 1 10 10 12 1 7 1 10 12 1 7 1 10 12 1 1 10 12 1 1 10 12 1 10 7 12 1 1 1 7 1 10 7 1 10 10 12 1 1 1 1 1 1 1 1 1 1 1 1 1 1 1 1 1 1 1 1 1 1 1 1 1 1 1 1 1 1 1 1
staticfield java/lang/ref/Finalizer lock Ljava/lang/Object; java/lang/Object
staticfield java/lang/ref/Finalizer ENABLED Z 1
staticfield java/lang/ref/Finalizer $assertionsDisabled Z 1
instanceKlass org/eclipse/jdt/internal/compiler/ast/NullAnnotationMatching$Severity
instanceKlass org/eclipse/jdt/internal/compiler/ast/LambdaExpression$CompatibilityResult
instanceKlass org/eclipse/jdt/internal/compiler/ast/FakedTrackingVariable$IteratorForReporting$Stage
instanceKlass org/eclipse/jdt/internal/compiler/parser/Parser$CaseLabelKind
instanceKlass org/eclipse/jdt/internal/compiler/codegen/OperandStack$OperandCategory
instanceKlass org/eclipse/jdt/internal/compiler/lookup/TypeConstants$DangerousMethod
instanceKlass org/eclipse/jdt/internal/compiler/ast/MessageSend$AssertUtil
instanceKlass org/eclipse/jdt/internal/compiler/ast/ConstructorDeclaration$AnalysisMode
instanceKlass org/eclipse/jdt/internal/compiler/parser/Parser$LocalTypeKind
instanceKlass org/eclipse/jdt/internal/compiler/ast/Annotation$AnnotationTargetAllowed
instanceKlass lombok/eclipse/agent/PatchDelegate$DelegateReceiver
instanceKlass org/eclipse/jdt/internal/compiler/lookup/TypeConstants$BoundCheckStatus
instanceKlass org/eclipse/jdt/internal/compiler/lookup/BinaryTypeBinding$ExternalAnnotationStatus
instanceKlass org/eclipse/jdt/internal/compiler/ast/ExpressionContext
instanceKlass org/eclipse/jdt/ls/core/internal/semantictokens/TokenModifier
instanceKlass org/eclipse/jdt/ls/core/internal/semantictokens/TokenType
instanceKlass org/eclipse/jdt/internal/compiler/env/IModuleAwareNameEnvironment$LookupStrategy
instanceKlass org/eclipse/lsp4j/TextDocumentSyncKind
instanceKlass org/eclipse/jdt/internal/compiler/lookup/Scope$MatchPhase
instanceKlass lombok/core/AST$Kind
instanceKlass org/eclipse/jdt/internal/compiler/ast/TypeReference$AnnotationPosition
instanceKlass org/eclipse/sisu/inject/QualifyingStrategy
instanceKlass lombok/eclipse/TransformationState
instanceKlass com/google/inject/internal/InjectorImpl$JitLimitation
instanceKlass org/eclipse/sisu/bean/DeclaredMembers$View
instanceKlass com/google/inject/internal/Initializer$InjectableReferenceState
instanceKlass com/google/common/collect/MapMakerInternalMap$Strength
instanceKlass org/apache/maven/settings/building/SettingsProblem$Severity
instanceKlass lombok/core/configuration/CapitalizationStrategy
instanceKlass lombok/core/configuration/NullCheckExceptionType
instanceKlass lombok/core/configuration/CallSuperType
instanceKlass lombok/core/configuration/FlagUsageType
instanceKlass org/eclipse/aether/metadata/Metadata$Nature
instanceKlass org/apache/maven/model/building/ModelProblem$Version
instanceKlass org/apache/maven/building/Problem$Severity
instanceKlass org/apache/maven/plugin/internal/DefaultPluginValidationManager$ValidationReportLevel
instanceKlass org/apache/maven/plugin/PluginValidationManager$IssueLocality
instanceKlass org/apache/maven/classrealm/ClassRealmRequest$RealmType
instanceKlass org/eclipse/jdt/internal/compiler/impl/JavaFeature
instanceKlass org/eclipse/jdt/internal/compiler/parser/Scanner$ScanContext
instanceKlass org/apache/maven/execution/ExecutionEvent$Type
instanceKlass org/eclipse/osgi/container/Module$StopOptions
instanceKlass org/apache/maven/artifact/ArtifactScopeEnum
instanceKlass org/eclipse/jdt/internal/compiler/env/IUpdatableModule$UpdateKind
instanceKlass org/eclipse/jdt/internal/compiler/lookup/LookupEnvironment$CompleteTypeBindingsSteps
instanceKlass com/google/common/base/CaseFormat
instanceKlass org/eclipse/lsp4j/DiagnosticTag
instanceKlass org/eclipse/lsp4j/PrepareSupportDefaultBehavior
instanceKlass org/eclipse/lsp4j/CompletionItemKind
instanceKlass org/eclipse/lsp4j/CompletionItemTag
instanceKlass org/eclipse/lsp4j/InsertTextMode
instanceKlass org/eclipse/lsp4j/SymbolTag
instanceKlass org/eclipse/lsp4j/SymbolKind
instanceKlass org/eclipse/lsp4j/MessageType
instanceKlass org/eclipse/jdt/ls/core/internal/BuildWorkspaceStatus
instanceKlass org/eclipse/jdt/internal/compiler/parser/TerminalToken
instanceKlass java/nio/file/FileVisitResult
instanceKlass java/nio/file/FileTreeWalker$EventType
instanceKlass com/google/gson/ReflectionAccessFilter$FilterResult
instanceKlass com/google/inject/spi/InjectionPoint$Position
instanceKlass com/google/gson/stream/JsonToken
instanceKlass com/google/gson/Strictness
instanceKlass org/eclipse/jdt/ls/core/internal/ServiceStatus
instanceKlass java/nio/file/FileVisitOption
instanceKlass com/google/common/util/concurrent/AbstractFutureState$VarHandleAtomicHelperMaker
instanceKlass java/lang/annotation/ElementType
instanceKlass com/google/gson/ToNumberPolicy
instanceKlass com/google/inject/internal/InternalFlags$ColorizeOption
instanceKlass com/google/inject/internal/InternalFlags$BytecodeGenOption
instanceKlass com/google/inject/internal/InternalFlags$NullableProvidesOption
instanceKlass com/google/inject/internal/InternalFlags$CustomClassLoadingOption
instanceKlass com/google/inject/internal/InternalFlags$IncludeStackTraceOption
instanceKlass com/google/gson/FieldNamingPolicy
instanceKlass com/google/gson/LongSerializationPolicy
instanceKlass com/google/inject/Key$NullAnnotationStrategy
instanceKlass org/eclipse/jdt/internal/core/CompilationGroup
instanceKlass ch/qos/logback/core/spi/FilterReply
instanceKlass org/eclipse/buildship/core/internal/util/gradle/PublishedGradleVersions$LookupStrategy
instanceKlass sun/reflect/annotation/TypeAnnotation$TypeAnnotationTarget
instanceKlass org/eclipse/buildship/core/internal/CoreTraceScopes
instanceKlass org/eclipse/jdt/ls/core/internal/DiagnosticsState$ErrorLevel
instanceKlass com/google/inject/Stage
instanceKlass org/eclipse/sisu/space/BeanScanning
instanceKlass org/eclipse/m2e/jdt/JreSystemVersion
instanceKlass org/eclipse/jdt/ls/core/internal/javafx/FXVersion
instanceKlass javax/xml/catalog/CatalogFeatures$State
instanceKlass jdk/xml/internal/XMLSecurityManager$NameMap
instanceKlass jdk/xml/internal/XMLSecurityManager$Processor
instanceKlass jdk/xml/internal/XMLSecurityManager$Limit
instanceKlass com/sun/org/apache/xalan/internal/utils/XMLSecurityPropertyManager$Property
instanceKlass com/sun/org/apache/xalan/internal/utils/FeaturePropertyBase$State
instanceKlass jdk/xml/internal/JdkProperty$ImplPropMap
instanceKlass jdk/xml/internal/JdkXmlFeatures$XmlFeature
instanceKlass org/eclipse/jdt/ls/core/internal/preferences/CodeGenerationTemplate
instanceKlass org/eclipse/jdt/ls/core/internal/preferences/Preferences$SearchScope
instanceKlass org/eclipse/jdt/ls/core/internal/handlers/ProjectEncodingMode
instanceKlass org/eclipse/jdt/ls/core/internal/handlers/InlayHintsParameterMode
instanceKlass org/eclipse/jdt/ls/core/internal/handlers/CompletionGuessMethodArgumentsMode
instanceKlass org/eclipse/jdt/ls/core/internal/handlers/CompletionMatchCaseMode
instanceKlass org/eclipse/jdt/ls/core/internal/preferences/Preferences$FeatureStatus
instanceKlass lombok/eclipse/agent/PatchDelegate$DelegateReceiver
instanceKlass org/apache/maven/model/building/ModelProblem$Severity
instanceKlass com/google/common/cache/LocalCache$EntryFactory
instanceKlass com/google/common/cache/CacheBuilder$NullListener
instanceKlass com/google/common/cache/CacheBuilder$OneWeigher
instanceKlass com/google/common/cache/LocalCache$Strength
instanceKlass org/eclipse/m2e/core/internal/preferences/ProblemSeverity
instanceKlass org/eclipse/m2e/core/lifecyclemapping/model/PluginExecutionAction
instanceKlass org/slf4j/helpers/Reporter$Level
instanceKlass org/slf4j/helpers/Reporter$TargetChoice
instanceKlass ch/qos/logback/classic/spi/Configurator$ExecutionStatus
instanceKlass org/apache/felix/scr/impl/inject/field/FieldHandler$METHOD_TYPE
instanceKlass java/security/DrbgParameters$Capability
instanceKlass java/nio/file/StandardCopyOption
instanceKlass java/math/RoundingMode
instanceKlass java/time/format/TextStyle
instanceKlass java/time/format/DateTimeFormatterBuilder$SettingsParser
instanceKlass java/time/format/ResolverStyle
instanceKlass java/time/format/SignStyle
instanceKlass java/time/temporal/JulianFields$Field
instanceKlass java/time/temporal/IsoFields$Unit
instanceKlass java/time/temporal/IsoFields$Field
instanceKlass org/apache/felix/scr/impl/inject/ValueUtils$ValueType
instanceKlass org/apache/felix/scr/impl/manager/RegistrationManager$RegState
instanceKlass org/apache/felix/scr/impl/manager/AbstractComponentManager$State
instanceKlass org/osgi/util/promise/PromiseFactory$Option
instanceKlass org/apache/felix/scr/impl/metadata/ReferenceMetadata$ReferenceScope
instanceKlass org/apache/felix/scr/impl/metadata/ServiceMetadata$Scope
instanceKlass org/apache/felix/scr/impl/metadata/DSVersion
instanceKlass com/sun/org/apache/xerces/internal/impl/XMLScanner$NameType
instanceKlass com/sun/org/apache/xerces/internal/util/Status
instanceKlass javax/xml/catalog/CatalogFeatures$Feature
instanceKlass com/sun/org/apache/xerces/internal/utils/XMLSecurityPropertyManager$Property
instanceKlass com/sun/org/apache/xerces/internal/utils/XMLSecurityPropertyManager$State
instanceKlass com/sun/org/apache/xerces/internal/utils/XMLSecurityManager$NameMap
instanceKlass jdk/xml/internal/JdkProperty$State
instanceKlass com/sun/org/apache/xerces/internal/utils/XMLSecurityManager$Limit
instanceKlass org/apache/felix/scr/impl/logger/InternalLogger$Level
instanceKlass sun/util/locale/provider/LocaleProviderAdapter$Type
instanceKlass java/util/Locale$Category
instanceKlass java/lang/StackStreamFactory$WalkerState
instanceKlass java/lang/StackWalker$ExtendedOption
instanceKlass aQute/bnd/header/Attrs$Type
instanceKlass org/apache/aries/spifly/ProviderBundleTrackerCustomizer$DiscoveryMode
instanceKlass org/eclipse/osgi/container/Module$StartOptions
instanceKlass org/eclipse/osgi/container/ModuleContainerAdaptor$ContainerEvent
instanceKlass org/eclipse/osgi/report/resolution/ResolutionReport$Entry$Type
instanceKlass java/util/Comparators$NaturalOrderComparator
instanceKlass org/apache/felix/resolver/PermutationType
instanceKlass java/lang/StackWalker$Option
instanceKlass org/eclipse/equinox/plurl/impl/PlurlImpl$SetFactories
instanceKlass org/eclipse/osgi/container/ModuleDatabase$Sort
instanceKlass org/eclipse/osgi/container/Module$Settings
instanceKlass org/eclipse/osgi/container/ModuleContainerAdaptor$ModuleEvent
instanceKlass org/eclipse/osgi/storage/ContentProvider$Type
instanceKlass org/eclipse/osgi/container/Module$State
instanceKlass org/osgi/service/log/LogLevel
instanceKlass sun/util/logging/PlatformLogger$Level
instanceKlass jdk/internal/logger/BootstrapLogger$LoggingBackend
instanceKlass java/lang/reflect/ProxyGenerator$PrimitiveTypeInfo
instanceKlass java/lang/annotation/RetentionPolicy
instanceKlass java/nio/file/AccessMode
instanceKlass java/util/stream/MatchOps$MatchKind
instanceKlass java/nio/file/attribute/PosixFilePermission
instanceKlass jdk/internal/icu/util/CodePointTrie$ValueWidth
instanceKlass jdk/internal/icu/util/CodePointTrie$Type
instanceKlass java/text/Normalizer$Form
instanceKlass java/time/temporal/ChronoUnit
instanceKlass java/time/temporal/ChronoField
instanceKlass sun/security/util/DisabledAlgorithmConstraints$Constraint$Operator
instanceKlass java/lang/System$Logger$Level
instanceKlass sun/security/rsa/RSAUtil$KeyType
instanceKlass sun/security/util/KnownOIDs
instanceKlass lombok/patcher/StackRequest
instanceKlass java/util/regex/Pattern$Qtype
instanceKlass java/lang/invoke/MethodHandleImpl$ArrayAccess
instanceKlass java/util/zip/ZipCoder$Comparison
instanceKlass java/nio/file/LinkOption
instanceKlass sun/nio/fs/WindowsPathType
instanceKlass java/nio/file/StandardOpenOption
instanceKlass java/util/stream/Collector$Characteristics
instanceKlass java/util/concurrent/TimeUnit
instanceKlass java/util/stream/StreamShape
instanceKlass java/lang/invoke/MethodHandles$Lookup$ClassOption
instanceKlass java/lang/invoke/VarHandle$AccessType
instanceKlass java/lang/invoke/VarHandle$AccessMode
instanceKlass java/lang/invoke/MethodHandleImpl$Intrinsic
instanceKlass java/lang/invoke/LambdaForm$BasicType
instanceKlass java/lang/invoke/LambdaForm$Kind
instanceKlass sun/invoke/util/Wrapper
instanceKlass java/util/stream/StreamOpFlag$Type
instanceKlass java/util/stream/StreamOpFlag
instanceKlass java/io/File$PathStatus
instanceKlass java/lang/module/ModuleDescriptor$Requires$Modifier
instanceKlass java/lang/reflect/AccessFlag$Location
instanceKlass java/lang/reflect/AccessFlag
instanceKlass java/lang/module/ModuleDescriptor$Modifier
instanceKlass java/lang/reflect/ClassFileFormatVersion
instanceKlass java/lang/Thread$State
ciInstanceKlass java/lang/Enum 1 1 204 9 7 12 1 1 1 9 12 1 1 10 7 12 1 1 1 9 12 1 10 7 12 1 1 1 100 1 10 10 12 1 1 10 12 1 7 1 10 10 7 12 1 1 10 12 1 1 18 12 1 1 10 100 12 1 1 1 10 12 1 1 11 7 12 1 1 1 100 1 8 1 10 12 1 100 1 7 1 10 8 1 10 12 1 1 10 12 1 1 8 1 10 12 1 10 100 1 8 1 10 10 12 1 1 10 100 12 1 1 1 7 1 7 1 7 1 1 1 1 1 1 1 1 1 1 1 1 1 1 1 1 1 1 1 1 1 1 1 1 1 1 1 1 1 1 1 1 1 1 1 1 1 1 1 1 1 1 1 1 1 1 1 3 1 1 1 1 100 1 7 1 1 100 1 1 1 1 1 1 1 1 1 1 1 16 15 10 12 16 15 10 100 12 1 1 1 1 1 100 1 100 1 1
ciInstanceKlass java/lang/reflect/Method 1 1 472 9 7 12 1 1 1 10 7 12 1 1 1 10 7 12 1 1 9 12 1 1 10 12 1 1 10 12 1 1 10 7 12 1 1 10 7 12 1 1 1 9 12 1 1 9 12 1 9 12 1 1 9 12 1 9 12 1 9 12 1 1 9 12 1 9 12 1 1 9 12 1 9 12 1 9 12 1 1 100 1 8 1 10 12 1 10 12 1 9 12 1 1 8 1 10 7 12 1 1 10 7 12 1 1 1 10 12 1 1 10 12 1 1 10 12 1 10 12 1 1 10 12 1 1 9 7 12 1 1 1 10 12 1 1 10 12 10 7 12 1 1 10 12 1 1 10 12 1 10 12 1 10 12 1 10 7 12 1 1 1 10 12 1 1 10 7 1 10 7 12 1 1 1 10 7 12 1 1 10 12 1 1 10 12 1 1 10 12 1 10 7 12 1 1 1 10 12 1 10 8 1 10 12 1 10 12 1 7 1 8 1 8 1 8 1 10 12 1 10 12 1 1 10 12 1 1 10 10 12 1 1 10 12 1 11 7 1 10 12 1 9 12 1 1 10 12 1 1 10 12 1 10 12 1 1 10 12 1 1 11 7 12 1 1 1 11 12 1 9 12 1 1 10 12 1 10 12 1 10 12 1 10 12 1 10 12 1 10 12 1 9 12 1 1 10 7 12 1 1 1 10 7 12 1 1 10 12 1 1 10 7 12 1 1 1 10 7 12 1 1 1 10 7 12 1 1 1 11 7 12 1 1 1 10 7 12 1 1 1 7 1 100 1 100 1 10 12 1 10 12 1 1 10 12 1 100 1 8 1 10 12 1 10 10 12 1 1 10 12 1 1 10 12 1 1 10 12 1 1 8 1 10 12 1 1 1 1 1 1 1 1 1 1 1 1 1 1 1 1 1 1 1 1 1 1 1 1 1 1 1 1 1 1 1 1 1 1 1 1 1 1 1 1 1 1 1 1 1 1 1 1 1 1 1 1 1 100 1 7 1 7 1 1 1 1 1 1 1 1 1 1 1 1 1 1 1 1 1 1 1 1 1 1 1 1 1 1 1 1 1 1
ciInstanceKlass java/lang/reflect/Field 1 1 457 9 7 12 1 1 1 10 12 1 1 10 7 12 1 1 1 10 7 12 1 1 9 12 1 1 10 12 1 1 10 12 1 1 10 7 12 1 1 10 7 12 1 1 1 9 12 1 1 9 12 1 9 12 1 9 12 1 1 9 12 1 1 9 12 1 9 12 1 1 9 12 1 1 100 1 8 1 10 12 1 10 12 1 9 12 1 1 9 12 1 10 12 1 10 7 12 1 1 10 12 1 1 10 12 1 1 10 12 1 10 12 1 1 9 100 12 1 1 1 10 100 12 1 1 1 7 1 10 12 1 1 10 12 1 1 10 12 1 1 10 12 1 10 12 1 10 7 1 10 7 12 1 1 7 1 10 8 1 10 12 1 1 10 12 1 1 8 1 10 12 10 12 1 8 1 8 1 10 11 7 1 9 12 1 10 12 1 1 10 12 1 1 11 7 12 1 1 1 10 12 1 11 12 1 1 11 12 1 1 11 12 1 1 11 12 1 1 11 12 1 1 11 12 1 1 11 12 1 1 11 12 1 1 11 12 1 1 11 12 1 1 11 12 1 1 11 12 1 1 11 12 1 1 11 12 1 1 11 12 1 1 11 12 1 1 11 12 1 1 10 12 1 10 7 12 1 1 10 12 1 10 12 1 10 12 1 9 12 1 1 10 7 12 1 1 1 10 12 1 1 10 12 1 10 7 12 1 1 10 12 1 1 11 7 1 10 12 1 7 1 10 100 12 1 1 1 10 7 12 1 1 1 9 12 1 10 7 12 1 1 1 11 7 12 1 1 1 10 12 1 1 10 12 1 1 9 7 12 1 1 10 7 12 1 1 1 10 12 1 1 7 1 1 1 1 1 1 1 1 1 1 1 1 1 1 1 1 1 1 1 1 1 1 1 1 1 1 1 1 1 1 1 1 1 1 1 1 1 1 1 100 1 1 1 1 1 1 1 1 1 1 1 1 1 1 1 1 1 1 1 1 1 1 1 1 1 1 1 1 1 1 1 1 7 1 1 1 1 1 1 1 1 1 100 1 1
ciInstanceKlass java/lang/reflect/Parameter 1 1 243 10 7 12 1 1 1 9 7 12 1 1 1 9 12 1 1 9 12 1 1 9 12 1 10 12 1 1 10 12 1 1 10 7 12 1 1 1 7 1 10 10 12 1 1 11 7 12 1 1 1 10 12 1 10 100 12 1 1 1 10 12 1 1 10 12 1 10 12 1 8 1 8 1 10 7 12 1 1 1 10 12 1 10 12 9 100 12 1 1 1 10 100 12 1 1 1 10 12 1 8 1 10 12 1 9 12 1 1 10 12 1 1 9 12 1 1 10 12 1 1 10 12 1 1 10 12 1 1 10 12 1 10 10 12 1 10 100 12 1 1 1 10 12 1 1 11 7 12 1 1 10 7 12 1 1 7 1 10 100 12 1 1 1 10 12 1 1 10 12 1 1 10 12 1 1 10 12 1 1 9 12 1 100 1 10 11 12 1 1 11 12 1 1 7 1 1 1 1 1 1 1 1 1 1 1 1 1 1 1 1 1 1 1 1 1 1 1 1 1 1 1 1 1 1 1 1 1 1 1 1 1 1 1 1 1 100 1 1 1 1 1 1
ciInstanceKlass java/lang/reflect/RecordComponent 1 1 196 10 7 12 1 1 1 9 7 12 1 1 1 9 12 1 1 9 12 1 10 12 1 1 10 12 1 1 10 100 12 1 1 1 10 12 1 1 9 12 1 1 10 12 1 1 10 12 1 1 10 12 1 10 100 12 1 1 10 100 12 1 1 9 12 1 1 10 100 12 1 1 1 11 100 12 1 1 1 10 9 100 12 1 1 1 10 100 12 1 1 1 9 12 1 1 10 100 12 1 1 1 10 12 1 1 11 7 12 1 1 10 7 12 1 1 7 1 9 12 1 9 12 1 1 9 12 1 10 100 12 1 1 1 10 12 1 1 10 12 1 1 7 1 10 10 12 1 10 12 1 1 8 1 10 12 1 10 12 1 9 12 1 7 1 1 1 1 1 1 1 1 1 1 1 1 1 1 1 1 1 1 1 1 1 1 7 1 1 1 1 1 1 100 1 1
ciInstanceKlass java/lang/StringBuffer 1 1 483 10 7 12 1 1 1 10 12 1 10 12 1 10 12 1 1 9 7 12 1 1 1 10 12 1 1 10 12 1 10 12 1 1 9 12 1 1 10 12 1 10 12 1 1 10 12 1 1 10 12 1 10 12 1 1 10 12 1 10 12 1 1 10 12 1 1 10 7 12 1 1 1 10 12 1 1 10 12 1 10 12 1 10 12 1 10 12 1 10 12 1 10 12 1 10 12 1 10 12 1 10 12 1 10 12 1 10 12 1 10 12 1 10 12 1 10 12 1 1 10 12 1 10 12 1 1 10 12 1 1 10 10 12 1 1 10 12 1 10 12 1 10 12 1 10 12 1 10 12 1 10 12 1 10 12 10 12 1 10 12 1 10 12 1 10 12 1 1 10 12 1 10 12 1 10 10 12 1 1 10 12 1 10 12 1 10 12 1 10 10 100 12 1 1 1 10 10 12 1 1 9 12 1 1 10 100 12 1 1 10 100 1 8 10 100 12 1 1 1 8 10 12 1 8 1 10 12 1 10 12 1 10 100 12 1 1 1 10 100 12 1 1 1 7 1 10 12 100 1 8 1 10 10 12 1 1 10 12 1 1 10 12 1 10 12 1 10 12 1 1 10 12 1 10 12 1 10 12 1 10 12 1 10 12 1 10 12 10 12 1 10 12 1 10 12 1 10 12 1 10 12 1 10 12 1 10 12 1 10 12 1 10 12 1 10 12 1 10 12 10 12 10 12 1 10 12 1 10 12 1 10 12 10 12 1 10 12 1 10 12 1 10 12 1 10 12 1 10 12 1 10 12 1 10 12 1 10 12 1 10 12 1 10 12 1 7 1 10 12 1 9 7 12 1 1 1 9 7 1 9 12 1 1 7 1 7 1 7 1 7 1 1 1 1 5 0 1 1 1 1 1 1 1 1 1 1 1 1 1 1 1 1 1 1 1 1 1 1 1 1 1 1 1 1 1 1 1 1 1 1 1 1 1 1 1 1 1 1 1 1 1 1 1 1 1 1 1 1 1 1 1 1 1 1 1 1 1 100 1 1 1 1 1 7 1 1 1 1 1 1 1 1 1 1 1 1 1 1 1 1 1 1
staticfield java/lang/StringBuffer serialPersistentFields [Ljava/io/ObjectStreamField; 3 [Ljava/io/ObjectStreamField;
instanceKlass jdk/internal/loader/BuiltinClassLoader
instanceKlass java/net/URLClassLoader
ciInstanceKlass java/security/SecureClassLoader 1 1 102 10 7 12 1 1 1 7 1 10 12 1 9 7 12 1 1 1 10 12 1 10 12 1 10 12 1 1 10 12 1 1 10 12 1 7 1 10 7 1 10 12 1 7 1 10 12 1 11 7 12 1 1 1 7 1 11 12 1 10 12 1 1 1 1 1 1 1 1 1 1 1 1 1 1 1 1 1 1 1 1 1 1 1 1 1 1 1 1 1 1 1 1 1 1 1 1 100 1 1 1 1
instanceKlass jdk/internal/jrtfs/JrtFileSystemProvider$JrtFsLoader
instanceKlass org/codehaus/plexus/classworlds/realm/ClassRealm
instanceKlass org/eclipse/equinox/launcher/Main$StartupClassLoader
ciInstanceKlass java/net/URLClassLoader 1 1 600 10 7 12 1 1 1 7 1 10 12 1 9 7 12 1 1 1 10 7 12 1 1 1 9 12 1 1 7 1 10 12 1 9 12 1 1 10 12 1 10 10 12 1 10 7 12 1 1 1 10 12 1 1 10 7 12 1 1 1 10 7 12 1 1 1 7 1 10 12 1 1 10 12 1 1 10 12 1 1 100 1 100 1 10 7 12 1 1 1 100 1 8 1 10 12 1 10 7 12 1 1 1 10 12 1 1 10 12 1 1 11 100 12 1 1 1 11 7 12 1 1 1 11 12 1 1 7 1 11 12 1 11 7 12 1 1 10 12 1 11 12 1 11 12 1 1 11 10 12 1 1 10 12 1 1 10 12 1 1 7 1 10 12 1 10 12 1 1 7 1 100 1 10 12 1 1 7 1 10 10 12 1 1 10 7 12 1 1 10 12 1 100 1 7 1 10 8 1 10 12 1 1 8 1 10 12 1 1 10 10 12 1 8 1 8 1 10 12 1 1 10 7 12 1 1 1 10 7 12 1 1 1 10 12 1 1 10 12 1 1 10 12 1 1 10 12 1 10 12 1 100 1 100 1 8 1 10 12 1 10 12 1 1 10 12 1 1 7 1 10 12 1 10 7 12 1 1 1 10 12 1 1 10 12 1 1 10 12 1 1 10 12 1 10 7 12 1 1 1 10 12 1 1 8 1 10 12 1 1 11 7 12 1 1 1 9 7 12 1 1 1 10 7 12 1 1 1 9 12 1 9 12 1 9 12 1 9 12 1 9 12 1 9 12 1 10 7 12 1 1 1 8 1 10 12 1 1 7 1 10 10 12 1 10 12 1 1 10 12 1 1 7 1 10 12 1 10 12 1 1 10 12 1 10 12 1 1 7 1 10 7 12 1 1 9 7 12 1 1 1 10 12 1 8 1 100 1 8 1 10 12 1 10 12 1 8 1 10 12 1 10 12 1 9 12 1 1 10 100 12 1 1 10 12 1 10 12 1 10 100 1 8 1 10 100 1 10 12 1 10 7 12 1 100 1 10 12 1 10 12 1 100 1 10 10 7 12 1 1 1 1 1 1 1 1 1 1 1 1 1 1 1 1 1 1 1 1 1 1 1 1 1 1 1 1 1 1 1 1 1 1 1 1 1 7 1 100 1 7 1 7 1 1 1 1 1 1 1 1 1 1 1 1 1 1 1 1 1 1 1 1 1 1 1 1 1 1 1 1 1 1 1 1 1 1 1 1 1 1 1 1 1 1 1 1 1 1 100 1 1 1 1 1 1 1 1 1 1 1 1 1 1 1 1 1 1 1 1 1 1 1 1 1 1 1 1 1 1 1 1 1 1 1 1 1 100 1 1 1
ciInstanceKlass java/util/jar/Manifest 1 1 339 10 7 12 1 1 1 7 1 10 9 7 12 1 1 1 7 1 10 9 12 1 1 9 12 1 1 10 12 1 10 12 1 1 10 12 1 1 10 12 1 1 10 12 1 1 11 7 1 11 12 1 1 10 12 1 1 10 100 12 1 1 1 100 1 7 1 10 8 1 10 12 1 1 10 12 1 1 10 12 1 10 12 1 11 100 1 10 12 1 10 12 1 1 11 12 1 1 10 12 1 11 12 1 1 11 100 12 1 1 1 11 7 12 1 1 11 12 1 1 100 1 10 12 1 8 1 11 12 1 7 1 10 12 1 1 11 12 1 10 12 1 10 12 1 10 7 12 1 1 1 8 1 10 12 1 1 10 9 7 12 1 1 1 10 12 1 1 10 100 12 1 10 12 1 10 12 1 9 100 12 1 1 1 8 1 10 12 1 8 1 8 1 7 1 10 12 1 10 12 1 10 12 1 1 100 1 8 1 10 12 1 1 8 1 10 10 12 1 1 8 1 10 12 1 1 10 7 12 1 1 1 10 12 1 10 11 12 1 1 10 12 1 10 7 12 1 1 1 10 12 1 1 10 12 1 10 12 1 1 11 10 12 1 11 10 12 1 7 1 1 1 1 1 1 1 1 1 1 1 1 1 1 1 1 1 1 1 1 1 1 1 1 1 1 1 1 1 1 1 1 1 1 1 1 1 1 1 1 1 1 1 100 1 1 1 1 1 1 1 1 1 1 1 1 1 1 7 1 1 1 1 1 1 1 1 1 1 1
ciInstanceKlass java/io/ByteArrayInputStream 1 1 117 10 7 12 1 1 1 9 7 12 1 1 1 9 12 1 1 9 12 1 9 12 1 10 100 12 1 1 1 10 7 12 1 1 1 10 7 12 1 1 1 10 100 12 1 1 1 10 12 1 1 3 10 100 1 10 100 12 1 1 1 9 12 1 1 100 1 10 10 7 12 1 1 1 1 1 1 1 1 1 1 1 1 1 1 1 1 1 1 1 1 1 1 1 1 1 1 1 1 1 1 1 100 1 1 1 1 1 1 1 1 1 1 1 1 1 1
staticfield java/io/ByteArrayInputStream $assertionsDisabled Z 1
instanceKlass java/nio/DoubleBuffer
instanceKlass java/nio/FloatBuffer
instanceKlass java/nio/ShortBuffer
instanceKlass java/nio/CharBuffer
instanceKlass java/nio/IntBuffer
instanceKlass java/nio/LongBuffer
instanceKlass java/nio/ByteBuffer
ciInstanceKlass java/nio/Buffer 1 1 256 100 1 10 7 12 1 1 1 9 7 12 1 1 1 9 12 1 9 12 1 1 9 12 1 9 12 1 1 10 12 1 1 10 12 1 1 10 12 100 1 7 1 10 8 1 10 12 1 1 10 12 1 8 1 8 1 10 12 1 1 10 12 1 8 1 9 12 1 1 100 1 8 1 10 12 1 8 1 8 1 9 12 10 12 1 8 1 8 1 8 1 10 12 1 8 1 8 1 8 1 100 1 10 100 1 10 100 1 10 9 12 1 1 10 7 12 1 1 1 100 1 10 12 1 1 10 12 1 10 100 12 1 1 10 7 12 1 1 1 10 7 12 1 1 1 9 12 1 1 10 7 12 1 1 1 9 12 1 1 7 1 10 10 12 1 1 7 1 10 10 7 12 1 1 1 1 1 3 1 1 1 1 1 1 1 1 1 1 1 1 1 1 100 1 1 1 1 1 1 1 7 1 1 1 1 1 1 1 1 1 1 1 1 1 1 1 1 1 1 1 1 1 1 1 1 1 1 1 1 1 1 1 1 1 1 1 1 1 1 1 100 1 100 1 100 1 100 1 100 1 100 1 100 1 1
staticfield java/nio/Buffer UNSAFE Ljdk/internal/misc/Unsafe; jdk/internal/misc/Unsafe
staticfield java/nio/Buffer SCOPED_MEMORY_ACCESS Ljdk/internal/misc/ScopedMemoryAccess; jdk/internal/misc/ScopedMemoryAccess
staticfield java/nio/Buffer IOOBE_FORMATTER Ljava/util/function/BiFunction; jdk/internal/util/Preconditions$4
staticfield java/nio/Buffer $assertionsDisabled Z 1
instanceKlass com/google/common/collect/Lists$TransformingRandomAccessList
instanceKlass java/util/AbstractList$SubList
instanceKlass java/util/Collections$CopiesList
instanceKlass org/eclipse/osgi/internal/container/InternalUtils$CopyOnFirstWriteList
instanceKlass org/eclipse/osgi/internal/weaving/DynamicImportList
instanceKlass java/util/AbstractSequentialList
instanceKlass java/util/Collections$SingletonList
instanceKlass java/util/Vector
instanceKlass sun/security/jca/ProviderList$ServiceList
instanceKlass sun/security/jca/ProviderList$3
instanceKlass java/util/Arrays$ArrayList
instanceKlass java/util/ArrayList$SubList
instanceKlass java/util/Collections$EmptyList
instanceKlass java/util/ArrayList
ciInstanceKlass java/util/AbstractList 1 1 218 10 7 12 1 1 1 9 7 12 1 1 1 10 12 1 1 10 12 1 1 100 1 10 10 12 1 1 11 7 12 1 1 1 11 12 1 1 11 12 1 10 7 12 1 1 1 10 12 1 11 12 1 11 12 1 11 12 1 10 12 1 1 10 12 1 1 11 7 12 1 1 1 11 7 1 11 7 1 10 12 1 7 1 10 12 1 10 12 1 1 7 1 7 1 10 12 1 100 1 10 100 1 7 1 10 8 1 10 12 1 1 10 12 1 10 12 1 1 10 12 1 8 1 100 1 8 1 8 1 8 1 10 7 1 11 10 10 12 1 11 12 1 10 12 1 1 8 1 8 1 1 1 1 1 1 1 1 1 1 1 1 1 1 1 1 1 1 1 1 1 1 1 1 1 1 1 1 1 1 1 1 1 1 1 1 1 1 1 1 1 1 1 1 1 1 1 1 1 1 1 1 1 1 1 1 1 1 100 1 100 1 1 1 1 1 1 1
ciInstanceKlass java/util/List 1 1 251 10 100 12 1 1 1 11 100 12 1 1 1 11 100 12 1 1 1 11 12 1 1 11 100 12 1 1 11 12 1 1 11 12 1 1 10 100 12 1 1 1 7 1 7 1 10 12 1 1 100 1 10 100 12 1 1 1 11 12 1 1 11 12 1 11 12 1 100 1 10 12 1 11 12 1 1 11 12 1 1 11 12 1 10 100 12 1 1 1 9 7 12 1 1 1 7 1 10 12 10 12 1 7 1 10 12 1 1 10 12 1 10 12 1 1 11 12 1 1 100 1 1 1 1 1 1 1 1 1 1 1 1 1 1 1 1 1 1 1 1 1 1 1 1 1 1 1 1 1 1 1 1 1 1 1 1 1 1 1 1 1 1 1 1 100 1 100 1 1 1 1 1 1 1 1 1 1 1 1 1 1 1 1 1 1 1 1 1 1 1 1 1 1 1 1 1 1 1 1 1 1 1 1 1 1 1 1 1 1 1 1 1 1 1 1 1 1 1 1 1 1 1 1 1 1 1 1 1 1 1 1 1 1 1 1 1 1 1 1 1 1 1 1 100 1 1 100 1 1 1
ciInstanceKlass java/util/SequencedCollection 1 1 109 100 1 10 12 1 1 11 7 12 1 1 1 11 7 12 1 1 1 11 12 1 1 11 12 1 7 1 7 1 1 1 1 1 1 1 1 1 1 1 1 1 1 1 1 1 1 1 1 1 1 1 1 1 1 1 1 1 100 1 8 1 1 12 10 1 1 1 8 1 1 1 8 1 1 1 8 1 1 1 8 1 1 8 1 1 1 8 1 1 8 1 1 1 8 1 1 8 1 1 1 8 1 1 8 1 1 8 1
ciInstanceKlass java/util/Collection 1 1 115 11 7 12 1 1 1 7 1 11 7 12 1 1 1 10 7 12 1 1 1 11 12 1 1 11 7 12 1 1 1 11 12 1 1 11 100 12 1 1 1 11 12 1 1 10 100 12 1 1 1 11 12 1 10 7 12 1 1 1 100 1 100 1 1 1 1 1 1 1 1 1 1 1 1 1 1 1 1 1 1 1 1 1 1 1 1 1 1 1 1 1 1 1 1 1 1 1 1 1 1 1 1 1 1 1 1 1 1 1 1 1 1 1 1
ciInstanceKlass java/lang/Iterable 1 1 62 10 7 12 1 1 1 11 7 12 1 1 1 11 7 12 1 1 1 11 12 1 1 11 7 12 1 1 1 10 100 12 1 1 1 100 1 1 1 1 1 1 1 1 1 1 1 1 1 1 1 1 1 1 1 1 1 1 1 1 1 1
ciMethod java/util/List isEmpty ()Z 0 0 1 0 -1
ciMethod java/util/List add (Ljava/lang/Object;)Z 0 0 1 0 -1
instanceKlass java/util/Hashtable$ValueCollection
instanceKlass org/eclipse/sisu/inject/MildElements
instanceKlass org/eclipse/sisu/inject/MildValues$1
instanceKlass com/google/common/collect/AbstractMapBasedMultimap$WrappedCollection
instanceKlass com/google/common/collect/Maps$Values
instanceKlass com/google/common/collect/AbstractMultimap$Values
instanceKlass com/google/common/collect/ImmutableCollection
instanceKlass org/apache/felix/resolver/util/ArrayMap$1
instanceKlass com/sun/jna/Structure$StructureSet
instanceKlass java/util/AbstractMap$2
instanceKlass java/util/TreeMap$Values
instanceKlass java/util/IdentityHashMap$Values
instanceKlass org/apache/felix/resolver/util/OpenHashMap$AbstractObjectCollection
instanceKlass org/eclipse/osgi/internal/container/NamespaceList$Builder
instanceKlass java/util/AbstractQueue
instanceKlass java/util/LinkedHashMap$LinkedValues
instanceKlass java/util/HashMap$Values
instanceKlass java/util/ArrayDeque
instanceKlass java/util/AbstractSet
instanceKlass java/util/ImmutableCollections$AbstractImmutableCollection
instanceKlass java/util/AbstractList
ciInstanceKlass java/util/AbstractCollection 1 1 160 10 7 12 1 1 1 10 7 12 1 1 1 10 12 1 1 11 7 12 1 1 1 11 12 1 1 10 12 1 1 10 100 12 1 1 1 10 12 1 1 10 12 1 1 10 7 12 1 1 10 7 12 1 1 1 7 1 10 7 12 1 1 1 10 100 12 1 1 1 100 1 10 11 12 1 11 7 1 10 12 1 10 12 1 10 100 12 1 1 1 11 8 1 7 1 10 10 12 1 1 8 1 10 12 1 10 12 1 1 1 1 1 1 1 1 1 1 1 1 1 1 1 1 1 1 1 1 1 1 1 1 1 1 1 1 1 1 1 1 1 1 1 1 1 1 1 1 1 1 1 1 1 1 1 1 1 1 1 1
ciMethod java/util/AbstractCollection <init> ()V 858 0 195607 0 80
ciMethod java/util/AbstractList <init> ()V 284 0 161750 0 0
ciInstanceKlass java/lang/AssertionStatusDirectives 0 0 24 10 100 12 1 1 1 100 1 1 1 1 1 1 1 1 1 1 1 1 1 1 1 1
instanceKlass org/eclipse/jdt/internal/compiler/ast/LambdaExpression$1NotPertientToApplicability
instanceKlass org/eclipse/jdt/internal/compiler/ast/LambdaExpression$CopyFailureException
instanceKlass org/eclipse/jdt/internal/compiler/flow/UnconditionalFlowInfo$AssertionFailedException
instanceKlass org/eclipse/jdt/internal/compiler/lookup/Scope$MethodClashException
instanceKlass com/google/inject/internal/aop/GlueException
instanceKlass lombok/core/AnnotationValues$AnnotationValueDecodeFail
instanceKlass org/apache/maven/artifact/InvalidArtifactRTException
instanceKlass org/eclipse/jdt/internal/compiler/problem/ShouldNotImplement
instanceKlass com/google/inject/OutOfScopeException
instanceKlass org/eclipse/lsp4j/jsonrpc/JsonRpcException
instanceKlass org/eclipse/lsp4j/jsonrpc/MessageIssueException
instanceKlass java/lang/annotation/IncompleteAnnotationException
instanceKlass org/eclipse/jdt/internal/core/search/matching/MatchLocator$WrappedCoreException
instanceKlass com/google/gson/JsonParseException
instanceKlass java/nio/file/ProviderNotFoundException
instanceKlass java/nio/file/FileSystemAlreadyExistsException
instanceKlass java/nio/file/FileSystemNotFoundException
instanceKlass org/eclipse/lsp4j/jsonrpc/ResponseErrorException
instanceKlass org/eclipse/jdt/internal/core/builder/AbortIncrementalBuildException
instanceKlass org/gradle/api/UncheckedIOException
instanceKlass org/eclipse/buildship/core/internal/GradlePluginsRuntimeException
instanceKlass com/sun/jna/LastErrorException
instanceKlass com/google/inject/CreationException
instanceKlass com/google/inject/ConfigurationException
instanceKlass com/google/inject/ProvisionException
instanceKlass java/io/UncheckedIOException
instanceKlass org/eclipse/text/edits/MalformedTreeException
instanceKlass org/w3c/dom/DOMException
instanceKlass org/eclipse/jdt/internal/codeassist/select/SelectionNodeFound
instanceKlass org/eclipse/jdt/internal/core/DeltaProcessor$1FoundRelevantDeltaException
instanceKlass org/eclipse/jdt/internal/compiler/lookup/ReferenceBinding$DysfunctionalInterfaceException
instanceKlass org/eclipse/jdt/internal/codeassist/complete/InvalidCursorLocation
instanceKlass org/eclipse/jdt/internal/codeassist/complete/CompletionNodeFound
instanceKlass org/eclipse/jdt/internal/compiler/problem/AbortCompilation
instanceKlass org/eclipse/jdt/internal/compiler/lookup/SourceTypeCollisionException
instanceKlass org/eclipse/jdt/internal/core/builder/MissingSourceFileException
instanceKlass org/eclipse/jdt/internal/core/builder/ImageBuilderInternalException
instanceKlass java/lang/NegativeArraySizeException
instanceKlass org/eclipse/jdt/internal/core/ClasspathEntry$AssertionFailedException
instanceKlass com/google/common/cache/CacheLoader$InvalidCacheLoadException
instanceKlass com/google/common/util/concurrent/UncheckedExecutionException
instanceKlass java/time/DateTimeException
instanceKlass ch/qos/logback/core/LogbackException
instanceKlass org/objectweb/asm/tree/UnsupportedClassVersionException
instanceKlass java/lang/reflect/UndeclaredThrowableException
instanceKlass org/eclipse/core/internal/events/BuildManager$JobManagerSuspendedException
instanceKlass org/eclipse/core/internal/localstore/IsSynchronizedVisitor$ResourceChangedException
instanceKlass org/eclipse/core/internal/dtree/ObjectNotFoundException
instanceKlass org/eclipse/core/internal/utils/WrappedRuntimeException
instanceKlass org/eclipse/core/runtime/OperationCanceledException
instanceKlass org/eclipse/equinox/internal/provisional/frameworkadmin/FrameworkAdminRuntimeException
instanceKlass org/osgi/util/promise/FailedPromisesException
instanceKlass java/lang/IllegalCallerException
instanceKlass org/eclipse/core/runtime/InvalidRegistryObjectException
instanceKlass org/eclipse/core/runtime/AssertionFailedException
instanceKlass org/osgi/service/component/ComponentException
instanceKlass java/util/MissingResourceException
instanceKlass org/osgi/framework/hooks/weaving/WeavingException
instanceKlass java/util/concurrent/RejectedExecutionException
instanceKlass java/lang/reflect/InaccessibleObjectException
instanceKlass java/util/ConcurrentModificationException
instanceKlass org/osgi/framework/ServiceException
instanceKlass java/lang/TypeNotPresentException
instanceKlass java/lang/IndexOutOfBoundsException
instanceKlass org/eclipse/osgi/framework/util/ThreadInfoReport
instanceKlass org/eclipse/osgi/storage/Storage$StorageException
instanceKlass java/util/NoSuchElementException
instanceKlass java/lang/SecurityException
instanceKlass java/lang/invoke/WrongMethodTypeException
instanceKlass java/lang/UnsupportedOperationException
instanceKlass java/lang/IllegalStateException
instanceKlass java/lang/IllegalArgumentException
instanceKlass java/lang/ArithmeticException
instanceKlass java/lang/NullPointerException
instanceKlass java/lang/IllegalMonitorStateException
instanceKlass java/lang/ArrayStoreException
instanceKlass java/lang/ClassCastException
ciInstanceKlass java/lang/RuntimeException 1 1 40 10 7 12 1 1 1 10 12 1 10 12 1 10 12 1 10 12 1 100 1 1 1 1 5 0 1 1 1 1 1 1 1 1 1 1 1 1 1 1
instanceKlass org/eclipse/jdt/internal/compiler/ast/SwitchStatement$SwitchTranslator$StringSwitchTranslator$StringCaseConstant
instanceKlass org/eclipse/jdt/internal/compiler/ast/SwitchStatement$SingletonBootstrap
instanceKlass org/eclipse/jdt/internal/compiler/parser/JavadocTagConstants$LevelTags
instanceKlass org/eclipse/jdt/internal/compiler/util/CharArray
instanceKlass org/eclipse/jdt/internal/core/builder/ClasspathJar$PackageCacheEntry
instanceKlass org/eclipse/jdt/internal/compiler/CompilerConfiguration
instanceKlass org/eclipse/jdt/internal/core/JarPackageFragmentRootInfo$PackageContent
instanceKlass org/eclipse/jdt/internal/core/JrtPackageFragmentRoot$JrtModuleKey
instanceKlass java/lang/reflect/Executable$ParameterData
instanceKlass java/nio/DirectByteBuffer$Deallocator
instanceKlass org/eclipse/jdt/internal/core/JavaModelManager$SecondaryTypesCache
instanceKlass org/eclipse/m2e/core/project/configurator/ProjectConfigurationRequest
instanceKlass org/eclipse/m2e/core/embedder/ArtifactRef
instanceKlass org/eclipse/m2e/core/embedder/ArtifactRepositoryRef
instanceKlass org/eclipse/m2e/core/project/configurator/MojoExecutionKey
instanceKlass org/eclipse/m2e/core/internal/project/registry/VersionlessKey
instanceKlass org/eclipse/m2e/core/embedder/ArtifactKey
instanceKlass org/eclipse/m2e/core/embedder/MavenConfigurationChangeEvent
instanceKlass org/eclipse/m2e/core/embedder/MavenSettingsLocations
instanceKlass java/lang/reflect/Proxy$ProxyBuilder$ProxyClassContext
instanceKlass org/eclipse/equinox/launcher/Main$Identifier
instanceKlass sun/security/pkcs/SignerInfo$AlgorithmInfo
instanceKlass jdk/internal/misc/ThreadTracker$ThreadRef
instanceKlass java/security/SecureClassLoader$CodeSourceKey
instanceKlass jdk/internal/module/ModuleReferenceImpl$CachedHash
instanceKlass java/util/stream/Collectors$CollectorImpl
instanceKlass jdk/internal/reflect/ReflectionFactory$Config
instanceKlass jdk/internal/foreign/abi/UpcallLinker$CallRegs
instanceKlass jdk/internal/foreign/abi/VMStorage
ciInstanceKlass java/lang/Record 1 1 22 10 7 12 1 1 1 100 1 1 1 1 1 1 1 1 1 1 1 1 1 1
ciInstanceKlass java/lang/invoke/MethodType 1 1 780 7 1 10 7 12 1 1 1 9 12 1 1 9 12 1 1 9 12 1 1 10 7 12 1 1 1 9 7 12 1 1 8 1 10 100 12 1 1 1 9 7 1 9 7 1 10 12 1 1 7 1 10 8 1 10 12 1 1 10 12 1 10 12 1 1 7 1 8 1 10 12 1 100 1 10 10 12 1 10 12 1 1 10 12 1 1 11 7 12 1 1 1 9 12 1 11 12 1 1 7 10 12 1 1 10 12 1 1 7 1 7 1 10 7 12 1 1 1 10 12 1 10 12 1 9 12 1 1 10 7 12 1 1 10 12 1 1 10 7 12 1 1 1 10 7 12 1 1 1 10 12 1 9 12 1 1 10 12 1 1 10 12 1 1 10 12 1 1 10 12 1 1 10 12 1 1 10 12 1 10 12 1 10 12 1 1 10 12 1 8 1 8 1 10 12 1 1 9 12 1 1 100 1 10 10 12 1 1 10 12 1 10 12 1 1 10 12 1 1 10 12 1 10 12 1 10 12 1 8 1 10 12 1 1 10 7 12 1 1 1 10 12 1 10 12 1 1 10 12 1 10 12 1 10 12 1 1 10 12 1 10 12 1 9 12 1 10 12 1 10 10 12 1 1 10 12 1 9 12 1 1 10 12 1 1 11 12 1 1 10 12 1 1 10 12 1 10 12 1 7 1 8 1 8 1 8 1 10 12 1 10 12 1 10 12 1 1 10 10 12 1 11 12 1 1 11 12 1 10 100 12 1 1 1 9 12 1 10 12 1 10 12 1 1 10 12 1 1 10 12 1 10 12 1 10 100 12 1 1 1 10 12 1 1 10 12 1 10 12 1 10 12 1 10 9 12 1 1 7 1 10 12 1 10 12 1 1 9 100 12 1 1 1 10 7 12 1 1 1 10 7 12 1 1 1 10 12 1 1 10 7 12 1 1 1 10 12 1 1 8 1 10 7 12 1 1 1 11 12 1 1 9 12 1 1 10 12 1 1 10 12 1 10 12 1 1 10 12 1 1 10 100 12 1 1 100 1 10 12 1 1 11 100 12 1 1 18 12 1 1 11 12 1 1 18 12 1 11 12 1 100 1 11 100 12 1 1 10 12 1 100 1 10 12 1 10 100 12 1 1 10 12 1 1 9 12 1 1 9 100 12 1 1 1 10 7 12 1 1 1 9 12 1 10 100 12 1 1 10 12 1 100 10 12 1 1 10 12 1 7 1 10 10 12 1 1 7 1 7 1 9 12 1 1 7 1 7 1 7 1 1 1 5 0 1 1 1 1 1 1 1 3 1 3 1 3 1 1 1 1 1 1 1 1 1 1 1 1 1 1 1 1 1 1 1 1 1 1 1 1 1 1 1 1 1 1 1 1 1 1 1 1 1 1 1 1 1 1 1 1 1 1 1 1 1 1 1 1 1 1 1 1 1 1 1 1 1 1 1 1 1 1 1 1 1 1 1 1 1 1 1 1 1 1 1 1 1 1 1 1 1 1 1 1 1 1 1 1 1 1 1 1 1 1 1 1 1 1 1 1 1 1 1 1 1 1 1 1 1 1 1 1 1 1 1 1 1 1 1 1 1 1 1 1 1 1 7 1 7 1 1 1 1 1 1 1 1 1 1 1 1 1 7 1 1 1 7 1 1 1 1 1 1 1 1 1 1 1 1 1 1 1 1 1 1 1 1 1 1 16 15 10 12 16 16 15 10 12 16 15 10 100 12 1 1 1 1 1 7 1 1 7 1 1 100 1 100 1 1
staticfield java/lang/invoke/MethodType internTable Ljdk/internal/util/ReferencedKeySet; jdk/internal/util/ReferencedKeySet
staticfield java/lang/invoke/MethodType NO_PTYPES [Ljava/lang/Class; 0 [Ljava/lang/Class;
staticfield java/lang/invoke/MethodType objectOnlyTypes [Ljava/lang/invoke/MethodType; 20 [Ljava/lang/invoke/MethodType;
staticfield java/lang/invoke/MethodType METHOD_HANDLE_ARRAY [Ljava/lang/Class; 1 [Ljava/lang/Class;
staticfield java/lang/invoke/MethodType serialPersistentFields [Ljava/io/ObjectStreamField; 0 [Ljava/io/ObjectStreamField;
staticfield java/lang/invoke/MethodType $assertionsDisabled Z 1
ciInstanceKlass java/lang/invoke/TypeDescriptor$OfMethod 1 0 43 100 1 100 1 100 1 1 1 1 1 1 1 1 1 1 1 1 1 1 1 1 1 1 1 1 1 1 1 1 1 1 1 1 1 1 1 1 1 1 100 1 1
instanceKlass java/lang/InstantiationException
instanceKlass java/lang/IllegalAccessException
instanceKlass java/lang/reflect/InvocationTargetException
instanceKlass java/lang/NoSuchFieldException
instanceKlass java/lang/NoSuchMethodException
instanceKlass java/lang/ClassNotFoundException
ciInstanceKlass java/lang/ReflectiveOperationException 1 1 34 10 7 12 1 1 1 10 12 1 10 12 1 10 12 1 100 1 1 1 1 5 0 1 1 1 1 1 1 1 1 1 1 1
instanceKlass java/lang/invoke/DelegatingMethodHandle
instanceKlass java/lang/invoke/BoundMethodHandle
instanceKlass java/lang/invoke/DirectMethodHandle
ciInstanceKlass java/lang/invoke/MethodHandle 1 1 733 100 1 9 7 12 1 1 1 10 7 12 1 1 1 10 7 12 1 1 1 7 1 7 1 10 12 1 1 9 12 1 1 10 12 1 10 12 1 1 10 12 1 1 10 7 12 1 1 1 10 12 1 1 10 12 1 1 11 7 12 1 1 1 10 12 1 1 10 12 1 10 12 1 10 12 1 1 9 12 1 1 9 12 1 1 10 7 12 1 1 1 10 12 1 1 10 12 1 10 12 1 100 1 7 1 10 8 1 10 12 1 1 10 12 1 8 1 10 12 1 1 10 12 1 10 7 12 1 1 1 10 12 1 1 10 12 1 1 10 12 1 1 10 7 12 1 1 1 10 12 1 1 10 12 1 1 10 12 1 10 12 1 1 10 7 12 1 1 10 7 12 1 1 10 12 1 10 12 1 10 12 1 1 10 12 1 1 10 12 1 1 10 12 1 1 10 7 12 1 1 1 10 7 12 1 1 1 10 12 1 1 10 12 1 1 10 12 1 1 8 1 10 7 12 1 1 1 8 1 10 12 1 10 12 1 1 10 12 1 1 10 12 1 8 1 10 12 1 1 8 1 10 12 1 8 1 10 7 12 1 1 1 9 12 1 1 100 1 10 9 7 12 1 1 1 9 7 1 8 1 10 12 1 1 10 12 1 10 12 1 1 10 12 1 10 12 1 1 10 12 1 10 12 1 1 10 12 1 10 12 1 1 10 12 1 1 8 1 10 12 1 1 8 1 10 12 1 10 12 1 1 10 12 1 10 12 1 10 12 1 1 9 100 12 1 1 1 10 12 1 1 11 12 1 10 12 1 10 12 1 1 10 100 12 1 1 100 1 11 12 1 10 100 1 11 12 1 7 1 10 12 1 11 12 1 9 100 12 1 1 1 11 12 1 1 11 100 12 1 1 1 10 12 1 1 9 12 1 11 12 1 9 12 1 9 12 1 9 12 1 11 12 1 1 9 12 1 9 12 1 9 12 1 9 12 1 9 12 1 9 12 1 9 12 1 8 1 10 12 1 10 12 1 8 1 10 12 1 10 12 1 10 12 1 1 10 10 10 7 12 1 1 10 12 1 1 100 1 7 1 8 1 8 1 10 10 12 1 1 10 12 1 10 12 1 7 1 10 100 12 1 1 1 10 9 7 12 1 1 1 10 12 1 1 10 12 1 1 8 1 8 1 10 7 12 1 1 9 12 1 9 12 1 1 9 12 1 1 10 12 1 7 1 10 12 1 10 12 1 1 9 12 1 1 9 12 1 1 10 7 12 1 1 1 11 7 12 1 1 9 12 1 10 12 1 1 9 12 1 10 12 1 8 10 12 1 1 8 1 1 1 1 1 1 1 1 7 1 1 1 1 1 1 1 1 1 1 1 1 1 1 1 1 1 1 1 1 1 1 1 1 1 1 1 1 1 1 100 1 1 1 1 1 1 1 1 1 1 1 1 1 1 1 1 1 1 1 1 1 1 1 1 1 1 1 1 1 1 1 1 1 1 1 1 1 1 1 1 1 1 1 1 1 1 1 1 1 1 1 1 1 1 1 1 1 1 1 1 1 1 1 1 1 1 1 1 1 1 1 1 1 1 1 1 1 1 1 1 1 1 1 1 1 1 100 1 1 100 1 7 1 100 1 1 100 1 1 100 1 1 1 1
staticfield java/lang/invoke/MethodHandle FORM_OFFSET J 20
staticfield java/lang/invoke/MethodHandle UPDATE_OFFSET J 13
staticfield java/lang/invoke/MethodHandle $assertionsDisabled Z 1
instanceKlass java/io/ObjectStreamClass$DeserializationConstructorsCache
ciInstanceKlass java/util/concurrent/ConcurrentHashMap 1 1 1210 7 1 7 1 3 10 12 1 1 3 7 1 10 7 12 1 1 1 7 1 10 7 12 1 1 1 100 1 11 12 1 1 11 12 1 11 12 1 1 9 12 1 1 9 12 1 1 9 12 1 10 7 12 1 1 1 7 1 10 12 1 1 10 12 1 1 10 7 12 1 1 1 4 10 12 1 9 12 1 10 12 1 1 100 1 10 5 0 10 12 1 10 12 1 1 5 0 10 12 1 1 10 12 1 9 12 1 1 10 12 1 1 9 12 1 9 12 1 1 10 12 1 1 9 12 1 10 12 1 1 9 12 1 1 10 12 1 1 100 1 10 100 1 10 12 1 10 12 1 1 10 12 1 1 10 12 1 1 10 12 1 10 12 1 1 10 12 1 1 100 1 10 12 1 1 7 1 100 1 8 1 10 12 1 10 12 1 1 10 12 1 1 11 7 12 1 1 10 12 1 1 11 12 1 1 11 7 12 1 1 1 11 7 12 1 1 1 11 12 1 7 1 11 12 1 11 12 1 10 12 1 1 10 12 1 1 9 12 1 1 10 100 12 1 1 1 9 10 12 1 1 9 12 1 10 12 1 1 5 0 9 12 1 1 7 1 10 12 1 9 12 1 1 7 1 10 12 1 9 12 1 7 1 10 7 1 10 10 12 1 1 8 1 10 12 1 10 12 1 1 11 100 1 10 12 1 10 100 12 1 1 1 8 1 10 100 12 1 1 1 8 1 10 12 1 8 1 10 12 1 10 12 1 1 10 100 12 1 1 10 12 1 10 12 1 10 12 1 9 12 1 9 10 12 1 9 12 1 1 11 100 12 1 1 1 11 7 12 1 1 1 100 1 10 12 11 100 12 1 1 10 11 7 12 1 10 12 1 100 1 10 12 1 100 1 10 10 9 7 12 1 1 1 10 12 3 10 7 12 1 1 9 12 1 10 12 1 1 9 12 1 1 9 12 1 10 12 1 1 10 100 12 1 1 9 12 1 9 7 12 1 1 10 12 1 1 10 12 1 3 9 12 1 9 12 1 10 12 1 1 7 1 9 3 9 12 1 7 1 10 12 1 9 12 1 10 12 1 9 12 1 10 12 1 9 12 1 10 100 12 1 1 1 100 10 12 1 7 1 5 0 10 100 12 1 1 100 1 10 12 1 1 10 12 1 10 12 1 100 1 10 12 1 10 100 1 100 1 10 10 12 1 10 100 1 10 12 1 10 100 1 10 12 1 10 7 1 10 12 1 1 100 1 10 12 1 10 10 12 1 100 1 10 12 1 10 10 12 1 100 1 10 12 1 10 100 1 10 12 1 10 100 1 10 12 1 10 100 1 10 12 1 10 100 1 10 12 1 10 100 1 10 12 1 10 100 1 10 12 1 10 100 1 10 12 1 10 100 1 10 10 100 1 10 10 100 1 10 10 100 1 10 12 1 10 100 1 10 12 1 10 100 1 10 12 1 10 100 1 10 12 1 10 100 1 10 12 1 10 100 1 10 10 100 1 10 10 100 1 10 10 100 1 10 12 1 10 100 1 10 12 1 10 100 1 10 12 1 10 100 1 10 12 1 10 100 1 10 12 1 10 10 12 1 10 7 12 1 1 1 10 12 1 7 1 7 1 10 12 1 9 12 1 1 9 12 1 1 10 12 1 1 8 10 12 1 1 8 8 8 8 7 10 12 1 1 10 12 1 100 1 8 1 10 7 1 7 1 7 1 1 1 5 0 1 1 3 1 3 1 1 1 1 3 1 3 1 3 1 1 1 1 1 3 1 3 1 3 1 1 1 1 1 1 1 1 1 1 1 1 1 1 1 1 1 1 1 1 1 1 1 1 1 100 1 1 1 1 1 1 1 1 1 1 1 1 1 1 1 1 1 1 1 1 1 1 1 1 1 1 1 1 1 1 1 1 1 1 1 1 1 1 1 1 1 1 1 1 1 1 1 1 1 1 1 1 1 1 1 1 1 1 1 1 1 1 1 1 1 1 1 1 1 1 1 1 1 1 1 1 1 1 1 1 1 1 1 1 100 1 1 1 1 1 1 1 1 1 1 1 7 1 1 1 1 1 1 1 1 1 1 1 1 1 1 1 1 1 1 1 1 1 1 1 1 1 1 1 1 1 1 1 1 1 1 1 1 1 1 1 1 1 1 1 1 1 1 1 1 1 1 1 1 1 1 1 1 1 1 1 1 1 1 1 1 1 1 1 1 1 1 1 1 1 1 1 1 1 1 1 1 1 1 1 1 1 1 1 1 1 1 1 1 1 1 1 1 1 1 1 1 1 1 1 1 1 1 1 1 1 1 1 1 1 1 1 1 1 1 1 1 1 1 1 1 1 1 1 1 1 1 1 1 1 1 1 1 1 1 1 1 1 1 1 1 1 1 1 1 1 1 1 1 1 1 1 1 1 1 1 1 1 1 1 1 1 1 1 1 1 1 1 1 1 1 1 1 1 1 1 1 1 1 1 1 1 1 1 1 1 1 1 1 1 1 1 1 1 1 1 1 1 1 1 1 1 1 1 1 1 1 1 1 1 1 1 1 1 1 1 1 1 1 1 100 1 100 1 100 1 100 1 100 1 100 1 100 1 100 1 100 1 1 1 1 1 1 1 1 1 1 1 1 1 1 1 1 1 1 1 1 1 1 1 1 1 1 1 1 1 1 1 1 1 1 1 1 1 1 1 1 1 1 1 1 1 1 1 1 1 1 1 1 1 1 1 1 1 1
staticfield java/util/concurrent/ConcurrentHashMap NCPU I 16
staticfield java/util/concurrent/ConcurrentHashMap serialPersistentFields [Ljava/io/ObjectStreamField; 3 [Ljava/io/ObjectStreamField;
staticfield java/util/concurrent/ConcurrentHashMap U Ljdk/internal/misc/Unsafe; jdk/internal/misc/Unsafe
staticfield java/util/concurrent/ConcurrentHashMap SIZECTL J 20
staticfield java/util/concurrent/ConcurrentHashMap TRANSFERINDEX J 32
staticfield java/util/concurrent/ConcurrentHashMap BASECOUNT J 24
staticfield java/util/concurrent/ConcurrentHashMap CELLSBUSY J 36
staticfield java/util/concurrent/ConcurrentHashMap CELLVALUE J 144
staticfield java/util/concurrent/ConcurrentHashMap ABASE I 16
staticfield java/util/concurrent/ConcurrentHashMap ASHIFT I 2
instanceKlass org/eclipse/sisu/wire/EntryMapAdapter
instanceKlass com/google/common/collect/Maps$ViewCachingAbstractMap
instanceKlass com/google/common/collect/MapMakerInternalMap
instanceKlass org/eclipse/sisu/wire/MergedProperties
instanceKlass com/google/gson/internal/LinkedTreeMap
instanceKlass com/google/common/cache/LocalCache
instanceKlass org/apache/felix/resolver/util/ArrayMap
instanceKlass java/util/concurrent/ConcurrentSkipListMap
instanceKlass org/eclipse/osgi/internal/framework/FilterImpl$DictionaryMap
instanceKlass org/eclipse/osgi/internal/framework/FilterImpl$ServiceReferenceMap
instanceKlass org/eclipse/osgi/internal/serviceregistry/ShrinkableValueCollectionMap
instanceKlass java/util/Collections$SingletonMap
instanceKlass java/util/TreeMap
instanceKlass java/util/IdentityHashMap
instanceKlass java/util/EnumMap
instanceKlass java/util/WeakHashMap
instanceKlass java/util/Collections$EmptyMap
instanceKlass sun/util/PreHashedMap
instanceKlass java/util/HashMap
instanceKlass java/util/ImmutableCollections$AbstractImmutableMap
instanceKlass java/util/concurrent/ConcurrentHashMap
ciInstanceKlass java/util/AbstractMap 1 1 196 10 7 12 1 1 1 10 7 12 1 1 1 11 7 12 1 1 1 10 11 12 1 1 11 7 12 1 1 1 11 12 1 1 7 1 11 12 1 10 12 1 1 11 12 1 100 1 10 11 12 1 11 7 1 10 12 1 1 11 12 1 9 12 1 1 7 1 10 12 1 9 12 1 1 7 1 10 11 11 12 1 1 11 12 1 7 1 100 1 11 12 1 8 1 7 1 10 10 12 1 1 8 1 10 12 1 10 12 1 1 10 12 1 1 1 1 1 1 1 1 1 1 1 1 1 1 1 1 1 1 1 1 1 1 1 1 1 1 1 1 1 1 1 1 1 1 1 1 1 1 1 1 7 1 1 1 1 1 1 1 7 1 1 1 1 1 1 1 1 1 7 1 1 1 1 1 1 1 1 1 100 1 100 1 100 1 100 1 100 1 1 1 1 1 1
ciInstanceKlass java/util/concurrent/ConcurrentMap 1 1 208 11 7 12 1 1 1 10 100 12 1 1 11 12 1 1 11 100 12 1 1 1 11 7 12 1 1 1 11 12 1 1 100 1 11 12 1 11 12 1 100 1 11 100 12 1 1 1 18 12 1 11 12 1 1 11 100 12 1 1 11 12 1 1 11 100 12 1 11 12 1 1 11 12 1 1 7 1 7 1 1 1 1 1 1 1 1 1 1 1 1 1 1 1 1 1 1 1 1 1 1 1 1 1 1 1 1 1 1 1 1 1 1 1 1 1 1 1 1 1 1 1 1 1 1 1 1 1 1 1 1 1 1 1 1 1 1 1 1 16 15 11 12 15 10 100 12 1 1 1 1 1 100 1 100 1 1 1 100 1 8 1 1 12 10 1 1 1 8 1 1 1 8 1 1 8 1 1 1 8 1 1 1 8 1 1 1 8 1 1 1 8 1 1 1 8 1 1 1 8 1 1 1 8 1 1 8 1
ciInstanceKlass jdk/internal/loader/ClassLoaders 1 1 183 10 7 12 1 1 1 10 7 12 1 1 1 10 12 1 1 10 100 12 1 1 1 9 7 12 1 1 1 9 12 1 1 9 12 1 1 7 1 11 100 12 1 1 1 100 1 11 12 1 1 11 12 1 1 10 100 12 1 1 1 10 100 12 1 1 1 100 1 100 1 10 7 12 1 1 1 9 12 1 1 10 12 1 1 7 1 10 12 1 1 10 12 1 7 1 8 1 10 7 12 1 1 1 10 12 1 1 7 1 10 12 1 10 12 1 10 12 1 8 1 10 7 12 1 1 8 1 8 1 10 12 1 7 1 10 12 1 10 12 1 10 12 1 1 1 1 1 1 1 1 1 1 1 1 1 1 1 1 1 1 1 1 7 1 1 1 1 1 1 1 1 1 1 1 1 1 1 1 1 1 1 1
staticfield jdk/internal/loader/ClassLoaders JLA Ljdk/internal/access/JavaLangAccess; java/lang/System$2
staticfield jdk/internal/loader/ClassLoaders BOOT_LOADER Ljdk/internal/loader/ClassLoaders$BootClassLoader; jdk/internal/loader/ClassLoaders$BootClassLoader
staticfield jdk/internal/loader/ClassLoaders PLATFORM_LOADER Ljdk/internal/loader/ClassLoaders$PlatformClassLoader; jdk/internal/loader/ClassLoaders$PlatformClassLoader
staticfield jdk/internal/loader/ClassLoaders APP_LOADER Ljdk/internal/loader/ClassLoaders$AppClassLoader; jdk/internal/loader/ClassLoaders$AppClassLoader
instanceKlass jdk/internal/loader/ClassLoaders$BootClassLoader
instanceKlass jdk/internal/loader/ClassLoaders$PlatformClassLoader
instanceKlass jdk/internal/loader/ClassLoaders$AppClassLoader
ciInstanceKlass jdk/internal/loader/BuiltinClassLoader 1 1 737 9 7 12 1 1 1 10 7 12 1 1 1 10 7 12 1 1 1 9 12 1 1 9 12 1 1 7 1 10 12 1 9 12 1 10 12 1 9 12 1 10 7 12 1 1 1 10 7 12 1 1 1 10 7 12 1 1 1 11 7 12 1 1 1 7 1 7 1 10 10 12 1 1 8 1 10 12 1 10 12 7 1 10 12 1 10 12 1 1 11 7 12 1 1 1 11 7 12 1 1 1 11 12 1 1 7 1 8 1 8 1 10 9 12 1 1 10 7 12 1 1 11 12 1 1 10 12 1 1 10 12 1 1 10 12 1 1 10 7 12 1 1 1 10 12 1 10 7 12 1 1 1 10 12 1 1 11 7 12 1 1 1 10 7 12 1 1 7 1 10 7 12 1 1 1 10 12 1 100 1 8 1 10 12 1 1 10 8 1 10 12 1 1 10 12 1 1 10 12 1 1 11 7 12 1 1 11 12 1 7 1 10 11 12 1 1 11 10 12 1 1 7 1 10 12 1 10 7 12 1 10 12 1 7 1 10 12 1 10 7 12 1 1 1 100 1 10 12 1 1 11 12 1 7 1 100 1 10 12 1 10 12 1 1 100 1 100 1 10 12 1 10 12 1 18 12 1 1 10 12 1 10 12 1 1 18 100 1 10 7 12 1 1 1 7 1 10 10 12 1 1 10 12 1 1 10 12 1 1 10 12 1 9 12 1 1 100 1 10 10 12 1 1 10 12 1 1 10 12 1 10 12 10 12 1 1 10 12 1 1 10 12 1 1 10 12 1 10 12 1 1 18 12 1 7 1 10 12 1 1 10 12 1 10 12 1 1 10 12 1 100 1 10 12 1 7 1 10 12 1 10 7 12 1 1 1 10 12 1 11 12 1 7 1 10 12 1 7 1 100 1 10 12 1 10 12 1 11 12 1 1 10 12 1 1 10 12 1 1 10 12 1 1 10 12 1 1 10 12 1 10 12 1 10 12 1 10 12 1 8 1 10 12 1 1 10 7 12 1 1 10 12 1 100 1 8 1 8 1 10 10 12 1 8 1 8 1 10 7 12 1 1 1 11 7 12 1 1 1 9 7 12 1 1 1 10 7 12 1 1 1 9 12 1 9 12 1 9 12 1 9 12 1 9 12 1 9 12 1 10 7 12 1 1 1 8 1 10 12 1 7 1 10 12 1 1 10 12 1 7 1 10 11 12 1 1 10 12 10 12 1 10 12 1 100 1 10 12 1 10 12 1 10 10 12 1 10 7 12 1 1 8 1 10 7 12 1 1 10 12 1 1 1 1 1 1 1 1 1 1 1 1 1 1 1 1 1 1 1 1 1 1 1 1 1 1 1 1 1 1 1 1 1 1 1 1 1 1 1 1 1 1 1 1 1 1 1 1 1 1 1 1 1 1 1 1 7 1 1 1 1 1 1 1 1 1 1 1 1 1 1 1 1 1 1 7 1 7 1 1 1 1 1 1 1 1 1 1 1 1 1 1 1 1 1 1 1 1 1 1 1 1 1 1 1 1 1 1 1 1 1 1 1 1 1 1 1 1 1 1 1 1 1 1 1 1 1 1 1 100 1 1 16 15 10 12 16 15 10 12 16 15 10 12 16 1 15 10 100 12 1 1 1 1 1 100 1 1 1 1 1 100 1 100 1 1
staticfield jdk/internal/loader/BuiltinClassLoader packageToModule Ljava/util/Map; java/util/concurrent/ConcurrentHashMap
staticfield jdk/internal/loader/BuiltinClassLoader $assertionsDisabled Z 1
ciInstanceKlass jdk/internal/loader/ClassLoaders$AppClassLoader 1 1 119 8 1 10 7 12 1 1 1 10 7 12 1 1 1 10 7 12 1 1 1 10 12 1 1 10 7 12 1 1 1 10 12 1 1 10 12 1 1 7 1 8 1 10 12 10 7 12 1 1 1 10 7 12 1 1 10 12 1 1 10 12 1 1 10 7 12 1 1 1 7 1 10 12 1 1 1 1 1 1 1 1 1 1 1 1 1 1 1 1 1 1 1 1 1 7 1 1 1 1 1 1 1 1 1 1 1 1 1 1 1 1 1 1 1 7 1 1 1
ciInstanceKlass jdk/internal/loader/ClassLoaders$PlatformClassLoader 1 1 42 8 1 10 7 12 1 1 1 10 7 12 1 1 1 7 1 10 12 1 7 1 1 1 1 1 1 1 1 1 1 1 1 1 1 7 1 1 1 100 1 1
ciInstanceKlass java/lang/ArithmeticException 1 1 26 10 100 12 1 1 1 10 12 1 100 1 1 1 1 5 0 1 1 1 1 1 1 1 1 1
ciInstanceKlass java/lang/ArrayStoreException 1 1 26 10 100 12 1 1 1 10 12 1 100 1 1 1 1 5 0 1 1 1 1 1 1 1 1 1
ciInstanceKlass java/lang/ClassCastException 1 1 26 10 7 12 1 1 1 10 12 1 100 1 1 1 1 5 0 1 1 1 1 1 1 1 1 1
ciInstanceKlass java/lang/ClassNotFoundException 1 1 96 7 1 10 7 12 1 1 1 10 12 1 10 12 1 1 10 100 12 1 1 1 8 1 10 100 12 1 1 1 10 7 12 1 1 10 100 12 1 1 1 10 100 12 1 1 1 10 12 1 1 7 1 10 12 1 9 12 1 1 1 1 1 5 0 1 1 1 1 1 1 1 1 1 1 1 1 1 1 1 1 1 1 100 1 1 1 1 1 1 1 1 1 1 1 1
staticfield java/lang/ClassNotFoundException serialPersistentFields [Ljava/io/ObjectStreamField; 1 [Ljava/io/ObjectStreamField;
instanceKlass java/nio/file/InvalidPathException
instanceKlass java/nio/file/ProviderMismatchException
instanceKlass org/apache/maven/cli/MavenCli$IllegalUseOfUndefinedProperty
instanceKlass java/util/regex/PatternSyntaxException
instanceKlass java/nio/charset/UnsupportedCharsetException
instanceKlass java/nio/charset/IllegalCharsetNameException
instanceKlass java/lang/NumberFormatException
ciInstanceKlass java/lang/IllegalArgumentException 1 1 35 10 7 12 1 1 1 10 12 1 10 12 1 10 12 1 100 1 1 1 1 5 0 1 1 1 1 1 1 1 1 1 1 1 1
ciInstanceKlass java/lang/IllegalMonitorStateException 1 1 26 10 100 12 1 1 1 10 12 1 100 1 1 1 1 5 0 1 1 1 1 1 1 1 1 1
ciInstanceKlass java/lang/BootstrapMethodError 0 0 45 10 100 12 1 1 1 10 12 1 10 12 1 10 100 12 1 1 1 10 100 12 1 1 1 1 1 1 5 0 1 1 1 1 1 1 1 1 1 1 1 100 1 1 1
instanceKlass java/lang/ExceptionInInitializerError
instanceKlass java/lang/ClassFormatError
instanceKlass java/lang/UnsatisfiedLinkError
instanceKlass java/lang/IncompatibleClassChangeError
instanceKlass java/lang/BootstrapMethodError
instanceKlass java/lang/NoClassDefFoundError
ciInstanceKlass java/lang/LinkageError 1 1 31 10 7 12 1 1 1 10 12 1 10 12 1 100 1 1 1 1 5 0 1 1 1 1 1 1 1 1 1 1 1
ciInstanceKlass java/lang/NullPointerException 1 1 52 10 7 12 1 1 1 10 12 1 9 7 12 1 1 1 10 12 1 1 9 12 1 1 10 12 1 1 10 12 1 1 1 1 5 0 1 1 1 1 1 1 1 1 100 1 100 1 100 1 1 1
ciInstanceKlass java/lang/NoClassDefFoundError 1 1 26 10 7 12 1 1 1 10 12 1 100 1 1 1 1 5 0 1 1 1 1 1 1 1 1 1
ciInstanceKlass java/lang/StackOverflowError 1 1 26 10 100 12 1 1 1 10 12 1 100 1 1 1 1 5 0 1 1 1 1 1 1 1 1 1
ciInstanceKlass java/lang/StackTraceElement 1 1 235 10 7 12 1 1 1 10 7 12 1 1 9 12 1 1 9 12 1 1 9 12 1 9 12 1 8 1 10 100 12 1 1 1 7 1 9 12 1 8 1 9 12 1 9 12 1 9 12 1 1 10 12 1 1 10 12 1 8 1 10 7 12 1 1 1 7 1 10 12 1 10 12 1 1 10 12 1 10 12 1 1 10 12 1 10 12 1 10 10 12 1 8 1 10 12 1 10 12 1 1 10 12 1 1 10 12 1 10 12 1 10 12 1 9 12 1 1 10 7 12 1 1 1 10 12 1 1 7 1 10 12 1 1 10 7 12 1 1 10 7 12 1 1 1 10 7 12 1 1 10 7 12 1 1 10 10 12 1 1 10 12 1 1 10 12 1 1 10 12 1 7 1 1 1 1 1 1 1 3 1 3 1 1 5 0 1 1 1 1 1 1 1 1 1 1 1 1 1 1 1 1 1 1 1 1 1 1 1 1 1 1 1 1 1 7 1 7 1 1 1 1 1 1 1 100 1 1 1 1 1 1 1 1 1
instanceKlass java/util/concurrent/locks/AbstractQueuedSynchronizer
ciInstanceKlass java/util/concurrent/locks/AbstractOwnableSynchronizer 1 1 32 10 7 12 1 1 1 9 7 12 1 1 1 100 1 1 1 1 5 0 1 1 1 1 1 1 1 1 1 1 1 1
ciInstanceKlass jdk/internal/vm/Continuation 0 0 549 9 100 12 1 1 1 9 12 1 9 12 1 100 1 7 1 10 12 1 1 8 1 10 12 1 1 10 12 1 10 12 1 1 10 12 1 9 7 12 1 1 1 11 100 12 1 1 1 10 7 1 9 12 1 1 9 12 1 1 10 8 1 10 12 1 9 12 1 1 10 11 12 1 1 100 1 10 100 12 1 1 1 10 12 1 1 10 12 1 10 12 1 1 11 12 1 1 9 12 1 1 10 12 1 1 18 12 1 1 10 7 12 1 1 1 100 1 10 12 1 11 100 12 1 1 1 10 12 1 9 12 1 10 12 1 1 100 1 8 1 10 12 1 10 12 1 1 9 12 1 1 11 12 1 1 9 12 1 1 8 1 10 11 12 1 1 11 12 1 1 10 12 1 1 10 12 1 1 9 12 1 10 12 1 10 10 12 1 8 1 10 12 1 8 1 8 1 10 7 12 1 1 1 10 7 12 1 1 1 10 12 1 9 12 1 11 12 1 7 1 10 12 1 10 12 1 1 9 12 1 1 7 1 10 12 1 1 9 12 1 1 10 12 1 10 12 1 11 7 12 1 1 10 7 1 10 12 1 8 1 9 12 1 10 12 1 1 9 12 1 1 10 7 12 1 1 8 1 8 1 8 1 8 1 10 12 1 1 10 12 1 10 12 1 10 12 1 10 12 1 1 10 12 1 1 8 1 10 12 1 1 9 12 1 1 10 12 1 1 9 12 1 8 1 10 7 12 1 1 1 10 12 1 8 1 100 1 8 1 10 9 12 1 1 8 1 10 7 12 1 1 10 100 12 1 1 8 1 8 1 10 12 10 100 12 1 1 1 10 7 1 10 7 12 1 1 1 18 11 100 12 1 1 1 18 12 1 11 12 1 1 7 1 10 7 12 1 1 10 12 1 1 8 10 12 1 1 10 100 12 1 1 1 10 100 12 1 1 10 12 1 8 1 10 12 1 7 1 7 1 10 12 1 1 1 1 1 1 1 1 1 1 1 1 1 1 1 1 1 1 1 1 1 1 1 1 1 1 1 1 1 1 1 1 1 1 1 1 1 1 1 1 1 1 1 1 1 1 1 1 1 1 1 1 1 1 1 1 1 1 1 1 1 1 1 1 1 1 1 1 1 1 1 1 1 1 1 100 1 1 16 1 15 10 12 16 15 11 7 12 1 1 1 16 1 16 1 15 10 12 16 15 10 100 12 1 1 1 1 1 1 1 1 100 1 100 1 1
ciInstanceKlass jdk/internal/misc/UnsafeConstants 1 1 34 10 100 12 1 1 1 9 7 12 1 1 1 9 12 1 9 12 1 1 9 12 1 9 12 1 1 1 1 1 1 1 1 1
staticfield jdk/internal/misc/UnsafeConstants ADDRESS_SIZE0 I 8
staticfield jdk/internal/misc/UnsafeConstants PAGE_SIZE I 4096
staticfield jdk/internal/misc/UnsafeConstants BIG_ENDIAN Z 0
staticfield jdk/internal/misc/UnsafeConstants UNALIGNED_ACCESS Z 1
staticfield jdk/internal/misc/UnsafeConstants DATA_CACHE_LINE_FLUSH_SIZE I 0
instanceKlass org/apache/maven/artifact/versioning/ManagedVersionMap
instanceKlass com/sun/jna/win32/W32APIOptions$2
instanceKlass com/sun/jna/win32/W32APIOptions$1
instanceKlass org/eclipse/jdt/ls/core/internal/preferences/Preferences$ReferencedLibraries$3
instanceKlass java/lang/ProcessEnvironment
instanceKlass java/util/LinkedHashMap
ciInstanceKlass java/util/HashMap 1 1 629 10 7 12 1 1 1 7 1 10 12 1 1 7 1 10 7 12 1 1 1 100 1 11 12 1 1 11 12 1 11 12 1 1 10 7 12 1 1 1 7 1 3 10 7 12 1 1 1 100 1 7 1 10 8 1 10 12 1 1 10 12 1 10 12 1 1 10 12 1 10 7 12 1 1 1 8 1 10 12 1 9 12 1 1 10 12 1 9 12 1 1 4 10 12 1 10 12 1 1 11 7 12 1 1 9 12 1 1 10 7 12 1 1 1 6 0 10 12 1 1 11 12 1 1 11 7 12 1 1 1 11 7 12 1 1 1 11 12 1 1 7 1 11 12 1 11 12 1 10 12 1 10 12 1 1 9 12 10 12 1 1 9 7 12 1 1 1 9 12 9 12 1 10 12 1 1 9 12 1 7 1 10 12 1 1 10 12 1 1 10 12 1 1 10 12 1 1 10 12 1 1 9 12 1 10 12 1 1 3 4 10 12 1 1 10 12 1 1 9 12 1 1 9 10 12 1 1 10 12 1 1 10 12 1 1 10 12 1 9 12 1 1 7 1 10 12 1 10 12 1 10 7 12 1 1 1 7 1 9 12 1 1 7 1 10 9 12 7 1 10 100 1 10 11 7 12 1 1 1 100 1 10 11 7 12 1 1 11 7 12 1 1 1 10 12 1 100 1 7 1 10 12 1 10 12 1 10 12 1 10 100 12 1 1 10 12 1 1 10 12 1 1 10 7 12 1 1 1 8 10 7 12 1 1 1 100 1 10 4 4 10 12 1 1 10 7 12 1 1 1 10 12 1 8 1 6 0 10 7 12 1 1 1 7 1 11 7 12 1 1 1 10 12 1 10 12 1 10 10 12 1 1 6 0 8 1 10 12 1 10 12 7 1 7 1 1 1 1 5 0 1 3 1 1 1 3 1 3 1 3 1 1 1 1 1 1 1 1 1 1 1 1 1 1 1 1 1 1 1 1 1 1 100 1 1 1 1 1 1 1 1 1 1 1 1 1 1 1 1 1 1 1 1 1 1 1 1 1 1 1 1 1 1 1 1 1 100 1 1 1 1 1 1 1 1 1 1 1 1 1 1 1 1 1 1 1 1 1 1 1 1 1 1 1 1 1 1 1 1 1 1 1 1 1 1 1 1 1 1 1 1 1 1 1 1 1 1 1 7 1 1 1 1 1 1 1 1 1 1 1 1 1 1 1 1 1 1 1 1 1 1 1 1 1 1 1 1 1 1 1 1 1 1 1 1 1 1 1 1 1 1 1 1 1 1 1 1 7 1 1 1 1 1 1 1 1 7 1 1 1 1 1 1 1 1 1 1 1 1 1 1 1 1 1 1 100 1 100 1 100 1 100 1 100 1 100 1 100 1 100 1 1 1 1 1 1 1 1 1 1 1 1 1 1 1 1 1 1
ciMethod java/util/HashMap get (Ljava/lang/Object;)Ljava/lang/Object; 1024 0 22779 0 -1
ciInstanceKlass java/lang/invoke/LambdaForm 1 1 1059 7 1 100 1 10 7 12 1 1 1 9 12 1 1 9 12 1 9 12 1 9 12 1 1 9 12 1 1 9 12 1 1 9 12 1 1 9 12 1 1 9 12 1 10 7 12 1 1 9 12 1 10 12 1 1 100 1 10 10 12 1 1 10 12 1 10 12 1 10 12 1 1 10 12 1 9 12 1 9 12 1 10 12 1 1 10 7 12 1 1 1 10 12 1 1 9 100 12 1 1 1 10 12 1 1 9 7 12 1 1 10 12 1 10 12 1 1 10 12 1 1 10 12 1 1 7 1 10 7 12 1 1 1 10 12 1 1 10 12 1 10 12 1 1 9 12 1 1 9 12 1 9 12 1 1 10 12 1 9 12 1 10 100 12 1 1 1 10 12 1 1 7 1 10 12 1 9 12 1 1 10 7 12 1 1 1 10 12 1 10 12 1 7 1 10 12 1 10 12 1 10 12 1 1 10 12 1 1 10 12 1 10 12 1 10 12 1 10 12 1 1 8 1 10 12 1 10 12 1 10 10 12 1 8 1 8 1 9 12 1 9 12 1 1 10 12 1 1 10 12 1 9 12 1 10 12 1 1 10 7 12 1 1 1 10 12 1 1 10 12 1 10 12 1 10 100 12 1 1 1 9 12 1 10 12 1 8 1 8 1 8 1 8 1 8 1 8 1 8 1 8 1 10 12 1 9 12 1 7 1 10 12 1 1 9 12 1 10 12 1 10 12 1 1 10 12 10 12 1 10 12 1 1 10 12 1 1 10 10 12 1 1 10 12 1 1 7 1 8 1 10 12 1 1 10 12 1 10 12 1 1 10 8 1 10 12 1 1 8 1 8 1 8 1 10 12 1 10 12 1 10 12 1 1 100 1 10 12 1 1 10 12 1 1 10 7 12 1 1 1 10 12 1 1 9 12 1 1 8 1 10 100 12 1 1 1 10 7 12 1 1 10 12 10 12 1 1 10 12 1 1 9 12 1 8 10 12 1 1 100 1 10 12 1 1 10 12 1 9 7 12 1 1 9 7 12 1 1 1 8 1 10 100 12 1 1 10 12 1 1 7 1 7 1 10 10 12 1 1 10 12 1 1 8 1 8 1 7 1 8 1 10 12 10 12 1 10 12 1 10 12 1 1 8 1 8 1 10 12 1 10 12 1 1 8 1 8 1 8 1 7 1 8 1 7 1 8 1 7 1 8 1 10 12 1 8 1 9 10 7 12 1 1 1 10 12 1 9 12 1 1 10 12 1 10 10 12 1 10 12 1 10 12 1 10 12 1 1 10 12 1 10 12 1 1 10 12 1 1 10 12 1 1 10 12 1 1 8 1 100 10 12 1 10 12 1 9 12 1 1 10 7 12 1 1 8 1 8 1 7 1 8 1 8 1 8 1 8 1 8 1 8 1 8 1 8 1 10 12 1 1 10 12 1 1 10 12 1 10 12 1 10 12 1 10 12 1 8 1 8 1 8 1 10 12 1 8 1 10 12 1 8 1 8 1 8 1 8 1 8 1 10 12 1 10 12 1 10 12 1 1 10 7 12 1 1 1 10 12 1 10 12 1 10 12 1 10 12 1 10 12 1 10 12 1 10 12 1 9 12 1 1 8 1 10 12 1 1 9 12 1 1 10 12 1 1 9 12 1 9 12 1 1 9 12 1 9 12 1 1 7 1 10 7 12 1 1 1 9 12 1 10 12 1 10 12 1 8 1 10 12 1 9 12 1 1 7 1 10 7 12 1 1 1 8 1 100 1 10 12 1 9 12 1 9 12 1 10 12 1 10 12 1 10 7 12 1 1 1 10 12 1 9 7 12 1 1 10 12 1 1 10 12 1 10 12 1 10 12 1 9 12 10 12 1 10 10 12 1 9 12 1 9 9 12 1 7 9 12 1 1 10 12 1 1 9 12 1 10 12 1 10 7 1 9 1 1 1 1 3 1 3 1 1 3 1 3 1 1 1 1 1 1 1 1 1 1 1 1 1 1 1 1 1 1 1 1 1 1 1 1 1 1 1 1 1 1 1 1 1 1 1 1 1 1 1 1 1 1 1 1 1 1 1 1 1 1 1 100 1 1 1 1 1 1 1 1 1 1 1 1 1 1 1 1 1 1 1 1 1 1 1 1 1 1 1 1 1 1 1 1 1 1 1 1 1 1 1 1 1 1 1 1 1 1 1 1 1 1 1 1 1 1 1 1 1 1 1 1 1 1 100 1 1 1 1 1 1 1 1 1 1 1 1 1 1 1 1 1 1 1 1 1 1 1 1 1 1 1 1 1 1 1 1 1 1 7 1 1 1 1 1 1 1 1 1 1 1 1 1 1 1 1 1 1 1 1 1 1 100 1 1 1 100 1 1 7 1 1 1 1 1 1 1 1 1 1 1
staticfield java/lang/invoke/LambdaForm DEFAULT_CUSTOMIZED Ljava/lang/invoke/MethodHandle; 
staticfield java/lang/invoke/LambdaForm DEFAULT_KIND Ljava/lang/invoke/LambdaForm$Kind; java/lang/invoke/LambdaForm$Kind
staticfield java/lang/invoke/LambdaForm COMPILE_THRESHOLD I 0
staticfield java/lang/invoke/LambdaForm INTERNED_ARGUMENTS [[Ljava/lang/invoke/LambdaForm$Name; 5 [[Ljava/lang/invoke/LambdaForm$Name;
staticfield java/lang/invoke/LambdaForm IMPL_NAMES Ljava/lang/invoke/MemberName$Factory; java/lang/invoke/MemberName$Factory
staticfield java/lang/invoke/LambdaForm LF_identity [Ljava/lang/invoke/LambdaForm; 6 [Ljava/lang/invoke/LambdaForm;
staticfield java/lang/invoke/LambdaForm LF_zero [Ljava/lang/invoke/LambdaForm; 6 [Ljava/lang/invoke/LambdaForm;
staticfield java/lang/invoke/LambdaForm NF_identity [Ljava/lang/invoke/LambdaForm$NamedFunction; 6 [Ljava/lang/invoke/LambdaForm$NamedFunction;
staticfield java/lang/invoke/LambdaForm NF_zero [Ljava/lang/invoke/LambdaForm$NamedFunction; 6 [Ljava/lang/invoke/LambdaForm$NamedFunction;
staticfield java/lang/invoke/LambdaForm createFormsLock Ljava/lang/Object; java/lang/Object
staticfield java/lang/invoke/LambdaForm DEBUG_NAME_COUNTERS Ljava/util/HashMap; 
staticfield java/lang/invoke/LambdaForm DEBUG_NAMES Ljava/util/HashMap; 
staticfield java/lang/invoke/LambdaForm TRACE_INTERPRETER Z 0
staticfield java/lang/invoke/LambdaForm $assertionsDisabled Z 1
ciInstanceKlass java/lang/invoke/MemberName 1 1 724 7 1 7 1 100 1 9 12 1 1 10 7 12 1 1 1 9 12 1 1 10 12 1 1 10 12 1 1 10 12 1 1 10 12 1 10 12 1 1 10 7 12 1 1 1 10 12 1 9 7 12 1 1 10 12 1 7 1 7 1 10 12 1 8 1 10 12 1 1 10 12 1 10 12 1 1 10 12 1 9 12 1 1 8 1 10 100 12 1 1 1 7 1 10 10 12 1 1 100 1 100 1 10 12 1 9 12 1 1 100 1 8 1 10 12 1 10 12 1 10 12 1 10 12 1 10 12 1 1 10 12 1 10 12 1 10 12 1 1 8 1 8 1 10 12 1 8 1 9 12 1 1 3 10 12 1 10 12 1 10 12 1 10 10 7 12 1 1 1 10 12 1 10 12 1 10 12 1 10 12 1 7 1 8 10 12 1 1 10 12 1 1 8 1 9 7 1 8 9 7 1 10 12 1 1 10 12 1 10 12 1 8 1 10 12 1 1 10 12 1 10 12 1 10 12 1 10 12 1 1 7 1 10 12 1 1 10 12 1 8 1 10 12 1 10 12 1 8 1 10 12 1 1 10 12 1 1 7 1 10 12 1 1 10 12 8 1 8 1 7 1 10 12 1 10 100 12 1 1 1 100 1 10 12 10 12 1 10 12 1 10 12 1 10 12 1 10 10 12 1 10 12 1 10 12 1 3 10 12 1 3 10 12 1 3 3 3 3 3 3 10 12 1 3 9 12 1 10 12 1 1 3 10 12 1 10 10 7 12 1 1 1 10 12 1 1 10 7 12 1 1 10 10 12 1 10 12 1 1 10 12 1 10 10 12 1 1 10 12 1 10 12 1 10 12 1 7 1 10 10 10 12 100 1 10 10 10 12 1 1 10 12 1 1 10 10 12 1 8 10 7 1 10 12 1 10 7 1 10 12 1 10 12 1 10 12 1 10 10 12 1 10 12 1 1 10 12 1 1 10 12 1 10 12 1 10 12 1 100 1 10 12 1 1 100 1 8 1 10 7 1 10 12 1 10 12 10 12 1 1 10 12 1 10 12 1 8 1 8 1 8 1 8 1 10 12 1 10 12 1 10 7 12 1 1 1 8 1 8 1 10 12 1 8 1 10 10 10 12 1 10 12 1 8 1 8 1 10 10 12 1 8 1 10 100 12 1 1 1 8 1 100 1 10 12 1 10 12 1 1 10 12 1 8 1 8 1 8 1 8 1 100 1 10 8 1 8 1 8 1 8 1 10 12 1 7 1 100 1 7 1 10 100 1 10 7 1 10 7 12 1 1 1 9 7 12 1 1 1 7 1 7 1 1 1 1 1 1 1 3 1 3 1 3 1 3 1 3 1 3 1 1 1 1 1 1 1 1 3 1 3 1 1 1 1 1 1 1 1 1 1 1 1 1 1 1 1 1 1 1 1 1 1 1 1 1 1 1 1 1 1 1 1 1 1 1 1 1 1 1 1 1 1 1 1 1 1 1 1 1 1 1 1 1 1 1 1 1 1 1 1 1 1 1 1 1 1 1 1 1 1 1 1 1 1 1 1 1 1 1 1 1 1 1 1 1 1 1 1 1 1 1 1 1 1 1 1 7 1 1 1 1 1 1 1 1 1 1 1 1 1 1 1
staticfield java/lang/invoke/MemberName $assertionsDisabled Z 1
instanceKlass java/lang/invoke/VarHandleReferences$Array
instanceKlass java/lang/invoke/VarHandleLongs$FieldInstanceReadOnly
instanceKlass java/lang/invoke/VarHandleBooleans$FieldInstanceReadOnly
instanceKlass java/lang/invoke/VarHandleReferences$FieldInstanceReadOnly
instanceKlass java/lang/invoke/VarHandleByteArrayAsDoubles$ByteArrayViewVarHandle
instanceKlass java/lang/invoke/VarHandleByteArrayAsFloats$ByteArrayViewVarHandle
instanceKlass java/lang/invoke/VarHandleByteArrayAsChars$ByteArrayViewVarHandle
instanceKlass java/lang/invoke/VarHandleByteArrayAsShorts$ByteArrayViewVarHandle
instanceKlass java/lang/invoke/VarHandleInts$FieldInstanceReadOnly
instanceKlass java/lang/invoke/VarHandleByteArrayAsLongs$ByteArrayViewVarHandle
instanceKlass java/lang/invoke/VarHandleByteArrayAsInts$ByteArrayViewVarHandle
instanceKlass java/lang/invoke/VarHandleReferences$FieldStaticReadOnly
ciInstanceKlass java/lang/invoke/VarHandle 1 1 473 10 7 12 1 1 1 10 7 12 1 1 9 12 1 1 9 12 1 1 100 1 10 8 1 10 12 1 1 10 7 12 1 1 1 10 12 1 1 10 7 12 1 1 1 9 100 12 1 1 1 10 12 1 1 10 7 12 1 1 1 10 12 1 1 9 12 1 10 12 1 9 12 1 1 10 7 12 1 1 10 12 1 9 7 12 1 1 1 9 12 1 1 10 12 1 1 100 1 7 1 10 8 1 10 12 1 1 10 12 1 8 1 10 12 1 10 12 1 9 12 1 1 9 12 1 10 12 1 10 12 1 1 10 12 1 10 10 100 12 1 1 1 10 12 1 1 10 12 1 1 10 7 12 1 1 1 10 100 12 1 1 1 10 100 12 1 1 1 9 12 1 1 9 10 12 1 10 12 1 10 12 1 1 10 12 1 10 7 12 1 1 1 9 12 1 1 10 12 1 1 9 12 1 10 12 1 10 12 1 10 7 12 1 1 100 1 10 9 7 12 1 1 1 9 12 1 1 10 7 12 1 1 1 10 12 1 10 12 1 10 12 1 10 12 1 10 12 1 10 12 1 1 8 10 12 1 1 7 1 10 12 1 1 7 1 1 1 1 1 1 1 1 1 1 1 1 1 1 1 1 1 1 1 1 1 1 1 1 1 1 1 1 1 1 1 1 1 1 1 1 1 1 1 1 1 1 1 1 1 1 1 1 1 1 1 1 1 1 1 1 1 1 1 1 1 1 1 1 1 1 1 1 100 1 1 1 1 1 1 1 1 100 1 1 1 1 1 1 1 1 1 1 1 1 100 1 100 1 1 100 1 100 1 100 1 100 1 100 1 100 1 100 1 100 1 100 1 100 1 100 1 100 1 100 1 100 1 100 1 100 1 100 1 100 1 100 1 100 1 100 1 100 1 100 1 100 1 100 1 100 1 100 1 100 1 100 1 100 1 100 1 100 1 100 1 100 1 100 1 1 1 1 1 1 100 1 1 1 100 1 1 100 1 100 1 100 1 100 1 100 1 100 1 1 1 1 100 1 100 1 100 1 100 1 100 1 100 1 100 1 100 1
staticfield java/lang/invoke/VarHandle VFORM_OFFSET J 16
staticfield java/lang/invoke/VarHandle $assertionsDisabled Z 1
instanceKlass jdk/internal/reflect/FieldAccessorImpl
instanceKlass jdk/internal/reflect/ConstructorAccessorImpl
instanceKlass jdk/internal/reflect/MethodAccessorImpl
ciInstanceKlass jdk/internal/reflect/MagicAccessorImpl 1 1 16 10 7 12 1 1 1 100 1 1 1 1 1 1 1 1
instanceKlass jdk/internal/reflect/DirectMethodHandleAccessor
ciInstanceKlass jdk/internal/reflect/MethodAccessorImpl 1 1 38 10 7 12 1 1 1 10 100 12 1 1 1 100 1 1 1 1 1 1 1 100 1 100 1 1 1 1 1 1 1 1 1 1 1 1 1 1
ciInstanceKlass jdk/internal/reflect/MethodAccessor 1 0 17 100 1 100 1 1 1 1 100 1 100 1 1 1 1 1 1
instanceKlass jdk/internal/reflect/SerializationConstructorAccessorImpl
instanceKlass jdk/internal/reflect/DirectConstructorHandleAccessor$NativeAccessor
instanceKlass jdk/internal/reflect/DirectConstructorHandleAccessor
instanceKlass jdk/internal/reflect/NativeConstructorAccessorImpl
ciInstanceKlass jdk/internal/reflect/ConstructorAccessorImpl 1 1 27 10 7 12 1 1 1 100 1 100 1 1 1 1 1 1 1 1 1 100 1 100 1 100 1 1 1
ciInstanceKlass jdk/internal/reflect/ConstructorAccessor 1 0 16 100 1 100 1 1 1 1 100 1 100 1 100 1 1 1
ciInstanceKlass jdk/internal/reflect/DelegatingClassLoader 1 1 18 10 7 12 1 1 1 100 1 1 1 1 1 1 1 1 1 1
ciInstanceKlass jdk/internal/reflect/CallerSensitive 1 0 17 100 1 100 1 100 1 1 1 1 1 1 1 1 1 1 1
ciInstanceKlass jdk/internal/reflect/NativeConstructorAccessorImpl 0 0 125 10 7 12 1 1 1 9 7 12 1 1 1 100 1 10 12 1 9 12 1 1 9 12 1 1 10 100 12 1 1 1 10 7 12 1 1 1 10 7 12 1 1 1 9 12 1 9 12 1 1 9 12 1 1 10 7 12 1 1 1 100 1 10 10 12 1 1 10 12 1 10 12 1 1 10 12 1 7 1 10 12 1 1 10 12 1 1 8 10 12 1 1 1 1 1 1 1 1 1 1 1 1 1 1 1 1 1 1 1 1 1 1 100 1 100 1 100 1 1 1 1 1 1 1
ciInstanceKlass jdk/internal/reflect/ConstantPool 1 1 142 10 7 12 1 1 1 9 7 12 1 1 1 10 12 1 1 10 12 1 1 10 12 1 10 12 1 1 10 12 1 1 10 12 1 10 12 1 1 10 12 1 10 12 1 1 10 12 1 10 12 1 10 12 1 10 12 1 1 10 12 1 1 10 12 1 1 10 12 1 1 10 12 1 10 12 1 1 10 100 12 1 1 1 8 11 7 12 1 1 1 10 7 12 1 1 1 1 1 1 1 1 1 1 1 1 1 1 1 1 1 1 1 1 1 1 1 1 1 1 1 1 1 1 1 1 1 1 1 1 1 1 1 1 1 1 1 1 1 1 1 1
ciInstanceKlass jdk/internal/reflect/UnsafeStaticFieldAccessorImpl 0 0 47 10 7 12 1 1 1 9 7 12 1 1 1 10 7 12 1 1 1 9 12 1 1 8 11 100 12 1 1 1 10 100 12 1 1 1 1 1 1 1 1 1 1 1 1 1 1
ciInstanceKlass jdk/internal/reflect/FieldAccessor 1 0 48 100 1 100 1 1 1 1 100 1 1 1 1 1 1 1 1 1 1 1 1 1 1 1 1 1 1 1 100 1 1 1 1 1 1 1 1 1 1 1 1 1 1 1 1 1 1 1
instanceKlass jdk/internal/reflect/MethodHandleFieldAccessorImpl
instanceKlass jdk/internal/reflect/UnsafeFieldAccessorImpl
ciInstanceKlass jdk/internal/reflect/FieldAccessorImpl 1 1 269 10 7 12 1 1 1 9 7 12 1 1 1 10 7 12 1 1 1 10 7 12 1 1 10 7 12 1 1 1 10 12 1 1 7 1 10 10 12 1 1 10 12 1 1 8 1 10 10 12 1 100 1 8 1 10 12 1 8 1 10 12 1 8 1 10 12 1 100 1 10 12 1 1 10 8 1 10 12 1 1 8 1 10 7 12 1 1 8 1 10 7 12 1 1 8 1 10 7 12 1 1 8 1 10 7 12 1 1 8 1 10 7 12 1 1 8 1 10 7 12 1 1 8 1 10 7 12 1 1 8 1 10 7 12 1 1 10 12 1 1 8 1 10 12 1 1 10 100 12 1 1 1 8 1 10 12 1 8 1 8 1 8 1 8 1 10 7 12 1 1 1 8 1 8 1 8 1 10 12 7 1 1 1 1 1 1 1 1 1 1 1 1 1 1 1 1 1 1 1 1 1 1 1 1 1 1 1 1 1 1 1 1 1 1 1 1 1 1 1 1 1 1 1 1 1 1 1 1 1 1 1 1 1 1 1 1 1 1 1 1 1 1 1 1 1 1 1 1 1 1 1 1 1 1 1 1 1 1 1 1 1 1 1 1 1 1 1 1
instanceKlass jdk/internal/reflect/UnsafeStaticFieldAccessorImpl
ciInstanceKlass jdk/internal/reflect/UnsafeFieldAccessorImpl 0 0 62 10 100 12 1 1 1 10 100 12 1 1 1 10 100 12 1 1 1 9 100 12 1 1 10 12 1 9 12 1 1 10 100 12 1 1 1 9 12 1 1 10 12 1 10 12 1 1 1 1 1 1 1 1 1 1 1 1 1 1 1 1
instanceKlass java/lang/invoke/VolatileCallSite
instanceKlass java/lang/invoke/MutableCallSite
instanceKlass java/lang/invoke/ConstantCallSite
ciInstanceKlass java/lang/invoke/CallSite 1 1 307 10 7 12 1 1 1 10 7 12 1 1 1 9 7 12 1 1 1 10 12 1 1 9 12 1 1 10 7 12 1 1 1 10 12 1 7 1 10 12 1 1 10 12 1 1 9 100 12 1 1 1 10 7 12 1 1 10 12 1 1 100 1 7 1 10 10 7 12 1 1 1 10 12 1 1 8 1 10 12 1 10 12 1 1 10 12 1 10 12 1 1 10 12 1 1 10 10 100 12 1 1 10 12 1 1 9 12 1 9 100 12 1 1 1 8 1 10 7 12 1 1 1 10 12 1 1 7 1 10 12 1 1 9 12 1 8 1 100 1 10 12 1 10 12 1 100 1 8 1 10 10 12 1 10 12 1 1 100 1 10 12 1 1 10 12 1 10 12 1 10 12 1 1 10 12 1 1 9 12 1 1 8 10 12 1 1 9 12 1 1 100 1 10 10 12 1 10 7 12 1 1 1 10 12 1 1 10 12 1 1 10 12 1 10 7 12 1 1 1 7 1 8 1 10 10 12 10 12 1 1 7 1 7 1 7 1 8 1 10 12 1 10 7 12 1 1 1 1 1 1 1 1 1 1 1 1 1 1 1 1 1 1 1 1 1 1 1 1 1 1 1 1 1 1 1 1 1 1 1 1 1 1 1 1 1 1 1 1 1 1 1 1 1 1 1 1 1 1 1 7 1 7 1 1 1 1
staticfield java/lang/invoke/CallSite $assertionsDisabled Z 1
ciInstanceKlass java/lang/invoke/ConstantCallSite 1 1 65 10 7 12 1 1 1 9 7 12 1 1 1 9 12 1 1 10 7 12 1 1 1 10 12 1 100 1 10 12 9 12 1 1 100 1 10 10 12 1 1 10 12 1 1 1 1 1 1 1 1 1 1 1 1 1 100 1 1 1 1 1 1 1 1
staticfield java/lang/invoke/ConstantCallSite UNSAFE Ljdk/internal/misc/Unsafe; jdk/internal/misc/Unsafe
instanceKlass java/lang/invoke/DirectMethodHandle$StaticAccessor
instanceKlass java/lang/invoke/DirectMethodHandle$Special
instanceKlass java/lang/invoke/DirectMethodHandle$Interface
instanceKlass java/lang/invoke/DirectMethodHandle$Constructor
instanceKlass java/lang/invoke/DirectMethodHandle$Accessor
ciInstanceKlass java/lang/invoke/DirectMethodHandle 1 1 923 7 1 7 1 100 1 7 1 7 1 10 7 12 1 1 1 10 7 12 1 1 1 7 1 10 12 1 10 12 1 1 10 7 12 1 1 10 12 1 1 10 12 1 10 12 1 7 1 10 12 1 1 10 12 1 1 10 12 1 10 12 1 1 10 7 12 1 1 1 10 12 1 9 12 1 1 100 1 10 9 12 1 1 9 12 1 10 12 1 10 12 1 10 12 1 1 10 12 1 10 12 1 10 12 1 10 7 12 1 1 1 10 12 1 10 12 1 1 8 1 10 12 1 1 7 1 10 12 1 7 1 10 10 12 1 10 12 1 10 12 1 10 7 12 1 1 1 10 12 1 1 7 1 10 12 1 10 12 1 7 1 10 12 1 10 12 1 1 10 12 1 1 10 12 1 8 10 7 12 1 1 1 10 12 1 10 12 1 10 12 1 1 10 12 1 9 7 12 1 1 1 7 1 10 12 1 10 7 12 1 1 1 10 12 1 10 12 1 1 9 12 1 1 7 1 10 8 1 10 12 1 1 10 12 1 1 8 1 10 12 1 10 12 1 10 10 12 1 10 12 1 10 12 1 10 12 1 10 12 1 1 10 12 1 10 12 1 1 10 12 1 10 12 1 1 10 10 7 12 1 1 1 10 12 1 10 12 1 1 10 12 1 10 12 1 1 8 1 9 7 12 1 1 1 8 1 9 12 1 9 12 1 8 1 9 12 1 9 12 1 8 1 9 12 1 9 12 1 8 1 10 12 1 10 12 1 1 9 12 1 1 7 1 10 12 1 1 7 1 10 7 12 1 1 1 10 12 1 1 10 12 1 10 12 1 1 7 1 10 12 1 1 10 12 1 10 12 1 1 7 1 10 12 1 1 10 12 1 10 7 12 1 1 1 10 12 1 10 12 1 1 10 12 1 9 12 1 1 10 7 1 9 12 9 12 1 10 7 12 1 1 1 10 12 1 7 1 7 1 7 1 9 12 1 1 10 7 12 1 1 1 10 12 10 12 1 7 1 10 12 1 10 12 1 1 8 1 9 12 1 9 12 1 10 12 1 1 9 12 1 1 10 7 12 1 1 1 9 12 1 1 9 12 1 1 10 12 1 10 12 1 10 12 1 10 12 1 1 10 12 1 9 12 1 10 12 1 10 12 1 10 12 1 10 12 1 1 10 12 1 1 9 12 1 1 10 12 1 1 9 7 12 1 1 1 9 12 1 9 12 1 9 12 1 9 12 1 9 12 1 9 12 1 9 12 1 9 12 1 9 12 1 9 12 1 9 12 1 9 12 1 9 12 1 9 12 1 9 12 1 9 12 1 9 12 1 9 12 1 9 12 1 9 12 1 9 12 1 9 12 1 9 12 1 9 12 1 9 12 1 9 12 1 9 12 1 9 12 1 9 12 1 9 12 1 9 12 1 9 12 1 9 12 1 9 12 1 9 12 1 9 12 1 8 1 9 12 1 1 9 12 1 1 10 12 1 10 12 1 1 9 7 1 10 12 1 9 12 1 1 10 12 10 12 1 10 12 1 10 12 1 10 12 1 10 8 1 8 1 8 1 8 1 10 12 1 1 9 12 1 1 10 12 1 10 100 12 1 1 1 8 9 12 1 1 10 12 1 1 8 1 8 8 9 12 1 8 1 8 8 8 8 8 1 8 10 12 1 7 1 10 12 1 8 1 8 1 10 12 1 10 12 1 10 12 1 10 12 1 1 7 1 1 1 1 3 1 3 1 3 1 3 1 3 1 3 1 3 1 3 1 3 1 3 1 1 1 1 1 1 1 1 1 1 3 1 3 1 1 1 1 3 1 1 1 1 1 1 1 1 1 1 1 1 1 1 1 1 1 1 1 1 1 1 1 1 1 1 1 1 1 1 1 1 1 1 1 1 1 1 1 1 1 1 1 1 1 1 1 1 1 1 1 1 1 1 1 1 1 100 1 1 1 1 1 1 1 1 1 100 1 1 1 1 1 1 1 1 1 1 1 1 1 1 1 1 1 1 1 1 1 1 1 1 1 1 1 1 1 1 1 1 1 1 1 1 1 1 1 1 1 1 1 1 1 1 1 1 1 1 1 1
staticfield java/lang/invoke/DirectMethodHandle IMPL_NAMES Ljava/lang/invoke/MemberName$Factory; java/lang/invoke/MemberName$Factory
staticfield java/lang/invoke/DirectMethodHandle FT_UNCHECKED_REF I 8
staticfield java/lang/invoke/DirectMethodHandle ACCESSOR_FORMS [Ljava/lang/invoke/LambdaForm; 132 [Ljava/lang/invoke/LambdaForm;
staticfield java/lang/invoke/DirectMethodHandle ALL_WRAPPERS [Lsun/invoke/util/Wrapper; 10 [Lsun/invoke/util/Wrapper;
staticfield java/lang/invoke/DirectMethodHandle NFS [Ljava/lang/invoke/LambdaForm$NamedFunction; 12 [Ljava/lang/invoke/LambdaForm$NamedFunction;
staticfield java/lang/invoke/DirectMethodHandle OBJ_OBJ_TYPE Ljava/lang/invoke/MethodType; java/lang/invoke/MethodType
staticfield java/lang/invoke/DirectMethodHandle LONG_OBJ_TYPE Ljava/lang/invoke/MethodType; java/lang/invoke/MethodType
staticfield java/lang/invoke/DirectMethodHandle $assertionsDisabled Z 1
ciInstanceKlass java/lang/invoke/MutableCallSite 0 0 63 10 100 12 1 1 1 10 12 1 9 100 12 1 1 1 10 12 1 10 12 1 1 9 12 1 1 10 100 12 1 1 1 10 100 12 1 1 1 10 12 1 1 1 1 1 1 1 1 1 1 1 1 1 1 1 1 1 1 100 1 1 1
ciInstanceKlass java/lang/invoke/VolatileCallSite 0 0 37 10 100 12 1 1 1 10 12 1 10 100 12 1 1 1 10 12 1 10 12 1 1 1 1 1 1 1 1 1 1 1 1 1 1 1 1
ciInstanceKlass java/lang/invoke/ResolvedMethodName 1 1 16 10 100 12 1 1 1 100 1 1 1 1 1 1 1 1
ciInstanceKlass java/lang/invoke/MethodHandleNatives 1 1 690 100 1 10 7 12 1 1 1 9 7 12 1 1 1 10 12 1 1 100 1 10 10 12 1 1 10 12 1 10 12 1 8 1 8 1 8 1 8 1 8 1 8 1 8 1 8 1 8 1 8 1 10 12 1 1 7 1 10 7 12 1 1 1 10 7 12 1 1 1 7 1 10 10 12 1 1 8 1 10 12 1 8 1 10 12 1 1 8 1 10 12 1 1 9 7 12 1 1 1 8 1 10 100 12 1 1 1 7 1 10 12 100 1 100 1 8 1 7 1 10 10 12 1 7 1 9 7 12 1 1 10 12 1 1 10 12 1 10 7 12 1 1 1 10 12 1 1 9 12 1 8 1 10 12 1 1 10 12 1 8 1 10 12 1 1 7 1 10 12 1 10 7 12 1 1 1 10 12 1 10 12 1 1 10 12 1 1 8 1 10 12 1 1 8 1 10 12 1 8 1 8 1 8 1 7 1 10 12 1 8 1 10 7 12 1 1 1 10 12 1 1 10 7 12 1 1 10 10 12 1 1 10 12 1 10 100 12 1 1 1 100 1 8 1 10 100 12 1 1 1 7 1 8 1 10 12 1 8 1 8 1 8 1 8 1 8 1 10 12 1 1 10 12 1 1 10 12 1 10 12 1 1 10 12 1 1 7 1 10 12 1 7 1 7 1 10 12 1 10 12 1 8 1 8 1 10 10 12 1 1 10 12 1 1 8 1 10 7 12 1 1 8 1 8 1 10 12 1 1 10 7 12 1 1 1 100 1 10 12 1 1 7 1 9 12 1 1 10 7 12 1 1 1 10 10 12 1 9 12 1 10 12 1 9 12 1 9 12 1 10 12 1 1 10 12 1 10 12 1 1 7 1 7 1 10 12 1 1 10 12 1 10 12 1 1 10 7 12 1 1 1 10 12 1 8 1 10 12 1 10 12 1 10 12 1 1 10 12 1 10 7 12 1 1 1 10 12 1 1 100 1 8 1 10 9 7 12 1 1 1 10 12 1 1 10 12 1 1 7 1 10 12 1 1 10 12 1 1 100 1 100 1 10 10 100 1 100 1 10 100 1 10 10 12 1 1 10 7 1 10 12 1 10 12 1 1 10 12 1 1 10 12 1 1 10 12 1 10 12 1 1 10 8 1 10 12 1 10 12 1 10 12 1 10 12 1 10 12 1 1 10 12 1 10 12 1 10 12 1 10 10 7 12 1 1 10 12 1 1 1 1 1 1 1 1 1 1 1 1 1 7 1 1 1 1 1 1 1 1 1 1 1 1 1 1 1 1 1 1 1 1 1 1 1 1 1 1 1 1 1 1 1 1 1 1 1 1 1 1 1 1 1 1 1 1 1 1 1 1 1 1 1 1 1 1 1 1 1 1 1 1 1 1 1 1 1 100 1 1 1 1 1 1 1 1 1 1 1 1 1 1 1 1 1 1 1 1 1 1 1 1 1 1 1 1 1 1 1 1 1 100 1 1 1 1 1 1 1 1 1 1 1 1 1 1 1 1 1 1 1 1 1 1 1 1 1 1 7 1 1 1 1 1 1 1 100 1 1 1
staticfield java/lang/invoke/MethodHandleNatives $assertionsDisabled Z 1
ciInstanceKlass java/lang/invoke/MethodHandleNatives$CallSiteContext 1 1 49 10 7 12 1 1 1 7 1 10 10 7 12 1 1 1 10 7 12 1 1 1 10 7 12 1 1 1 100 1 1 1 1 1 1 1 1 1 1 1 1 1 1 1 1 1 100 1 1
ciInstanceKlass jdk/internal/foreign/abi/NativeEntryPoint 0 0 194 10 7 12 1 1 1 9 7 12 1 1 1 9 12 1 1 100 1 8 1 10 12 1 10 12 1 1 100 1 10 100 12 1 1 1 10 12 1 9 12 1 1 18 12 1 1 10 100 12 1 1 1 10 7 12 1 1 1 9 7 12 1 1 1 7 1 10 8 1 10 12 1 1 10 12 1 10 12 1 1 8 1 10 12 1 1 7 1 8 1 10 12 1 10 12 1 1 10 12 1 9 12 1 1 18 12 1 1 10 100 12 1 1 1 10 12 1 1 10 12 1 10 100 12 1 1 1 10 1 1 1 1 1 1 1 1 1 1 1 1 1 1 1 1 1 1 1 1 1 1 1 1 1 1 1 1 1 1 1 1 1 1 1 1 1 16 1 15 10 12 16 1 16 15 10 12 15 10 100 12 1 1 1 1 1 100 1 1 100 1 100 1 1
ciInstanceKlass jdk/internal/foreign/abi/ABIDescriptor 0 0 55 10 100 12 1 1 1 9 100 12 1 1 1 9 12 1 1 9 12 1 9 12 1 9 12 1 1 9 12 1 9 12 1 1 9 12 1 9 12 1 9 12 1 9 12 1 1 1 1 1 1 1 1 1 1
ciInstanceKlass jdk/internal/foreign/abi/VMStorage 0 0 91 10 7 12 1 1 1 9 7 12 1 1 1 9 12 1 1 9 12 1 1 9 12 1 1 7 1 10 8 1 10 12 1 1 10 12 1 10 12 1 1 10 12 1 18 12 1 18 12 1 1 18 12 1 1 1 1 1 1 1 1 1 1 1 1 1 1 1 1 1 1 1 8 1 15 15 15 15 15 10 100 12 1 1 1 1 100 1 100 1 1
ciInstanceKlass jdk/internal/foreign/abi/UpcallLinker$CallRegs 0 0 66 10 7 12 1 1 1 9 7 12 1 1 1 9 12 1 18 12 1 1 18 12 1 1 18 12 1 1 1 1 1 1 1 1 1 1 1 1 1 1 1 1 1 1 100 1 1 1 8 1 15 15 15 10 100 12 1 1 1 1 1 100 1 100 1 1
ciInstanceKlass java/lang/StackWalker 1 1 271 9 7 12 1 1 1 7 1 10 7 12 1 1 1 10 12 1 1 10 7 12 1 1 1 10 12 1 1 10 12 1 11 7 12 1 1 1 10 12 1 1 10 12 1 1 10 12 1 1 100 1 8 1 10 12 1 10 12 1 10 12 1 10 7 12 1 1 9 12 1 1 9 12 1 1 9 12 1 1 9 12 1 1 10 12 1 1 9 12 1 1 9 12 1 1 9 12 1 1 10 7 12 1 1 1 11 12 1 1 100 1 8 1 10 10 7 12 1 1 9 12 1 1 10 12 1 1 10 7 12 1 1 1 10 7 12 1 1 1 18 12 1 1 100 1 8 1 10 8 1 10 12 1 1 10 100 12 1 1 1 10 12 1 1 9 7 12 1 1 11 100 12 1 1 1 10 12 1 1 1 1 1 1 1 1 1 1 1 1 1 1 1 1 1 1 1 1 1 1 1 1 1 1 1 1 1 1 1 1 1 1 1 1 1 1 1 1 1 1 1 1 1 1 1 1 1 1 1 1 1 1 1 1 1 1 1 1 1 1 1 1 1 1 7 1 1 16 15 10 12 16 1 15 10 100 12 1 1 1 1 1 1 1 1 1 100 1 100 1 1
staticfield java/lang/StackWalker DEFAULT_EMPTY_OPTION Ljava/util/EnumSet; java/util/RegularEnumSet
staticfield java/lang/StackWalker DEFAULT_WALKER Ljava/lang/StackWalker; java/lang/StackWalker
ciInstanceKlass java/lang/StackWalker$StackFrame 1 1 41 100 1 10 12 1 1 100 1 100 1 1 1 1 1 1 1 1 1 1 1 1 1 1 1 1 1 1 1 1 1 1 1 1 1 1 1 100 1 1 1
instanceKlass java/lang/LiveStackFrameInfo
ciInstanceKlass java/lang/StackFrameInfo 1 1 142 10 7 12 1 1 1 9 7 12 1 1 1 9 7 1 9 12 1 1 11 7 12 1 1 1 9 12 1 1 11 12 1 1 10 12 1 1 10 7 12 1 1 1 10 12 1 11 12 1 11 12 1 1 11 12 1 10 12 1 1 9 12 1 1 10 12 1 1 10 7 12 1 1 10 12 1 1 11 12 1 1 9 12 1 1 10 7 1 10 12 1 9 12 1 1 10 12 1 1 100 1 8 1 10 12 1 10 7 12 1 1 1 7 1 1 1 1 1 1 1 1 1 1 1 1 1 1 1 1 1 1 7 1 1 7 1 1 1 1 1 1
staticfield java/lang/StackFrameInfo JLIA Ljdk/internal/access/JavaLangInvokeAccess; java/lang/invoke/MethodHandleImpl$1
ciInstanceKlass java/lang/LiveStackFrameInfo 0 0 97 10 7 12 1 1 1 9 7 12 1 1 1 9 12 1 9 12 1 9 12 1 9 12 1 1 7 1 10 12 1 1 10 12 1 8 1 10 12 1 1 8 1 8 1 8 1 10 100 1 10 12 1 100 1 10 12 1 7 1 7 1 1 1 3 1 3 1 1 1 1 1 1 1 1 1 1 1 1 1 1 1 1 1 1 1 1 1 1 1 1 1 1 1 100 1 1
ciInstanceKlass java/lang/LiveStackFrame 0 0 135 100 1 10 100 12 1 1 1 11 7 12 1 1 1 11 12 1 10 7 12 1 1 1 100 1 8 1 10 12 1 1 10 7 12 1 1 1 9 100 12 1 1 1 10 7 12 1 1 1 10 7 12 1 1 1 11 12 1 10 12 1 7 1 7 1 1 1 1 1 1 1 1 1 1 1 1 1 1 1 1 1 1 1 1 1 1 1 1 1 1 1 1 100 1 1 1 1 1 1 1 100 1 8 1 1 12 10 1 1 1 8 1 1 1 8 1 1 1 8 1 1 1 8 1 1 8 1 1 1 8 1 1 8 1
instanceKlass java/lang/StackStreamFactory$StackFrameTraverser
ciInstanceKlass java/lang/StackStreamFactory$AbstractStackWalker 1 1 375 7 1 7 1 3 10 7 12 1 1 1 10 7 12 1 1 10 7 12 1 1 1 9 12 1 1 10 12 1 1 9 12 1 1 9 12 1 1 9 12 1 1 9 12 1 10 7 12 1 1 1 10 12 1 1 10 7 12 1 1 9 12 1 1 9 12 1 1 10 12 1 1 9 7 12 1 1 1 10 12 1 1 10 12 1 9 12 1 1 10 7 12 1 1 1 10 12 1 1 9 12 1 1 9 7 12 1 1 1 7 1 10 8 1 10 12 1 1 10 12 1 8 1 10 12 1 1 10 100 12 1 1 1 100 1 8 1 10 12 1 8 1 10 12 10 7 12 1 1 9 12 1 8 1 5 0 8 1 8 1 9 12 1 1 10 12 1 1 18 12 1 1 10 7 12 1 1 1 10 12 1 1 10 12 1 10 12 1 9 12 1 10 12 1 10 12 1 10 12 1 10 12 1 10 12 1 10 12 1 1 8 1 10 12 1 10 12 1 10 12 1 10 12 1 1 8 1 10 12 1 1 10 12 1 1 10 12 1 1 10 12 1 10 12 1 10 7 12 1 1 1 10 12 1 10 12 1 9 12 1 8 1 10 12 1 10 12 1 10 12 1 1 10 12 1 10 12 1 10 12 1 1 10 12 1 10 12 1 10 12 1 10 12 1 10 12 1 10 12 1 1 10 12 1 1 10 12 1 8 1 1 1 1 1 1 1 1 1 1 1 1 1 7 1 1 1 1 1 1 1 7 1 1 1 1 7 1 1 1 1 1 1 1 1 1 1 1 1 1 1 1 1 1 1 1 16 15 15 10 100 12 1 1 1 1 1 1 1 1 100 1 100 1 1
ciInstanceKlass jdk/internal/module/Modules 1 1 504 10 7 12 1 1 1 9 7 12 1 1 1 11 7 12 1 1 1 11 12 1 1 11 12 1 1 11 12 1 1 11 12 1 11 12 1 11 12 1 11 12 1 11 12 1 1 10 7 12 1 1 1 10 100 12 1 1 1 18 12 1 1 10 7 12 1 1 1 7 1 10 7 12 1 1 1 10 100 12 1 1 1 10 100 12 1 1 10 12 1 1 11 12 1 9 12 1 1 11 7 12 1 1 1 10 12 1 1 10 10 12 1 10 9 12 1 1 10 100 12 1 1 10 12 1 1 10 100 12 1 1 100 1 11 100 12 1 1 1 10 100 12 1 1 1 11 100 12 1 1 10 12 1 1 10 100 12 1 1 10 100 12 1 1 1 10 12 1 1 10 12 1 1 11 12 1 1 18 12 1 1 11 100 12 1 1 10 100 12 1 1 1 11 100 12 1 1 1 7 1 11 12 1 1 11 7 12 1 1 1 11 12 1 1 10 12 1 1 10 100 12 1 1 18 12 1 1 11 12 1 1 18 12 1 1 11 12 1 1 10 12 1 18 18 10 12 1 1 9 12 1 1 11 7 12 1 1 1 100 1 10 11 12 1 11 12 1 1 11 12 1 1 10 100 1 10 12 1 1 10 100 12 1 1 10 12 1 1 11 12 10 12 1 1 7 1 10 18 12 1 10 12 1 1 7 1 8 1 10 12 1 10 100 12 1 1 18 12 1 11 11 12 10 12 1 10 10 100 1 18 12 1 10 10 10 7 12 1 1 10 7 12 1 1 1 10 12 1 1 1 1 1 1 1 1 1 1 1 1 1 1 1 1 1 1 1 1 1 1 1 1 1 1 1 1 1 1 1 1 1 100 1 1 1 1 1 1 1 1 1 1 1 1 1 1 1 1 1 1 1 1 1 1 1 1 1 1 1 1 1 1 1 1 1 1 1 7 1 1 1 1 1 1 1 1 1 1 1 1 1 1 1 1 1 1 1 1 1 1 1 16 15 10 12 1 16 16 15 10 12 1 16 1 16 1 15 10 12 1 16 1 16 1 15 10 12 16 1 15 10 16 1 15 10 12 16 1 15 10 12 16 15 10 12 16 15 10 12 15 10 100 12 1 1 1 1 1 1 100 1 100 1 1
staticfield jdk/internal/module/Modules JLA Ljdk/internal/access/JavaLangAccess; java/lang/System$2
staticfield jdk/internal/module/Modules JLMA Ljdk/internal/access/JavaLangModuleAccess; java/lang/module/ModuleDescriptor$1
staticfield jdk/internal/module/Modules $assertionsDisabled Z 1
instanceKlass org/eclipse/sisu/bean/BeanScheduler$Pending
instanceKlass org/apache/maven/artifact/versioning/ComparableVersion$ListItem
ciInstanceKlass java/util/ArrayList 1 1 509 10 7 12 1 1 1 7 1 9 7 12 1 1 1 9 12 1 100 1 7 1 10 8 1 10 12 1 1 10 12 1 10 12 1 1 10 12 1 9 12 1 11 7 12 1 1 1 9 12 1 1 11 12 1 1 7 10 7 12 1 1 1 9 12 1 10 12 1 10 12 1 1 10 7 12 1 1 1 10 7 12 1 1 1 10 12 1 1 10 12 1 1 10 12 1 1 10 12 1 10 12 1 1 100 1 7 1 10 12 1 10 10 7 12 1 1 1 10 7 12 1 1 10 12 1 100 1 10 10 12 10 12 1 1 10 12 1 1 10 12 1 10 12 10 12 1 1 7 1 10 12 1 1 10 12 1 1 10 12 1 100 1 10 11 12 1 1 11 7 12 1 1 1 11 12 1 10 12 1 10 12 1 10 12 1 1 100 1 10 12 1 1 10 10 12 1 1 10 12 1 8 1 8 1 8 1 8 1 10 12 1 1 10 12 1 1 11 12 1 7 1 10 100 12 1 1 10 12 1 10 12 1 1 10 7 12 1 1 10 12 1 10 7 12 1 1 1 11 7 12 1 1 1 10 12 1 100 1 8 1 10 7 1 10 12 1 7 1 10 12 1 10 12 1 1 7 1 10 12 1 10 12 1 1 11 7 12 1 1 7 1 10 12 1 10 12 1 1 11 7 12 1 1 10 12 1 1 10 12 1 1 10 12 1 1 10 12 1 1 11 100 12 1 1 10 12 1 1 7 1 7 1 7 1 1 1 1 5 0 1 3 1 1 1 1 1 1 1 1 1 1 1 1 1 1 1 1 1 1 1 1 1 1 1 1 1 1 1 1 1 1 1 1 1 1 1 1 1 1 1 1 1 1 1 1 1 1 1 1 1 1 1 1 1 1 1 1 1 1 1 1 1 1 1 1 1 1 1 1 1 1 1 1 1 1 1 1 1 1 1 1 1 1 1 1 1 1 1 1 1 1 1 1 1 1 1 1 1 1 1 1 1 1 1 1 7 1 1 1 1 7 1 1 1 1 1 1 1 1 1 1 1 1 1 1 1 1 1 1 1 1 1 1 1 1 1 1 1 1 1 100 1 1 1 1 1 1 1 1 1 1 1 1 1 1 1 1 1 1 100 1 100 1 1 1 1 1 1
staticfield java/util/ArrayList EMPTY_ELEMENTDATA [Ljava/lang/Object; 0 [Ljava/lang/Object;
staticfield java/util/ArrayList DEFAULTCAPACITY_EMPTY_ELEMENTDATA [Ljava/lang/Object; 0 [Ljava/lang/Object;
ciInstanceKlass java/util/RandomAccess 1 0 7 100 1 100 1 1 1
ciMethod java/util/ArrayList size ()I 258 0 129 0 0
ciMethod java/util/ArrayList add (Ljava/lang/Object;)Z 518 0 57990 0 1360
ciMethod java/util/ArrayList toArray ([Ljava/lang/Object;)[Ljava/lang/Object; 4482 0 7120 0 0
ciMethod java/util/ArrayList iterator ()Ljava/util/Iterator; 512 0 6982 0 -1
ciMethod java/util/ArrayList <init> ()V 182 0 46288 0 -1
ciMethod java/util/ArrayList <init> (I)V 514 0 5378 0 448
ciMethod java/util/ArrayList add (Ljava/lang/Object;[Ljava/lang/Object;I)V 518 0 58192 0 0
ciMethod java/util/ArrayList grow ()[Ljava/lang/Object; 160 0 15374 0 0
ciMethod java/util/ArrayList grow (I)[Ljava/lang/Object; 184 0 5574 0 1144
instanceKlass org/eclipse/jdt/ls/core/internal/preferences/Preferences$ReferencedLibraries$2
instanceKlass org/eclipse/jdt/ls/core/internal/preferences/Preferences$ReferencedLibraries$1
instanceKlass java/util/LinkedHashSet
ciInstanceKlass java/util/HashSet 1 1 303 10 7 12 1 1 1 7 1 10 9 7 12 1 1 1 11 7 12 1 1 1 10 7 12 1 1 1 10 12 1 1 10 12 1 1 10 12 1 10 12 1 7 1 10 10 12 1 1 11 7 12 1 1 1 10 10 12 1 1 10 12 1 1 9 12 1 1 10 12 1 1 10 12 1 1 10 12 1 10 7 12 1 1 1 10 100 1 7 1 10 12 1 10 100 12 1 1 10 12 1 10 12 1 10 12 1 1 10 12 1 1 11 7 12 1 1 11 12 1 10 12 1 1 10 7 12 1 1 1 10 12 1 100 1 7 1 10 8 1 10 12 1 1 10 12 1 10 12 1 1 10 12 1 10 12 1 10 7 12 1 1 1 8 1 10 12 1 4 4 10 12 1 1 8 1 10 12 1 1 4 10 7 12 1 1 1 7 1 10 12 1 1 11 7 12 1 1 1 7 1 10 12 1 7 1 10 12 1 10 12 1 1 10 12 1 100 1 8 1 10 10 12 1 10 10 7 1 7 1 1 1 1 5 0 1 1 1 1 1 1 1 1 1 1 1 1 1 1 1 1 1 1 1 1 1 1 1 1 1 1 1 1 1 1 1 1 1 1 7 1 1 1 1 7 1 1 1 1 1 1 1 1 1 1 1 1 1 1 1 1 1 1 1 100 1 1 100 1 7 1 1 1
staticfield java/util/HashSet PRESENT Ljava/lang/Object; java/lang/Object
ciInstanceKlass java/util/LinkedHashSet 1 1 163 10 7 12 1 1 1 4 11 7 12 1 1 1 10 7 12 1 1 1 10 7 12 1 1 1 10 7 12 1 1 1 100 1 10 100 12 1 1 1 100 1 7 1 10 12 1 8 1 10 12 1 1 10 12 1 10 12 1 1 10 12 1 10 12 1 9 12 1 1 100 1 10 12 1 9 12 1 1 10 12 1 1 10 12 1 10 12 1 1 11 7 12 1 1 1 11 12 1 11 12 1 11 12 1 100 1 10 12 1 10 12 1 7 1 7 1 1 1 1 5 0 1 1 1 1 1 1 1 1 1 1 1 1 1 1 1 1 1 1 1 1 1 1 1 1 1 1 1 1 1 1 1 1 1 1 1 1 1 1 1 1 1
ciInstanceKlass java/lang/annotation/Annotation 1 0 17 100 1 100 1 1 1 1 1 1 1 1 1 1 1 1 1
ciInstanceKlass java/lang/ThreadLocal$ThreadLocalMap 1 1 143 9 7 12 1 1 1 10 7 12 1 1 1 9 12 1 7 1 9 12 1 1 9 7 12 1 1 10 12 1 10 12 1 1 10 12 1 1 9 12 1 1 10 12 1 1 10 12 1 1 10 12 1 1 10 12 1 1 10 12 1 1 10 12 1 1 10 12 1 1 10 12 1 10 12 1 10 12 1 10 12 1 10 12 1 1 1 3 1 1 1 1 1 1 1 1 1 1 1 1 1 1 1 1 1 1 1 1 1 1 1 1 100 1 1 1 1 1 1 1 1 1 1 1 1 1 1 1 1 1 1 1 1 1 1 1 1 1 1 1 1 1 1
ciMethod java/lang/ThreadLocal$ThreadLocalMap set (Ljava/lang/ThreadLocal;Ljava/lang/Object;)V 30 0 7576 0 -1
ciMethod java/lang/ThreadLocal$ThreadLocalMap nextIndex (II)I 148 0 11777 0 -1
ciMethod java/lang/ThreadLocal$ThreadLocalMap getEntry (Ljava/lang/ThreadLocal;)Ljava/lang/ThreadLocal$ThreadLocalMap$Entry; 512 0 5394 0 216
ciMethod java/lang/ThreadLocal$ThreadLocalMap getEntryAfterMiss (Ljava/lang/ThreadLocal;ILjava/lang/ThreadLocal$ThreadLocalMap$Entry;)Ljava/lang/ThreadLocal$ThreadLocalMap$Entry; 22 0 4907 0 0
ciMethod java/lang/ThreadLocal$ThreadLocalMap expungeStaleEntry (I)I 24 4 550 0 -1
instanceKlass lombok/eclipse/agent/PatchDelegate$1
instanceKlass lombok/core/configuration/ConfigurationFile$1
instanceKlass lombok/patcher/Symbols$1
instanceKlass jdk/internal/jimage/ImageBufferCache$1
instanceKlass sun/nio/ch/Invoker$1
instanceKlass org/eclipse/buildship/core/internal/launch/DefaultExternalLaunchConfigurationManager$LaunchConfigurationListener$1
instanceKlass lombok/eclipse/agent/PatchDelegate$1
instanceKlass java/lang/ThreadLocal$SuppliedThreadLocal
instanceKlass java/lang/InheritableThreadLocal
instanceKlass com/sun/jna/Native$7
instanceKlass com/sun/jna/Structure$2
instanceKlass com/sun/jna/Structure$1
instanceKlass org/apache/felix/scr/impl/ComponentRegistry$1
instanceKlass java/util/concurrent/locks/ReentrantReadWriteLock$Sync$ThreadLocalHoldCounter
instanceKlass jdk/internal/jimage/ImageBufferCache$1
instanceKlass jdk/internal/math/FloatingDecimal$1
instanceKlass jdk/internal/misc/CarrierThreadLocal
ciInstanceKlass java/lang/ThreadLocal 1 1 332 9 7 12 1 1 1 3 10 7 12 1 1 1 7 1 10 12 1 1 10 7 12 1 1 10 12 1 9 12 1 1 10 7 12 1 1 1 10 12 1 1 9 12 1 1 100 1 100 1 10 10 12 1 10 12 1 1 10 7 12 1 1 1 9 7 12 1 1 1 10 12 1 10 12 1 1 10 12 1 1 10 12 1 1 10 12 1 1 7 1 10 12 1 1 9 12 1 10 12 1 10 12 10 12 1 1 10 12 1 9 12 1 1 10 12 10 12 1 100 1 10 8 1 10 7 12 1 1 1 10 7 12 1 1 1 10 7 12 1 1 1 7 1 9 100 12 1 1 1 18 12 1 1 10 7 12 1 1 1 7 1 18 12 1 1 10 12 1 1 7 1 7 1 10 12 1 9 7 12 1 1 1 10 100 12 1 1 1 11 12 1 1 11 7 12 1 1 11 12 1 7 1 8 1 11 12 1 1 10 12 1 1 11 100 12 1 1 1 10 100 12 1 1 1 11 12 1 1 10 7 12 1 1 10 12 1 10 1 1 1 1 1 1 1 1 1 1 1 1 1 1 1 1 1 1 1 1 1 1 1 1 1 1 1 1 1 1 1 1 1 1 1 1 1 1 1 1 1 1 1 1 1 1 1 1 1 1 1 1 1 1 1 1 1 1 1 1 1 1 1 1 1 1 1 16 15 10 12 16 16 15 10 12 15 10 100 12 1 1 1 1 1 1 1 1 1 100 1 100 1 1
staticfield java/lang/ThreadLocal TRACE_VTHREAD_LOCALS Z 0
staticfield java/lang/ThreadLocal nextHashCode Ljava/util/concurrent/atomic/AtomicInteger; java/util/concurrent/atomic/AtomicInteger
staticfield java/lang/ThreadLocal $assertionsDisabled Z 1
ciMethod java/lang/ThreadLocal get ()Ljava/lang/Object; 112 0 13708 0 288
ciMethod java/lang/ThreadLocal set (Ljava/lang/Object;)V 12 0 10257 0 -1
ciMethod java/lang/ThreadLocal initialValue ()Ljava/lang/Object; 258 0 129 0 -1
ciMethod java/lang/ThreadLocal getMap (Ljava/lang/Thread;)Ljava/lang/ThreadLocal$ThreadLocalMap; 360 0 8476 0 96
ciMethod java/lang/ThreadLocal createMap (Ljava/lang/Thread;Ljava/lang/Object;)V 2 0 75 0 -1
ciMethod java/lang/ThreadLocal get (Ljava/lang/Thread;)Ljava/lang/Object; 316 0 5420 0 272
ciMethod java/lang/ThreadLocal setInitialValue (Ljava/lang/Thread;)Ljava/lang/Object; 24 0 919 0 0
ciMethod java/lang/ThreadLocal dumpStackIfVirtualThread ()V 0 0 1 0 -1
instanceKlass sun/nio/ch/Util$1
instanceKlass sun/nio/fs/NativeBuffers$1
ciInstanceKlass jdk/internal/misc/TerminatingThreadLocal 1 1 86 10 7 12 1 1 1 10 12 1 1 10 7 12 1 1 1 10 12 1 10 12 1 9 12 1 1 10 12 1 1 7 1 11 12 1 1 11 100 12 1 1 1 11 12 1 10 12 1 10 10 12 1 11 12 1 1 11 12 7 1 10 1 1 1 1 1 1 1 1 1 1 1 1 1 1 1 1 1 1 1 1 1 1 1 1
staticfield jdk/internal/misc/TerminatingThreadLocal REGISTRY Ljdk/internal/misc/CarrierThreadLocal; jdk/internal/misc/TerminatingThreadLocal$1
ciMethod jdk/internal/misc/TerminatingThreadLocal register (Ljdk/internal/misc/TerminatingThreadLocal;)V 8 0 143 0 -1
ciInstanceKlass java/util/function/Supplier 1 0 14 100 1 100 1 1 1 1 1 1 1 1 1 1
ciMethod java/util/function/Supplier get ()Ljava/lang/Object; 0 0 1 0 -1
instanceKlass java/util/ArrayList$ListItr
ciInstanceKlass java/util/ArrayList$Itr 1 1 104 9 7 12 1 1 1 10 7 12 1 1 1 9 12 1 1 9 7 12 1 1 9 12 1 9 12 1 9 12 1 10 12 1 100 1 10 9 12 1 1 100 1 10 100 1 10 10 12 1 1 100 1 10 100 12 1 1 1 10 12 1 1 11 100 12 1 1 1 100 1 1 1 1 1 1 1 1 1 1 1 1 1 1 1 1 100 1 1 1 1 1 1 1 1 1 1 1 1 1 1 1 1 1
ciInstanceKlass java/util/WeakHashMap$Entry 1 1 112 10 7 12 1 1 1 9 7 12 1 1 1 9 12 1 1 9 12 1 1 10 12 1 1 10 7 12 1 1 1 7 1 10 12 1 11 10 7 12 1 1 1 10 12 1 11 10 100 12 1 1 1 7 1 10 12 1 10 12 1 1 8 1 10 12 1 10 12 1 1 1 1 1 1 1 1 1 1 1 1 1 1 1 1 1 1 1 1 1 1 1 1 1 1 1 1 1 1 1 1 1 1 1 1 1 1 1 1 1 7 1
ciInstanceKlass java/lang/ThreadLocal$ThreadLocalMap$Entry 1 1 37 10 7 12 1 1 1 9 7 12 1 1 1 1 1 1 1 1 1 1 1 1 1 1 1 1 1 1 1 1 100 1 1 100 1 1 1
ciInstanceKlass sun/nio/fs/NativeBuffers$1 1 1 42 100 1 10 7 12 1 1 1 10 100 12 1 1 100 1 10 100 12 1 1 1 1 1 1 1 1 1 1 1 1 1 1 1 1 1 1 1 1 1 1 1
ciMethod java/util/HashMap <init> ()V 514 0 14142 0 -1
ciMethod java/util/Collection size ()I 0 0 1 0 -1
ciMethod java/util/Collection add (Ljava/lang/Object;)Z 0 0 1 0 -1
ciMethod java/util/Collection toArray ([Ljava/lang/Object;)[Ljava/lang/Object; 0 0 1 0 -1
ciMethod java/util/Collection contains (Ljava/lang/Object;)Z 0 0 1 0 -1
ciMethod java/lang/Integer valueOf (I)Ljava/lang/Integer; 152 0 11356 0 -1
ciMethod java/util/Arrays copyOfRange ([CII)[C 4 0 1635 0 -1
ciMethod java/util/Arrays copyOf ([Ljava/lang/Object;I)[Ljava/lang/Object; 14 0 19727 0 664
ciMethod java/util/Arrays copyOf ([Ljava/lang/Object;ILjava/lang/Class;)[Ljava/lang/Object; 66 0 5340 0 -1
ciMethod java/util/Arrays equals ([C[C)Z 4414 0 8176 0 -1
ciMethod jdk/internal/util/ArraysSupport hugeLength (II)I 0 0 1 0 -1
ciMethod jdk/internal/util/ArraysSupport newLength (III)I 418 0 8388 0 0
ciMethod jdk/internal/util/ArraysSupport mismatch ([C[CI)I 4198 1000 3130 0 -1
ciMethod jdk/internal/util/ArraysSupport vectorizedMismatch (Ljava/lang/Object;JLjava/lang/Object;JII)I 1030 2960 515 0 -1
ciMethod java/lang/Math max (II)I 516 0 113157 0 -1
ciMethod java/lang/Thread currentThread ()Ljava/lang/Thread; 0 0 1 0 -1
ciMethod java/util/Iterator next ()Ljava/lang/Object; 0 0 1 0 -1
ciMethod java/util/Iterator hasNext ()Z 0 0 1 0 -1
ciMethod java/util/Set iterator ()Ljava/util/Iterator; 0 0 1 0 -1
ciMethod java/util/Map put (Ljava/lang/Object;Ljava/lang/Object;)Ljava/lang/Object; 0 0 1 0 -1
ciMethod java/util/Map get (Ljava/lang/Object;)Ljava/lang/Object; 0 0 1 0 -1
ciMethod java/lang/Object getClass ()Ljava/lang/Class; 256 0 128 0 -1
ciMethod java/lang/Object <init> ()V 1024 0 1615908 0 136
ciInstanceKlass lombok/patcher/scripts/AddFieldScript 1 1 131 7 1 7 1 1 1 1 1 1 1 1 1 1 1 1 1 1 1 100 1 8 1 10 12 1 1 9 12 10 12 1 1 8 1 9 12 8 1 9 12 10 12 1 10 12 1 1 1 1 1 1 1 10 12 1 100 1 8 1 10 8 8 1 9 12 9 12 1 1 1 11 7 1 12 1 1 11 7 1 12 1 1 7 1 10 7 1 12 1 1 11 12 1 1 1 1 1 1 10 12 1 1 1 1 1 1 1 1 7 1 3 10 12 1 1 1 1 1 1 1 1 1 1 1 1 1 1 1 1 1
instanceKlass org/apache/http/conn/ssl/SSLInitializationException
instanceKlass java/nio/channels/NonWritableChannelException
instanceKlass java/nio/file/ClosedDirectoryStreamException
instanceKlass java/nio/file/ClosedFileSystemException
instanceKlass org/eclipse/m2e/core/internal/project/registry/StaleMutableProjectRegistryException
instanceKlass java/util/concurrent/CancellationException
instanceKlass java/nio/channels/OverlappingFileLockException
ciInstanceKlass java/lang/IllegalStateException 1 0 35 10 100 12 1 1 1 10 12 1 10 12 1 10 12 1 100 1 1 1 1 5 0 1 1 1 1 1 1 1 1 1 1 1 1
ciInstanceKlass java/util/LinkedHashMap$LinkedKeyIterator 1 1 46 10 7 12 1 1 1 10 7 12 1 1 1 10 7 12 1 1 1 100 1 1 1 1 1 1 1 1 1 1 1 1 1 1 1 1 1 1 1 1 100 1 1 1 1 1
ciInstanceKlass java/lang/ThreadLocal$SuppliedThreadLocal 1 1 44 10 7 12 1 1 1 10 7 12 1 1 1 7 1 9 7 12 1 1 1 11 12 1 1 1 1 1 1 1 1 1 1 1 1 1 1 1 1 1 1 1 1 1
ciInstanceKlass sun/nio/ch/Util$1 1 1 55 10 7 12 1 1 1 7 1 10 10 12 1 1 10 12 1 1 10 100 12 1 1 1 10 7 12 1 1 1 10 12 1 1 1 1 1 1 1 1 1 1 1 1 1 1 1 1 1 1 1 1 1 1 1
ciInstanceKlass org/eclipse/jdt/internal/compiler/impl/CompilerOptions 1 1 1797 7 1 7 1 1 1 1 8 1 1 8 1 1 8 1 1 8 1 1 8 1 1 8 1 1 8 1 1 8 1 1 8 1 1 8 1 1 8 1 1 8 1 1 8 1 1 8 1 1 8 1 1 8 1 1 8 1 1 8 1 1 8 1 1 8 1 1 8 1 1 8 1 1 8 1 1 8 1 1 8 1 1 8 1 1 8 1 1 8 1 1 8 1 1 8 1 1 8 1 1 8 1 1 8 1 1 8 1 1 8 1 1 8 1 1 8 1 1 8 1 1 8 1 1 8 1 1 8 1 1 8 1 1 8 1 1 8 1 1 8 1 1 8 1 1 8 1 1 8 1 1 8 1 1 8 1 1 8 1 1 8 1 1 8 1 1 8 1 1 8 1 1 8 1 1 8 1 1 8 1 1 8 1 1 8 1 1 8 1 1 8 1 1 8 1 1 8 1 1 8 1 1 8 1 1 8 1 1 8 1 1 8 1 1 8 1 1 8 1 1 8 1 1 8 1 1 8 1 1 8 1 1 8 1 1 8 1 1 8 1 1 8 1 1 8 1 1 8 1 1 8 1 1 8 1 1 8 1 1 8 1 1 8 1 1 8 1 1 8 1 1 8 1 1 8 1 1 8 1 1 8 1 1 8 1 1 8 1 1 8 1 1 8 1 1 8 1 1 8 1 1 8 1 1 8 1 1 8 1 1 8 1 1 8 1 1 8 1 1 8 1 1 8 1 1 8 1 1 8 1 1 8 1 1 8 1 1 8 1 1 8 1 1 8 1 1 8 1 1 8 1 1 8 1 1 8 1 1 8 1 1 8 1 1 8 1 1 8 1 1 8 1 1 8 1 1 8 1 1 1 1 1 8 1 1 8 1 1 8 1 1 8 1 1 8 1 1 8 1 1 8 1 1 8 1 1 8 1 1 8 1 1 8 1 1 8 1 1 1 1 1 8 1 1 8 1 1 8 1 1 8 1 1 8 1 1 8 1 1 8 1 1 8 1 1 8 1 1 8 1 1 8 1 1 8 1 1 8 1 1 8 1 1 8 1 1 8 1 1 8 1 1 8 1 1 8 1 1 8 1 1 8 1 1 8 1 1 8 1 1 8 1 1 8 1 1 8 1 1 8 1 1 8 1 1 8 1 1 8 1 1 8 1 1 8 1 1 8 1 1 8 1 1 8 1 1 8 1 1 8 1 1 8 1 1 8 1 1 8 1 1 8 1 1 8 1 1 8 1 1 8 1 1 8 1 1 8 1 1 8 1 1 8 1 1 8 1 1 1 1 1 1 8 1 1 8 1 1 8 1 1 8 1 1 8 1 1 8 1 1 8 1 1 8 1 1 8 1 1 8 1 1 8 1 1 8 1 1 8 1 1 1 1 1 3 1 3 1 3 1 3 1 3 1 3 1 3 1 3 1 3 1 3 1 3 1 3 1 3 1 3 1 3 1 3 1 3 1 3 1 3 1 3 1 3 1 3 1 3 1 3 1 3 1 3 1 3 1 3 1 3 1 3 1 3 1 3 1 3 1 3 1 3 1 3 1 3 1 3 1 3 1 3 1 3 1 3 1 3 1 3 1 3 1 3 1 3 1 3 1 3 1 3 1 3 1 3 1 3 1 3 1 3 1 3 1 3 1 3 1 3 1 3 1 3 1 3 1 3 1 3 1 3 1 3 1 3 1 3 1 3 1 3 1 3 1 3 1 3 1 3 1 3 1 3 1 3 1 3 1 3 1 3 1 3 1 3 1 3 1 3 1 3 1 3 1 3 1 3 1 3 1 3 1 1 1 1 1 1 1 1 1 1 1 1 1 1 1 1 1 1 1 1 1 1 1 1 1 1 1 1 1 1 1 1 1 1 1 1 1 1 1 1 1 1 1 1 1 1 1 1 1 1 1 1 1 1 1 1 1 1 1 1 1 1 1 1 1 1 1 1 1 1 1 1 1 1 1 1 1 1 1 1 1 1 1 1 1 1 1 1 8 1 10 7 1 12 1 1 10 7 1 12 1 1 9 12 8 1 9 12 8 1 9 12 8 1 9 12 8 1 9 12 11 7 1 12 1 1 9 12 9 12 8 1 8 1 8 1 8 1 8 1 8 1 8 1 8 1 8 1 8 1 8 1 8 1 8 1 8 1 8 1 8 1 8 1 8 1 8 1 8 1 8 1 8 1 8 1 8 1 8 1 8 1 8 1 8 1 8 1 9 12 1 1 7 1 100 1 1 10 12 1 1 1 1 10 12 9 12 9 12 9 12 9 12 9 12 10 12 1 10 12 1 1 1 1 1 1 7 1 1 1 1 9 12 1 1 1 1 100 1 5 0 1 1 1 1 1 1 5 0 5 0 5 0 5 0 5 0 5 0 5 0 5 0 5 0 18 12 1 9 7 1 12 1 1 1 1 1 10 12 1 1 10 7 1 12 1 1 10 12 1 1 10 12 1 1 10 12 1 1 10 12 1 1 10 12 1 1 10 12 1 1 5 0 100 1 1 1 1 1 1 1 1 1 1 9 12 1 9 12 1 9 12 1 9 12 1 9 12 1 9 12 1 9 12 1 9 12 1 9 12 1 9 12 1 9 12 1 9 12 1 9 12 1 9 12 1 9 12 1 9 12 1 9 12 1 9 12 1 9 12 1 9 12 1 9 12 1 9 12 1 9 12 1 9 12 1 9 12 1 9 12 1 9 12 1 9 12 1 9 12 1 1 1 1 1 7 1 10 12 1 9 12 11 12 1 1 9 12 9 12 9 12 9 12 10 12 1 9 12 9 12 9 12 9 12 10 12 1 9 12 9 12 9 12 9 12 9 12 9 12 9 12 9 12 9 12 9 12 9 12 9 12 9 12 9 12 9 12 10 12 9 12 9 12 9 12 9 12 9 12 9 12 10 12 1 1 10 12 1 9 12 9 12 9 12 9 12 9 12 9 12 9 12 10 12 1 9 12 9 12 9 12 9 12 9 12 9 12 9 12 9 12 9 12 10 12 1 9 12 9 12 9 12 9 12 9 12 10 12 1 1 9 12 9 12 9 12 9 12 9 12 9 12 9 12 9 12 1 1 9 12 10 12 1 1 3 9 12 9 12 100 1 100 1 1 1 1 10 12 1 1 1 1 10 12 1 1 1 1 1 1 1 1 100 9 12 1 10 12 1 9 12 1 9 12 1 10 12 9 7 1 12 1 9 12 9 12 9 12 9 12 9 12 9 12 9 12 9 12 9 12 1 11 12 1 1 10 12 9 12 7 1 7 1 10 12 1 10 12 1 10 12 1 10 12 1 1 10 12 10 12 1 10 12 1 10 12 1 1 9 12 100 1 1 1 1 1 8 1 10 12 1 10 12 1 100 8 1 10 12 1 10 12 1 1 1 1 100 1 8 1 10 12 1 8 1 10 12 1 1 8 1 8 1 8 1 8 1 8 1 8 1 8 1 8 1 8 1 8 1 8 1 8 1 8 1 8 1 8 1 8 1 8 1 8 1 8 1 8 1 8 1 8 1 8 1 8 1 8 1 8 1 8 1 8 1 8 1 8 1 8 1 8 1 8 1 8 1 8 1 8 1 8 1 8 1 8 1 8 1 8 1 8 1 8 1 8 1 8 1 8 1 8 1 8 1 8 1 8 1 8 1 18 12 1 18 18 8 1 8 1 8 1 8 1 8 1 8 1 8 1 8 1 8 1 8 1 8 1 8 1 8 1 8 1 8 1 8 1 8 1 8 1 8 1 8 1 8 1 8 1 8 1 8 1 8 1 8 1 8 1 8 1 8 1 8 1 8 1 8 1 8 1 8 1 8 1 8 1 8 1 8 1 8 1 8 1 8 1 8 1 8 1 8 1 8 1 8 1 8 1 8 1 8 1 8 1 8 1 8 1 8 1 8 1 8 1 8 1 8 1 8 1 8 1 8 1 8 1 8 1 8 1 8 1 8 1 8 1 8 1 8 1 8 1 8 1 10 12 1 1 1 1 1 1 10 100 1 12 1 1 1 1 10 7 1 12 1 15 8 1 8 1 8 1 8 1 1 100 1 100 1 1
staticfield org/eclipse/jdt/internal/compiler/impl/CompilerOptions DEFAULT_OWNING_ANNOTATION_NAME [[C 5 [[C
staticfield org/eclipse/jdt/internal/compiler/impl/CompilerOptions DEFAULT_NOTOWNING_ANNOTATION_NAME [[C 5 [[C
staticfield org/eclipse/jdt/internal/compiler/impl/CompilerOptions DEFAULT_NULLABLE_ANNOTATION_NAME [[C 5 [[C
staticfield org/eclipse/jdt/internal/compiler/impl/CompilerOptions DEFAULT_NONNULL_ANNOTATION_NAME [[C 5 [[C
staticfield org/eclipse/jdt/internal/compiler/impl/CompilerOptions DEFAULT_NONNULLBYDEFAULT_ANNOTATION_NAME [[C 5 [[C
staticfield org/eclipse/jdt/internal/compiler/impl/CompilerOptions NO_STRINGS [Ljava/lang/String; 0 [Ljava/lang/String;
staticfield org/eclipse/jdt/internal/compiler/impl/CompilerOptions warningTokens [Ljava/lang/String; 29 [Ljava/lang/String;
ciInstanceKlass org/eclipse/jdt/core/compiler/CharOperation 1 1 393 7 1 100 1 1 1 1 1 1 1 1 1 1 1 1 1 1 9 12 7 9 12 7 1 9 12 9 12 9 12 9 12 1 1 1 10 12 1 1 1 1 10 7 1 12 1 1 1 1 1 1 1 1 1 1 1 1 1 1 1 1 1 1 1 1 1 1 1 1 1 1 1 1 1 10 12 1 1 1 1 1 1 1 1 1 1 1 7 1 9 12 1 10 100 1 12 1 1 10 12 1 10 12 1 1 1 1 1 1 1 10 12 1 10 12 1 1 1 100 100 1 10 12 1 10 12 1 1 1 1 1 10 12 1 10 12 1 1 10 12 1 10 12 1 1 1 1 1 1 1 1 1 100 1 1 1 1 1 1 1 11 7 1 12 1 11 12 1 1 1 1 1 1 100 1 1 1 10 7 1 12 1 1 1 1 1 1 1 1 1 1 1 1 10 12 1 1 1 1 1 1 10 12 1 1 1 10 12 10 12 1 1 1 10 12 1 1 1 1 1 1 1 1 1 1 1 1 1 10 12 1 1 1 1 1 1 1 1 1 1 1 1 1 1 10 12 10 12 1 10 7 1 1 10 12 1 1 1 10 1 1 1 1 1 1 1 10 12 3 1 1 1 1 10 12 1 1 10 12 1 10 12 1 1 1 1 1 1 10 12 10 12 1 1 1 10 12 1 1 1 1 1 1 1 1 1 1 1 1 1 1 1 1 1 1 1 1 100 1 8 1 10 10 12 1 10 100 1 12 1 1 10 12 1 1 1 1 1 1 1 1 10 12 1 1 1 1 1 1 1 1 1 1 1 1 1 1 1 1 1 1 1 1 1 1 10 12 100 1 1 1 1 1 1 1 1 1 1 1 1 1 1 1 10 12 1 1 1 1 1 1 1
staticfield org/eclipse/jdt/core/compiler/CharOperation NO_CHAR [C 0
staticfield org/eclipse/jdt/core/compiler/CharOperation NO_CHAR_CHAR [[C 0 [[C
staticfield org/eclipse/jdt/core/compiler/CharOperation NO_STRINGS [Ljava/lang/String; 0 [Ljava/lang/String;
staticfield org/eclipse/jdt/core/compiler/CharOperation ALL_PREFIX [C 1
staticfield org/eclipse/jdt/core/compiler/CharOperation COMMA_SEPARATOR [C 1
staticfield org/eclipse/jdt/core/compiler/CharOperation EMPTY_REGIONS [I 0
ciInstanceKlass org/eclipse/jdt/internal/compiler/env/IDependent 1 0 13 100 1 100 1 1 1 1 3 1 1 1 1
ciInstanceKlass org/eclipse/jdt/internal/compiler/env/IElementInfo 1 0 7 100 1 100 1 1 1
ciInstanceKlass org/eclipse/jdt/internal/compiler/env/INameEnvironment 1 0 14 100 1 100 1 1 1 1 1 1 1 1 1 1
ciInstanceKlass org/eclipse/jdt/internal/compiler/lookup/TypeConstants 1 1 1596 7 1 100 1 1 1 1 1 1 1 1 1 1 1 1 1 1 1 1 1 1 1 1 1 1 1 1 1 1 1 1 1 1 1 1 1 1 1 1 1 1 1 1 1 1 1 1 1 1 1 1 1 1 1 1 1 1 1 1 1 1 1 1 1 1 1 1 1 1 1 1 1 1 1 1 1 1 1 1 1 1 1 1 1 1 1 1 1 3 1 3 1 1 1 1 1 1 1 1 8 1 1 8 1 1 1 1 1 1 1 1 1 1 1 1 1 1 1 1 1 1 1 1 1 1 1 1 1 1 1 1 1 1 1 1 1 1 1 1 1 1 1 1 1 1 1 1 1 1 1 1 1 1 1 1 1 1 1 1 1 1 1 1 1 1 1 1 1 1 1 1 1 1 1 1 1 1 1 1 1 1 1 1 1 1 1 1 1 1 1 1 1 1 1 1 1 1 1 1 1 1 1 1 1 1 1 1 1 1 1 1 1 1 1 1 1 1 1 1 1 1 1 1 1 1 1 1 1 1 1 1 1 1 1 1 1 1 1 1 1 1 1 1 1 1 1 1 1 1 1 1 1 1 1 1 1 1 1 1 1 1 1 1 1 1 1 1 1 1 1 1 1 1 1 1 1 1 1 1 1 1 1 1 1 1 1 1 1 1 1 1 3 1 1 1 1 1 1 1 1 1 1 1 1 1 1 1 1 1 1 1 1 1 1 1 1 8 1 1 1 1 8 1 1 8 1 1 1 8 1 1 8 1 1 1 1 1 8 1 10 7 1 12 1 1 9 12 8 1 9 12 8 1 9 12 8 1 9 12 8 1 9 12 8 1 9 12 8 1 9 12 8 1 9 12 8 1 9 12 8 1 9 12 8 1 9 12 8 1 9 12 8 1 9 12 8 1 9 12 8 1 9 12 8 1 9 12 8 1 9 12 8 1 9 12 8 1 9 12 8 1 9 12 8 1 9 12 8 1 9 12 8 1 9 12 8 1 9 12 8 1 9 12 8 1 9 12 8 1 9 12 8 1 9 12 8 1 9 12 8 1 9 12 8 1 9 12 8 1 9 12 8 1 9 12 8 1 9 12 8 1 9 12 8 1 9 12 8 1 9 12 9 12 8 1 9 12 8 1 9 12 9 12 9 12 9 12 8 1 9 12 8 1 9 12 8 1 9 12 9 12 9 12 8 1 9 12 8 1 9 12 8 1 9 12 8 1 9 12 8 1 9 12 8 1 9 12 8 1 9 12 8 1 9 12 8 1 9 12 8 1 9 12 8 1 9 12 8 1 9 12 8 1 9 12 8 1 9 12 8 1 9 12 8 9 12 8 1 9 12 8 1 9 12 8 9 12 8 1 9 12 8 1 9 12 8 1 9 12 8 1 9 12 8 1 9 12 8 1 9 12 8 1 9 12 8 1 9 12 8 1 9 12 8 1 9 12 8 1 9 12 8 1 9 12 8 1 9 12 8 1 9 12 8 1 9 12 8 1 9 12 8 1 9 12 8 1 9 12 8 1 9 12 8 1 9 12 8 1 9 12 8 1 9 12 8 1 9 12 8 1 9 12 8 1 9 12 8 1 9 12 8 1 9 12 8 1 9 12 8 1 9 12 8 1 9 12 8 1 9 12 8 1 9 12 8 1 9 12 8 1 9 12 8 1 9 12 8 1 9 12 8 1 9 12 8 1 9 12 7 9 12 9 12 9 12 9 12 8 1 9 12 8 1 9 12 8 1 9 12 8 1 9 12 8 1 9 12 8 1 9 12 8 1 9 12 8 1 9 12 8 1 9 12 8 1 9 12 8 1 9 12 8 1 9 12 8 1 9 12 9 12 9 12 8 1 9 12 8 1 9 12 8 1 9 12 8 1 9 12 8 1 9 12 8 1 9 12 8 1 9 12 8 1 9 12 8 1 9 12 8 1 9 12 8 1 9 12 8 1 9 12 8 1 9 12 8 1 9 12 8 1 9 12 8 1 9 12 8 1 9 12 8 1 9 12 8 1 9 12 8 1 9 12 8 1 9 12 8 1 9 12 8 1 9 12 8 1 9 12 8 1 9 12 8 1 9 12 8 1 9 12 8 1 9 12 8 1 9 12 8 1 9 12 8 1 9 12 8 1 9 12 8 1 9 12 8 1 9 12 8 1 9 12 8 1 9 12 8 1 9 12 8 1 9 12 9 12 8 1 9 12 8 1 9 12 8 1 9 12 8 1 9 12 8 1 9 12 8 1 9 12 8 1 9 12 8 1 9 12 8 9 12 8 1 8 1 9 12 8 1 8 1 8 1 9 12 8 1 9 12 8 1 9 12 8 1 8 1 9 12 8 1 9 12 8 1 9 12 8 1 9 12 8 1 9 12 9 12 8 1 9 12 8 1 9 12 8 1 9 12 8 1 9 12 8 1 9 12 8 1 9 12 8 1 9 12 8 1 9 12 8 1 9 12 8 1 9 12 8 1 9 12 8 1 9 12 8 1 8 1 9 12 8 1 8 1 9 12 8 1 9 12 8 1 8 1 9 12 8 1 9 12 7 1 10 12 1 1 8 1 8 1 8 1 8 1 9 12 8 1 8 1 8 1 8 1 8 1 8 1 8 1 8 1 8 1 8 1 8 1 8 1 8 1 8 1 8 1 9 12 8 1 8 1 8 1 8 1 8 1 8 1 8 1 8 1 8 1 8 1 8 1 8 1 9 12 7 8 1 8 1 8 1 8 1 8 1 8 1 8 1 8 1 8 1 9 12 8 1 8 1 8 1 8 1 8 1 8 1 8 1 9 12 8 1 9 12 8 1 8 1 8 1 8 1 9 12 8 1 8 1 9 12 8 1 8 1 8 1 8 1 8 1 9 12 8 1 9 12 8 1 8 1 8 1 8 1 8 1 8 1 8 1 8 1 8 1 8 1 8 1 8 1 9 12 9 12 8 1 9 12 8 1 9 12 8 1 9 12 9 12 8 1 9 12 8 1 9 12 8 1 9 12 8 1 9 12 8 1 9 12 8 1 9 12 8 1 9 12 9 12 9 12 9 12 8 1 9 12 8 1 9 12 8 1 9 12 8 1 9 12 8 1 9 12 9 12 8 1 9 12 9 12 9 12 9 12 9 12 8 1 9 12 8 1 9 12 8 1 9 12 8 1 9 12 8 1 9 12 8 1 9 12 8 1 9 12 8 1 9 12 8 1 9 12 9 12 9 12 9 12 8 1 9 12 8 1 9 12 8 1 9 12 8 1 9 12 8 1 9 12 8 1 9 12 8 1 9 12 8 1 9 12 8 1 9 12 8 1 9 12 8 1 9 12 8 1 9 12 8 1 9 12 8 1 9 12 8 1 9 12 8 1 9 12 9 12 8 1 9 12 9 12 8 1 9 12 8 9 12 8 9 12 8 1 9 12 8 1 9 12 8 1 9 12 8 1 9 12 8 1 9 12 8 1 9 12 8 1 9 12 8 1 9 12 8 1 9 12 9 12 8 1 9 12 9 12 8 1 9 12 9 12 8 1 9 12 8 1 9 12 9 12 8 1 9 12 9 12 9 12 9 12 8 1 9 12 8 1 9 12 1 1 1 1 1 100 1 1 1 100 1 1 1
staticfield org/eclipse/jdt/internal/compiler/lookup/TypeConstants JAVA [C 4
staticfield org/eclipse/jdt/internal/compiler/lookup/TypeConstants JAVAC [C 5
staticfield org/eclipse/jdt/internal/compiler/lookup/TypeConstants JAVAX [C 5
staticfield org/eclipse/jdt/internal/compiler/lookup/TypeConstants JAKARTA [C 7
staticfield org/eclipse/jdt/internal/compiler/lookup/TypeConstants LANG [C 4
staticfield org/eclipse/jdt/internal/compiler/lookup/TypeConstants BASE [C 4
staticfield org/eclipse/jdt/internal/compiler/lookup/TypeConstants IO [C 2
staticfield org/eclipse/jdt/internal/compiler/lookup/TypeConstants NIO [C 3
staticfield org/eclipse/jdt/internal/compiler/lookup/TypeConstants UTIL [C 4
staticfield org/eclipse/jdt/internal/compiler/lookup/TypeConstants ZIP [C 3
staticfield org/eclipse/jdt/internal/compiler/lookup/TypeConstants JDK [C 3
staticfield org/eclipse/jdt/internal/compiler/lookup/TypeConstants ANNOTATION [C 10
staticfield org/eclipse/jdt/internal/compiler/lookup/TypeConstants REFLECT [C 7
staticfield org/eclipse/jdt/internal/compiler/lookup/TypeConstants LENGTH [C 6
staticfield org/eclipse/jdt/internal/compiler/lookup/TypeConstants CLONE [C 5
staticfield org/eclipse/jdt/internal/compiler/lookup/TypeConstants EQUALS [C 6
staticfield org/eclipse/jdt/internal/compiler/lookup/TypeConstants GETCLASS [C 8
staticfield org/eclipse/jdt/internal/compiler/lookup/TypeConstants HASHCODE [C 8
staticfield org/eclipse/jdt/internal/compiler/lookup/TypeConstants TOSTRING [C 8
staticfield org/eclipse/jdt/internal/compiler/lookup/TypeConstants OBJECT [C 6
staticfield org/eclipse/jdt/internal/compiler/lookup/TypeConstants MAIN [C 4
staticfield org/eclipse/jdt/internal/compiler/lookup/TypeConstants SERIALVERSIONUID [C 16
staticfield org/eclipse/jdt/internal/compiler/lookup/TypeConstants SERIALPERSISTENTFIELDS [C 22
staticfield org/eclipse/jdt/internal/compiler/lookup/TypeConstants READRESOLVE [C 11
staticfield org/eclipse/jdt/internal/compiler/lookup/TypeConstants WRITEREPLACE [C 12
staticfield org/eclipse/jdt/internal/compiler/lookup/TypeConstants READOBJECT [C 10
staticfield org/eclipse/jdt/internal/compiler/lookup/TypeConstants WRITEOBJECT [C 11
staticfield org/eclipse/jdt/internal/compiler/lookup/TypeConstants CharArray_JAVA_LANG_OBJECT [C 16
staticfield org/eclipse/jdt/internal/compiler/lookup/TypeConstants CharArray_JAVA_LANG_ENUM [C 14
staticfield org/eclipse/jdt/internal/compiler/lookup/TypeConstants CharArray_JAVA_LANG_RECORD [C 16
staticfield org/eclipse/jdt/internal/compiler/lookup/TypeConstants CharArray_JAVA_LANG_RECORD_SLASH [C 16
staticfield org/eclipse/jdt/internal/compiler/lookup/TypeConstants CharArray_JAVA_LANG_ANNOTATION_ANNOTATION [C 31
staticfield org/eclipse/jdt/internal/compiler/lookup/TypeConstants CharArray_JAVA_IO_OBJECTINPUTSTREAM [C 25
staticfield org/eclipse/jdt/internal/compiler/lookup/TypeConstants CharArray_JAVA_IO_OBJECTOUTPUTSTREAM [C 26
staticfield org/eclipse/jdt/internal/compiler/lookup/TypeConstants CharArray_JAVA_IO_OBJECTSTREAMFIELD [C 25
staticfield org/eclipse/jdt/internal/compiler/lookup/TypeConstants ANONYM_PREFIX [C 4
staticfield org/eclipse/jdt/internal/compiler/lookup/TypeConstants ANONYM_SUFFIX [C 4
staticfield org/eclipse/jdt/internal/compiler/lookup/TypeConstants WILDCARD_NAME [C 1
staticfield org/eclipse/jdt/internal/compiler/lookup/TypeConstants WILDCARD_SUPER [C 7
staticfield org/eclipse/jdt/internal/compiler/lookup/TypeConstants WILDCARD_EXTENDS [C 9
staticfield org/eclipse/jdt/internal/compiler/lookup/TypeConstants WILDCARD_MINUS [C 1
staticfield org/eclipse/jdt/internal/compiler/lookup/TypeConstants WILDCARD_STAR [C 1
staticfield org/eclipse/jdt/internal/compiler/lookup/TypeConstants WILDCARD_PLUS [C 1
staticfield org/eclipse/jdt/internal/compiler/lookup/TypeConstants WILDCARD_CAPTURE_NAME_PREFIX [C 8
staticfield org/eclipse/jdt/internal/compiler/lookup/TypeConstants WILDCARD_CAPTURE_NAME_SUFFIX [C 4
staticfield org/eclipse/jdt/internal/compiler/lookup/TypeConstants WILDCARD_CAPTURE_SIGNABLE_NAME_SUFFIX [C 11
staticfield org/eclipse/jdt/internal/compiler/lookup/TypeConstants WILDCARD_CAPTURE [C 1
staticfield org/eclipse/jdt/internal/compiler/lookup/TypeConstants CAPTURE18 [C 1
staticfield org/eclipse/jdt/internal/compiler/lookup/TypeConstants BYTE [C 4
staticfield org/eclipse/jdt/internal/compiler/lookup/TypeConstants SHORT [C 5
staticfield org/eclipse/jdt/internal/compiler/lookup/TypeConstants INT [C 3
staticfield org/eclipse/jdt/internal/compiler/lookup/TypeConstants LONG [C 4
staticfield org/eclipse/jdt/internal/compiler/lookup/TypeConstants FLOAT [C 5
staticfield org/eclipse/jdt/internal/compiler/lookup/TypeConstants DOUBLE [C 6
staticfield org/eclipse/jdt/internal/compiler/lookup/TypeConstants CHAR [C 4
staticfield org/eclipse/jdt/internal/compiler/lookup/TypeConstants BOOLEAN [C 7
staticfield org/eclipse/jdt/internal/compiler/lookup/TypeConstants NULL [C 4
staticfield org/eclipse/jdt/internal/compiler/lookup/TypeConstants VOID [C 4
staticfield org/eclipse/jdt/internal/compiler/lookup/TypeConstants VALUE [C 5
staticfield org/eclipse/jdt/internal/compiler/lookup/TypeConstants VALUES [C 6
staticfield org/eclipse/jdt/internal/compiler/lookup/TypeConstants VALUEOF [C 7
staticfield org/eclipse/jdt/internal/compiler/lookup/TypeConstants UPPER_SOURCE [C 6
staticfield org/eclipse/jdt/internal/compiler/lookup/TypeConstants UPPER_CLASS [C 5
staticfield org/eclipse/jdt/internal/compiler/lookup/TypeConstants UPPER_RUNTIME [C 7
staticfield org/eclipse/jdt/internal/compiler/lookup/TypeConstants ANNOTATION_PREFIX [C 1
staticfield org/eclipse/jdt/internal/compiler/lookup/TypeConstants ANNOTATION_SUFFIX [C 2
staticfield org/eclipse/jdt/internal/compiler/lookup/TypeConstants TYPE [C 4
staticfield org/eclipse/jdt/internal/compiler/lookup/TypeConstants UPPER_FIELD [C 5
staticfield org/eclipse/jdt/internal/compiler/lookup/TypeConstants UPPER_METHOD [C 6
staticfield org/eclipse/jdt/internal/compiler/lookup/TypeConstants UPPER_PARAMETER [C 9
staticfield org/eclipse/jdt/internal/compiler/lookup/TypeConstants UPPER_CONSTRUCTOR [C 11
staticfield org/eclipse/jdt/internal/compiler/lookup/TypeConstants UPPER_LOCAL_VARIABLE [C 14
staticfield org/eclipse/jdt/internal/compiler/lookup/TypeConstants UPPER_ANNOTATION_TYPE [C 15
staticfield org/eclipse/jdt/internal/compiler/lookup/TypeConstants UPPER_PACKAGE [C 7
staticfield org/eclipse/jdt/internal/compiler/lookup/TypeConstants ANONYMOUS_METHOD [C 7
staticfield org/eclipse/jdt/internal/compiler/lookup/TypeConstants DESERIALIZE_LAMBDA [C 19
staticfield org/eclipse/jdt/internal/compiler/lookup/TypeConstants LAMBDA_TYPE [C 8
staticfield org/eclipse/jdt/internal/compiler/lookup/TypeConstants UPPER_MODULE [C 6
staticfield org/eclipse/jdt/internal/compiler/lookup/TypeConstants UPPER_RECORD_COMPONENT [C 16
staticfield org/eclipse/jdt/internal/compiler/lookup/TypeConstants YIELD [C 5
staticfield org/eclipse/jdt/internal/compiler/lookup/TypeConstants VAR [C 3
staticfield org/eclipse/jdt/internal/compiler/lookup/TypeConstants RECORD_RESTRICTED_IDENTIFIER [C 6
staticfield org/eclipse/jdt/internal/compiler/lookup/TypeConstants RECORD_CLASS [C 6
staticfield org/eclipse/jdt/internal/compiler/lookup/TypeConstants PERMITS [C 7
staticfield org/eclipse/jdt/internal/compiler/lookup/TypeConstants SEALED [C 6
staticfield org/eclipse/jdt/internal/compiler/lookup/TypeConstants NON_SEALED [C 10
staticfield org/eclipse/jdt/internal/compiler/lookup/TypeConstants TYPE_USE_TARGET [C 8
staticfield org/eclipse/jdt/internal/compiler/lookup/TypeConstants TYPE_PARAMETER_TARGET [C 14
staticfield org/eclipse/jdt/internal/compiler/lookup/TypeConstants ORG [C 3
staticfield org/eclipse/jdt/internal/compiler/lookup/TypeConstants ECLIPSE [C 7
staticfield org/eclipse/jdt/internal/compiler/lookup/TypeConstants CORE [C 4
staticfield org/eclipse/jdt/internal/compiler/lookup/TypeConstants RUNTIME [C 7
staticfield org/eclipse/jdt/internal/compiler/lookup/TypeConstants APACHE [C 6
staticfield org/eclipse/jdt/internal/compiler/lookup/TypeConstants COMMONS [C 7
staticfield org/eclipse/jdt/internal/compiler/lookup/TypeConstants LANG3 [C 5
staticfield org/eclipse/jdt/internal/compiler/lookup/TypeConstants COM [C 3
staticfield org/eclipse/jdt/internal/compiler/lookup/TypeConstants GOOGLE [C 6
staticfield org/eclipse/jdt/internal/compiler/lookup/TypeConstants JDT [C 3
staticfield org/eclipse/jdt/internal/compiler/lookup/TypeConstants INTERNAL [C 8
staticfield org/eclipse/jdt/internal/compiler/lookup/TypeConstants COMPILER [C 8
staticfield org/eclipse/jdt/internal/compiler/lookup/TypeConstants LOOKUP [C 6
staticfield org/eclipse/jdt/internal/compiler/lookup/TypeConstants TYPEBINDING [C 11
staticfield org/eclipse/jdt/internal/compiler/lookup/TypeConstants DOM [C 3
staticfield org/eclipse/jdt/internal/compiler/lookup/TypeConstants ITYPEBINDING [C 12
staticfield org/eclipse/jdt/internal/compiler/lookup/TypeConstants SPRING [C 15
staticfield org/eclipse/jdt/internal/compiler/lookup/TypeConstants JAVA_BASE [[C 2 [[C
staticfield org/eclipse/jdt/internal/compiler/lookup/TypeConstants JAVA_LANG [[C 2 [[C
staticfield org/eclipse/jdt/internal/compiler/lookup/TypeConstants JAVA_IO [[C 2 [[C
staticfield org/eclipse/jdt/internal/compiler/lookup/TypeConstants JAVA_LANG_ANNOTATION [[C 3 [[C
staticfield org/eclipse/jdt/internal/compiler/lookup/TypeConstants JAVA_LANG_ANNOTATION_ANNOTATION [[C 4 [[C
staticfield org/eclipse/jdt/internal/compiler/lookup/TypeConstants JAVA_LANG_ASSERTIONERROR [[C 3 [[C
staticfield org/eclipse/jdt/internal/compiler/lookup/TypeConstants JAVA_LANG_CLASS [[C 3 [[C
staticfield org/eclipse/jdt/internal/compiler/lookup/TypeConstants JAVA_LANG_CLASSNOTFOUNDEXCEPTION [[C 3 [[C
staticfield org/eclipse/jdt/internal/compiler/lookup/TypeConstants JAVA_LANG_NOSUCHFIELDERROR [[C 3 [[C
staticfield org/eclipse/jdt/internal/compiler/lookup/TypeConstants JAVA_LANG_CLONEABLE [[C 3 [[C
staticfield org/eclipse/jdt/internal/compiler/lookup/TypeConstants JAVA_LANG_ENUM [[C 3 [[C
staticfield org/eclipse/jdt/internal/compiler/lookup/TypeConstants JAVA_LANG_EXCEPTION [[C 3 [[C
staticfield org/eclipse/jdt/internal/compiler/lookup/TypeConstants JAVA_LANG_ERROR [[C 3 [[C
staticfield org/eclipse/jdt/internal/compiler/lookup/TypeConstants JAVA_LANG_ILLEGALARGUMENTEXCEPTION [[C 3 [[C
staticfield org/eclipse/jdt/internal/compiler/lookup/TypeConstants JAVA_LANG_INCOMPATIBLECLASSCHANGEERROR [[C 3 [[C
staticfield org/eclipse/jdt/internal/compiler/lookup/TypeConstants JAVA_LANG_ITERABLE [[C 3 [[C
staticfield org/eclipse/jdt/internal/compiler/lookup/TypeConstants JAVA_LANG_NOCLASSDEFFOUNDERROR [[C 3 [[C
staticfield org/eclipse/jdt/internal/compiler/lookup/TypeConstants JAVA_LANG_OBJECT [[C 3 [[C
staticfield org/eclipse/jdt/internal/compiler/lookup/TypeConstants JAVA_LANG_RECORD [[C 3 [[C
staticfield org/eclipse/jdt/internal/compiler/lookup/TypeConstants JAVA_LANG_STRING [[C 3 [[C
staticfield org/eclipse/jdt/internal/compiler/lookup/TypeConstants JAVA_LANG_STRINGBUFFER [[C 3 [[C
staticfield org/eclipse/jdt/internal/compiler/lookup/TypeConstants JAVA_LANG_STRINGBUILDER [[C 3 [[C
staticfield org/eclipse/jdt/internal/compiler/lookup/TypeConstants JAVA_LANG_SYSTEM [[C 3 [[C
staticfield org/eclipse/jdt/internal/compiler/lookup/TypeConstants JAVA_LANG_RUNTIMEEXCEPTION [[C 3 [[C
staticfield org/eclipse/jdt/internal/compiler/lookup/TypeConstants JAVA_LANG_THROWABLE [[C 3 [[C
staticfield org/eclipse/jdt/internal/compiler/lookup/TypeConstants JAVA_LANG_REFLECT_CONSTRUCTOR [[C 4 [[C
staticfield org/eclipse/jdt/internal/compiler/lookup/TypeConstants JAVA_IO_PRINTSTREAM [[C 3 [[C
staticfield org/eclipse/jdt/internal/compiler/lookup/TypeConstants JAVA_IO_SERIALIZABLE [[C 3 [[C
staticfield org/eclipse/jdt/internal/compiler/lookup/TypeConstants JAVA_LANG_BYTE [[C 3 [[C
staticfield org/eclipse/jdt/internal/compiler/lookup/TypeConstants JAVA_LANG_SHORT [[C 3 [[C
staticfield org/eclipse/jdt/internal/compiler/lookup/TypeConstants JAVA_LANG_CHARACTER [[C 3 [[C
staticfield org/eclipse/jdt/internal/compiler/lookup/TypeConstants JAVA_LANG_INTEGER [[C 3 [[C
staticfield org/eclipse/jdt/internal/compiler/lookup/TypeConstants JAVA_LANG_LONG [[C 3 [[C
staticfield org/eclipse/jdt/internal/compiler/lookup/TypeConstants JAVA_LANG_FLOAT [[C 3 [[C
staticfield org/eclipse/jdt/internal/compiler/lookup/TypeConstants JAVA_LANG_DOUBLE [[C 3 [[C
staticfield org/eclipse/jdt/internal/compiler/lookup/TypeConstants JAVA_LANG_BOOLEAN [[C 3 [[C
staticfield org/eclipse/jdt/internal/compiler/lookup/TypeConstants JAVA_LANG_VOID [[C 3 [[C
staticfield org/eclipse/jdt/internal/compiler/lookup/TypeConstants JAVA_UTIL_COLLECTION [[C 3 [[C
staticfield org/eclipse/jdt/internal/compiler/lookup/TypeConstants JAVA_UTIL_ITERATOR [[C 3 [[C
staticfield org/eclipse/jdt/internal/compiler/lookup/TypeConstants NEXT [C 4
staticfield org/eclipse/jdt/internal/compiler/lookup/TypeConstants JAVA_UTIL_OBJECTS [[C 3 [[C
staticfield org/eclipse/jdt/internal/compiler/lookup/TypeConstants JAVA_UTIL_LIST [[C 3 [[C
staticfield org/eclipse/jdt/internal/compiler/lookup/TypeConstants JAVA_UTIL_ARRAYS [[C 3 [[C
staticfield org/eclipse/jdt/internal/compiler/lookup/TypeConstants JAVA_LANG_DEPRECATED [[C 3 [[C
staticfield org/eclipse/jdt/internal/compiler/lookup/TypeConstants FOR_REMOVAL [C 10
staticfield org/eclipse/jdt/internal/compiler/lookup/TypeConstants SINCE [C 5
staticfield org/eclipse/jdt/internal/compiler/lookup/TypeConstants JAVA_LANG_ANNOTATION_DOCUMENTED [[C 4 [[C
staticfield org/eclipse/jdt/internal/compiler/lookup/TypeConstants JAVA_LANG_ANNOTATION_INHERITED [[C 4 [[C
staticfield org/eclipse/jdt/internal/compiler/lookup/TypeConstants JAVA_LANG_ANNOTATION_REPEATABLE [[C 4 [[C
staticfield org/eclipse/jdt/internal/compiler/lookup/TypeConstants JAVA_LANG_OVERRIDE [[C 3 [[C
staticfield org/eclipse/jdt/internal/compiler/lookup/TypeConstants JAVA_LANG_FUNCTIONAL_INTERFACE [[C 3 [[C
staticfield org/eclipse/jdt/internal/compiler/lookup/TypeConstants JAVA_LANG_ANNOTATION_RETENTION [[C 4 [[C
staticfield org/eclipse/jdt/internal/compiler/lookup/TypeConstants JAVA_LANG_SUPPRESSWARNINGS [[C 3 [[C
staticfield org/eclipse/jdt/internal/compiler/lookup/TypeConstants JAVA_LANG_ANNOTATION_TARGET [[C 4 [[C
staticfield org/eclipse/jdt/internal/compiler/lookup/TypeConstants JAVA_LANG_ANNOTATION_RETENTIONPOLICY [[C 4 [[C
staticfield org/eclipse/jdt/internal/compiler/lookup/TypeConstants JAVA_LANG_ANNOTATION_ELEMENTTYPE [[C 4 [[C
staticfield org/eclipse/jdt/internal/compiler/lookup/TypeConstants JDK_INTERNAL_PREVIEW_FEATURE [[C 3 [[C
staticfield org/eclipse/jdt/internal/compiler/lookup/TypeConstants JDK_INTERNAL_JAVAC_PREVIEW_FEATURE [[C 4 [[C
staticfield org/eclipse/jdt/internal/compiler/lookup/TypeConstants JAVA_LANG_REFLECT_FIELD [[C 4 [[C
staticfield org/eclipse/jdt/internal/compiler/lookup/TypeConstants JAVA_LANG_REFLECT_METHOD [[C 4 [[C
staticfield org/eclipse/jdt/internal/compiler/lookup/TypeConstants JAVA_IO_CLOSEABLE [[C 3 [[C
staticfield org/eclipse/jdt/internal/compiler/lookup/TypeConstants JAVA_IO_OBJECTSTREAMEXCEPTION [[C 3 [[C
staticfield org/eclipse/jdt/internal/compiler/lookup/TypeConstants JAVA_IO_EXTERNALIZABLE [[C 3 [[C
staticfield org/eclipse/jdt/internal/compiler/lookup/TypeConstants JAVA_IO_IOEXCEPTION [[C 3 [[C
staticfield org/eclipse/jdt/internal/compiler/lookup/TypeConstants JAVA_IO_OBJECTOUTPUTSTREAM [[C 3 [[C
staticfield org/eclipse/jdt/internal/compiler/lookup/TypeConstants JAVA_IO_OBJECTINPUTSTREAM [[C 3 [[C
staticfield org/eclipse/jdt/internal/compiler/lookup/TypeConstants JAVA_IO_IO [[C 3 [[C
staticfield org/eclipse/jdt/internal/compiler/lookup/TypeConstants JAVA_NIO_FILE_FILES [[C 4 [[C
staticfield org/eclipse/jdt/internal/compiler/lookup/TypeConstants JAVAX_RMI_CORBA_STUB [[C 4 [[C
staticfield org/eclipse/jdt/internal/compiler/lookup/TypeConstants JAVA_LANG_SAFEVARARGS [[C 3 [[C
staticfield org/eclipse/jdt/internal/compiler/lookup/TypeConstants INVOKE [C 6
staticfield org/eclipse/jdt/internal/compiler/lookup/TypeConstants JAVA_LANG_INVOKE_METHODHANDLE_POLYMORPHICSIGNATURE [[C 5 [[C
staticfield org/eclipse/jdt/internal/compiler/lookup/TypeConstants JAVA_LANG_INVOKE_METHODHANDLE_$_POLYMORPHICSIGNATURE [[C 4 [[C
staticfield org/eclipse/jdt/internal/compiler/lookup/TypeConstants JAVA_LANG_INVOKE_LAMBDAMETAFACTORY [[C 4 [[C
staticfield org/eclipse/jdt/internal/compiler/lookup/TypeConstants JAVA_LANG_INVOKE_SERIALIZEDLAMBDA [[C 4 [[C
staticfield org/eclipse/jdt/internal/compiler/lookup/TypeConstants JAVA_LANG_INVOKE_METHODHANDLES [[C 4 [[C
staticfield org/eclipse/jdt/internal/compiler/lookup/TypeConstants JAVA_LANG_INVOKE_METHODHANDLE [[C 4 [[C
staticfield org/eclipse/jdt/internal/compiler/lookup/TypeConstants JAVA_LANG_INVOKE_VARHANDLE [[C 4 [[C
staticfield org/eclipse/jdt/internal/compiler/lookup/TypeConstants JAVA_LANG_INVOKE_STRING_CONCAT_FACTORY [[C 4 [[C
staticfield org/eclipse/jdt/internal/compiler/lookup/TypeConstants JAVA_LANG_AUTOCLOSEABLE [[C 3 [[C
staticfield org/eclipse/jdt/internal/compiler/lookup/TypeConstants CLOSE [C 5
staticfield org/eclipse/jdt/internal/compiler/lookup/TypeConstants JAVA_LANG_RUNTIME_OBJECTMETHODS [[C 4 [[C
staticfield org/eclipse/jdt/internal/compiler/lookup/TypeConstants JAVA_LANG_RUNTIME_SWITCHBOOTSTRAPS [[C 4 [[C
staticfield org/eclipse/jdt/internal/compiler/lookup/TypeConstants JAVA_LANG_INVOKE_CONSTANTBOOTSTRAP [[C 4 [[C
staticfield org/eclipse/jdt/internal/compiler/lookup/TypeConstants PRIMITIVE_CLASS [C 14
staticfield org/eclipse/jdt/internal/compiler/lookup/TypeConstants PRIMITIVE_CLASS__SIGNATURE [C 93
staticfield org/eclipse/jdt/internal/compiler/lookup/TypeConstants GET_STATIC_FINAL [C 14
staticfield org/eclipse/jdt/internal/compiler/lookup/TypeConstants GET_STATIC_FINAL__SIGNATURE [C 94
staticfield org/eclipse/jdt/internal/compiler/lookup/TypeConstants JAVA_LANG_ENUM_ENUMDESC [[C 3 [[C
staticfield org/eclipse/jdt/internal/compiler/lookup/TypeConstants JAVA_LANG_CONSTANT_CLASSDESC [[C 4 [[C
staticfield org/eclipse/jdt/internal/compiler/lookup/TypeConstants GUAVA_CLOSEABLES [[C 5 [[C
staticfield org/eclipse/jdt/internal/compiler/lookup/TypeConstants APACHE_IOUTILS [[C 5 [[C
staticfield org/eclipse/jdt/internal/compiler/lookup/TypeConstants APACHE_DBUTILS [[C 5 [[C
staticfield org/eclipse/jdt/internal/compiler/lookup/TypeConstants CLOSE_QUIETLY [C 12
staticfield org/eclipse/jdt/internal/compiler/lookup/TypeConstants closeMethods [Lorg/eclipse/jdt/internal/compiler/lookup/TypeConstants$CloseMethodRecord; 9 [Lorg/eclipse/jdt/internal/compiler/lookup/TypeConstants$CloseMethodRecord;
staticfield org/eclipse/jdt/internal/compiler/lookup/TypeConstants JAVA_IO_WRAPPER_CLOSEABLES [[C 18 [[C
staticfield org/eclipse/jdt/internal/compiler/lookup/TypeConstants JAVA_UTIL_ZIP_WRAPPER_CLOSEABLES [[C 12 [[C
staticfield org/eclipse/jdt/internal/compiler/lookup/TypeConstants OTHER_WRAPPER_CLOSEABLES [[[C 5 [[[C
staticfield org/eclipse/jdt/internal/compiler/lookup/TypeConstants JAVA_IO_RESOURCE_FREE_CLOSEABLES [[C 7 [[C
staticfield org/eclipse/jdt/internal/compiler/lookup/TypeConstants JAVA_UTIL_STREAM [[C 3 [[C
staticfield org/eclipse/jdt/internal/compiler/lookup/TypeConstants RESOURCE_FREE_CLOSEABLE_J_U_STREAMS [[C 4 [[C
staticfield org/eclipse/jdt/internal/compiler/lookup/TypeConstants ONE_UTIL_STREAMEX [[C 3 [[C
staticfield org/eclipse/jdt/internal/compiler/lookup/TypeConstants RESOURCE_FREE_CLOSEABLE_STREAMEX [[C 5 [[C
staticfield org/eclipse/jdt/internal/compiler/lookup/TypeConstants CHANNELS [C 8
staticfield org/eclipse/jdt/internal/compiler/lookup/TypeConstants FLUENT_RESOURCE_CLASSES [[[C 16 [[[C
staticfield org/eclipse/jdt/internal/compiler/lookup/TypeConstants JAVA_UTIL_STREAM__STREAM [[C 4 [[C
staticfield org/eclipse/jdt/internal/compiler/lookup/TypeConstants FILTER [C 6
staticfield org/eclipse/jdt/internal/compiler/lookup/TypeConstants ASSERT_CLASS [C 6
staticfield org/eclipse/jdt/internal/compiler/lookup/TypeConstants ASSERTIONS_CLASS [C 10
staticfield org/eclipse/jdt/internal/compiler/lookup/TypeConstants ORG_ECLIPSE_CORE_RUNTIME_ASSERT [[C 5 [[C
staticfield org/eclipse/jdt/internal/compiler/lookup/TypeConstants IS_NOTNULL [C 9
staticfield org/eclipse/jdt/internal/compiler/lookup/TypeConstants JUNIT [C 5
staticfield org/eclipse/jdt/internal/compiler/lookup/TypeConstants FRAMEWORK [C 9
staticfield org/eclipse/jdt/internal/compiler/lookup/TypeConstants JUPITER [C 7
staticfield org/eclipse/jdt/internal/compiler/lookup/TypeConstants PARAMS [C 6
staticfield org/eclipse/jdt/internal/compiler/lookup/TypeConstants PROVIDER [C 8
staticfield org/eclipse/jdt/internal/compiler/lookup/TypeConstants API [C 3
staticfield org/eclipse/jdt/internal/compiler/lookup/TypeConstants JUNIT_FRAMEWORK_ASSERT [[C 3 [[C
staticfield org/eclipse/jdt/internal/compiler/lookup/TypeConstants ORG_JUNIT_ASSERT [[C 3 [[C
staticfield org/eclipse/jdt/internal/compiler/lookup/TypeConstants ORG_JUNIT_JUPITER_API_ASSERTIONS [[C 5 [[C
staticfield org/eclipse/jdt/internal/compiler/lookup/TypeConstants ASSERT_NULL [C 10
staticfield org/eclipse/jdt/internal/compiler/lookup/TypeConstants ASSERT_NOTNULL [C 13
staticfield org/eclipse/jdt/internal/compiler/lookup/TypeConstants ASSERT_TRUE [C 10
staticfield org/eclipse/jdt/internal/compiler/lookup/TypeConstants ASSERT_FALSE [C 11
staticfield org/eclipse/jdt/internal/compiler/lookup/TypeConstants METHOD_SOURCE [C 12
staticfield org/eclipse/jdt/internal/compiler/lookup/TypeConstants ORG_JUNIT_METHOD_SOURCE [[C 6 [[C
staticfield org/eclipse/jdt/internal/compiler/lookup/TypeConstants VALIDATE_CLASS [C 8
staticfield org/eclipse/jdt/internal/compiler/lookup/TypeConstants ORG_APACHE_COMMONS_LANG_VALIDATE [[C 5 [[C
staticfield org/eclipse/jdt/internal/compiler/lookup/TypeConstants ORG_APACHE_COMMONS_LANG3_VALIDATE [[C 5 [[C
staticfield org/eclipse/jdt/internal/compiler/lookup/TypeConstants ORG_ECLIPSE_JDT_INTERNAL_COMPILER_LOOKUP_TYPEBINDING [[C 7 [[C
staticfield org/eclipse/jdt/internal/compiler/lookup/TypeConstants ORG_ECLIPSE_JDT_CORE_DOM_ITYPEBINDING [[C 6 [[C
staticfield org/eclipse/jdt/internal/compiler/lookup/TypeConstants IS_TRUE [C 6
staticfield org/eclipse/jdt/internal/compiler/lookup/TypeConstants NOT_NULL [C 7
staticfield org/eclipse/jdt/internal/compiler/lookup/TypeConstants COM_GOOGLE_COMMON_BASE_PRECONDITIONS [[C 5 [[C
staticfield org/eclipse/jdt/internal/compiler/lookup/TypeConstants CHECK_NOT_NULL [C 12
staticfield org/eclipse/jdt/internal/compiler/lookup/TypeConstants CHECK_ARGUMENT [C 13
staticfield org/eclipse/jdt/internal/compiler/lookup/TypeConstants CHECK_STATE [C 10
staticfield org/eclipse/jdt/internal/compiler/lookup/TypeConstants REQUIRE_NON_NULL [C 14
staticfield org/eclipse/jdt/internal/compiler/lookup/TypeConstants INJECT_PACKAGE [C 6
staticfield org/eclipse/jdt/internal/compiler/lookup/TypeConstants INJECT_TYPE [C 6
staticfield org/eclipse/jdt/internal/compiler/lookup/TypeConstants JAVAX_ANNOTATION_INJECT_INJECT [[C 3 [[C
staticfield org/eclipse/jdt/internal/compiler/lookup/TypeConstants JAKARTA_ANNOTATION_INJECT_INJECT [[C 3 [[C
staticfield org/eclipse/jdt/internal/compiler/lookup/TypeConstants COM_GOOGLE_INJECT_INJECT [[C 4 [[C
staticfield org/eclipse/jdt/internal/compiler/lookup/TypeConstants OPTIONAL [C 8
staticfield org/eclipse/jdt/internal/compiler/lookup/TypeConstants IS_INSTANCE [C 10
staticfield org/eclipse/jdt/internal/compiler/lookup/TypeConstants NON_NULL [C 7
staticfield org/eclipse/jdt/internal/compiler/lookup/TypeConstants IS_NULL [C 6
staticfield org/eclipse/jdt/internal/compiler/lookup/TypeConstants JAVA_UTIL_MAP [[C 3 [[C
staticfield org/eclipse/jdt/internal/compiler/lookup/TypeConstants GET [C 3
staticfield org/eclipse/jdt/internal/compiler/lookup/TypeConstants REMOVE [C 6
staticfield org/eclipse/jdt/internal/compiler/lookup/TypeConstants REMOVE_ALL [C 9
staticfield org/eclipse/jdt/internal/compiler/lookup/TypeConstants CONTAINS_ALL [C 11
staticfield org/eclipse/jdt/internal/compiler/lookup/TypeConstants RETAIN_ALL [C 9
staticfield org/eclipse/jdt/internal/compiler/lookup/TypeConstants CONTAINS_KEY [C 11
staticfield org/eclipse/jdt/internal/compiler/lookup/TypeConstants CONTAINS_VALUE [C 13
staticfield org/eclipse/jdt/internal/compiler/lookup/TypeConstants CONTAINS [C 8
staticfield org/eclipse/jdt/internal/compiler/lookup/TypeConstants INDEX_OF [C 7
staticfield org/eclipse/jdt/internal/compiler/lookup/TypeConstants LAST_INDEX_OF [C 11
staticfield org/eclipse/jdt/internal/compiler/lookup/TypeConstants AUTOWIRED [C 9
staticfield org/eclipse/jdt/internal/compiler/lookup/TypeConstants BEANS [C 5
staticfield org/eclipse/jdt/internal/compiler/lookup/TypeConstants FACTORY [C 7
staticfield org/eclipse/jdt/internal/compiler/lookup/TypeConstants ORG_SPRING_AUTOWIRED [[C 6 [[C
staticfield org/eclipse/jdt/internal/compiler/lookup/TypeConstants REQUIRED [C 8
staticfield org/eclipse/jdt/internal/compiler/lookup/TypeConstants INIT [C 6
staticfield org/eclipse/jdt/internal/compiler/lookup/TypeConstants CLINIT [C 8
staticfield org/eclipse/jdt/internal/compiler/lookup/TypeConstants SYNTHETIC_SWITCH_ENUM_TABLE [C 14
staticfield org/eclipse/jdt/internal/compiler/lookup/TypeConstants SYNTHETIC_ENUM_VALUES [C 11
staticfield org/eclipse/jdt/internal/compiler/lookup/TypeConstants SYNTHETIC_ASSERT_DISABLED [C 19
staticfield org/eclipse/jdt/internal/compiler/lookup/TypeConstants SYNTHETIC_CLASS [C 6
staticfield org/eclipse/jdt/internal/compiler/lookup/TypeConstants SYNTHETIC_OUTER_LOCAL_PREFIX [C 4
staticfield org/eclipse/jdt/internal/compiler/lookup/TypeConstants SYNTHETIC_ENCLOSING_INSTANCE_PREFIX [C 5
staticfield org/eclipse/jdt/internal/compiler/lookup/TypeConstants SYNTHETIC_ACCESS_METHOD_PREFIX [C 7
staticfield org/eclipse/jdt/internal/compiler/lookup/TypeConstants SYNTHETIC_ENUM_CONSTANT_INITIALIZATION_METHOD_PREFIX [C 30
staticfield org/eclipse/jdt/internal/compiler/lookup/TypeConstants SYNTHETIC_STATIC_FACTORY [C 9
staticfield org/eclipse/jdt/internal/compiler/lookup/TypeConstants DEFAULT_LOCATION__PARAMETER [C 9
staticfield org/eclipse/jdt/internal/compiler/lookup/TypeConstants DEFAULT_LOCATION__RETURN_TYPE [C 11
staticfield org/eclipse/jdt/internal/compiler/lookup/TypeConstants DEFAULT_LOCATION__FIELD [C 5
staticfield org/eclipse/jdt/internal/compiler/lookup/TypeConstants DEFAULT_LOCATION__TYPE_ARGUMENT [C 13
staticfield org/eclipse/jdt/internal/compiler/lookup/TypeConstants DEFAULT_LOCATION__TYPE_PARAMETER [C 14
staticfield org/eclipse/jdt/internal/compiler/lookup/TypeConstants DEFAULT_LOCATION__TYPE_BOUND [C 10
staticfield org/eclipse/jdt/internal/compiler/lookup/TypeConstants DEFAULT_LOCATION__ARRAY_CONTENTS [C 14
staticfield org/eclipse/jdt/internal/compiler/lookup/TypeConstants DEFAULT_LOCATION__RECORD_COMPONENT [C 16
staticfield org/eclipse/jdt/internal/compiler/lookup/TypeConstants PACKAGE_INFO_NAME [C 12
staticfield org/eclipse/jdt/internal/compiler/lookup/TypeConstants MODULE_INFO_NAME [C 11
staticfield org/eclipse/jdt/internal/compiler/lookup/TypeConstants MODULE_INFO_FILE_NAME [C 16
staticfield org/eclipse/jdt/internal/compiler/lookup/TypeConstants MODULE_INFO_CLASS_NAME [C 17
staticfield org/eclipse/jdt/internal/compiler/lookup/TypeConstants JAVA_DOT_BASE [C 9
staticfield org/eclipse/jdt/internal/compiler/lookup/TypeConstants JDK_INTERNAL_VALUEBASED [[C 3 [[C
ciInstanceKlass org/eclipse/jdt/internal/compiler/lookup/Substitution 1 0 18 100 1 100 1 1 1 1 1 1 1 1 1 1 100 1 1 1
instanceKlass org/eclipse/jdt/internal/compiler/lookup/ImportBinding
instanceKlass org/eclipse/jdt/internal/compiler/lookup/ProblemBinding
instanceKlass org/eclipse/jdt/internal/compiler/lookup/Scope$1
instanceKlass org/eclipse/jdt/internal/compiler/lookup/ModuleBinding
instanceKlass org/eclipse/jdt/internal/compiler/lookup/MethodBinding
instanceKlass org/eclipse/jdt/internal/compiler/lookup/PackageBinding
instanceKlass org/eclipse/jdt/internal/compiler/lookup/VariableBinding
instanceKlass org/eclipse/jdt/internal/compiler/lookup/TypeBinding
ciInstanceKlass org/eclipse/jdt/internal/compiler/lookup/Binding 1 1 243 7 1 7 1 1 1 1 3 1 3 1 3 1 3 1 3 1 3 1 3 1 3 1 3 1 3 1 3 1 3 1 3 1 3 1 3 1 3 1 3 1 3 1 3 1 3 1 3 1 1 1 1 1 1 1 1 1 1 1 1 1 1 1 1 1 1 1 1 1 1 1 1 1 1 1 1 1 1 1 1 1 1 1 1 1 1 3 1 1 1 1 1 1 3 1 3 1 3 1 3 1 3 1 3 1 1 1 1 1 1 7 1 9 12 7 1 9 12 7 1 9 12 7 1 9 12 7 1 9 12 9 12 9 12 9 12 7 1 9 12 7 1 9 12 9 12 9 12 9 12 7 1 9 12 7 1 9 12 7 1 9 12 7 1 9 12 7 1 9 12 9 12 9 12 9 12 7 1 9 12 7 1 9 12 1 1 100 1 1 10 12 9 12 1 1 1 1 1 1 10 12 1 1 1 1 1 1 1 1 1 10 12 1 1 1 1 10 12 1 1 1 1 1 100 1 1 1 10 12 1 1 1 1 10 12 1 1 1 1 1 1 1
staticfield org/eclipse/jdt/internal/compiler/lookup/Binding NO_MODULES [Lorg/eclipse/jdt/internal/compiler/lookup/ModuleBinding; 0 [Lorg/eclipse/jdt/internal/compiler/lookup/ModuleBinding;
staticfield org/eclipse/jdt/internal/compiler/lookup/Binding NO_PACKAGES [Lorg/eclipse/jdt/internal/compiler/lookup/PackageBinding; 0 [Lorg/eclipse/jdt/internal/compiler/lookup/PackageBinding;
staticfield org/eclipse/jdt/internal/compiler/lookup/Binding NO_PLAIN_PACKAGES [Lorg/eclipse/jdt/internal/compiler/lookup/PlainPackageBinding; 0 [Lorg/eclipse/jdt/internal/compiler/lookup/PlainPackageBinding;
staticfield org/eclipse/jdt/internal/compiler/lookup/Binding NO_TYPES [Lorg/eclipse/jdt/internal/compiler/lookup/TypeBinding; 0 [Lorg/eclipse/jdt/internal/compiler/lookup/TypeBinding;
staticfield org/eclipse/jdt/internal/compiler/lookup/Binding NO_REFERENCE_TYPES [Lorg/eclipse/jdt/internal/compiler/lookup/ReferenceBinding; 0 [Lorg/eclipse/jdt/internal/compiler/lookup/ReferenceBinding;
staticfield org/eclipse/jdt/internal/compiler/lookup/Binding NO_PARAMETERS [Lorg/eclipse/jdt/internal/compiler/lookup/TypeBinding; 0 [Lorg/eclipse/jdt/internal/compiler/lookup/TypeBinding;
staticfield org/eclipse/jdt/internal/compiler/lookup/Binding NO_EXCEPTIONS [Lorg/eclipse/jdt/internal/compiler/lookup/ReferenceBinding; 0 [Lorg/eclipse/jdt/internal/compiler/lookup/ReferenceBinding;
staticfield org/eclipse/jdt/internal/compiler/lookup/Binding ANY_EXCEPTION [Lorg/eclipse/jdt/internal/compiler/lookup/ReferenceBinding; 1 [Lorg/eclipse/jdt/internal/compiler/lookup/ReferenceBinding;
staticfield org/eclipse/jdt/internal/compiler/lookup/Binding NO_FIELDS [Lorg/eclipse/jdt/internal/compiler/lookup/FieldBinding; 0 [Lorg/eclipse/jdt/internal/compiler/lookup/FieldBinding;
staticfield org/eclipse/jdt/internal/compiler/lookup/Binding NO_METHODS [Lorg/eclipse/jdt/internal/compiler/lookup/MethodBinding; 0 [Lorg/eclipse/jdt/internal/compiler/lookup/MethodBinding;
staticfield org/eclipse/jdt/internal/compiler/lookup/Binding NO_PERMITTED_TYPES [Lorg/eclipse/jdt/internal/compiler/lookup/ReferenceBinding; 0 [Lorg/eclipse/jdt/internal/compiler/lookup/ReferenceBinding;
staticfield org/eclipse/jdt/internal/compiler/lookup/Binding NO_SUPERINTERFACES [Lorg/eclipse/jdt/internal/compiler/lookup/ReferenceBinding; 0 [Lorg/eclipse/jdt/internal/compiler/lookup/ReferenceBinding;
staticfield org/eclipse/jdt/internal/compiler/lookup/Binding NO_MEMBER_TYPES [Lorg/eclipse/jdt/internal/compiler/lookup/ReferenceBinding; 0 [Lorg/eclipse/jdt/internal/compiler/lookup/ReferenceBinding;
staticfield org/eclipse/jdt/internal/compiler/lookup/Binding NO_TYPE_VARIABLES [Lorg/eclipse/jdt/internal/compiler/lookup/TypeVariableBinding; 0 [Lorg/eclipse/jdt/internal/compiler/lookup/TypeVariableBinding;
staticfield org/eclipse/jdt/internal/compiler/lookup/Binding NO_ANNOTATIONS [Lorg/eclipse/jdt/internal/compiler/lookup/AnnotationBinding; 0 [Lorg/eclipse/jdt/internal/compiler/lookup/AnnotationBinding;
staticfield org/eclipse/jdt/internal/compiler/lookup/Binding NO_ELEMENT_VALUE_PAIRS [Lorg/eclipse/jdt/internal/compiler/lookup/ElementValuePair; 0 [Lorg/eclipse/jdt/internal/compiler/lookup/ElementValuePair;
staticfield org/eclipse/jdt/internal/compiler/lookup/Binding NO_PARAMETER_NAMES [[C 0 [[C
staticfield org/eclipse/jdt/internal/compiler/lookup/Binding NO_COMPONENTS [Lorg/eclipse/jdt/internal/compiler/lookup/RecordComponentBinding; 0 [Lorg/eclipse/jdt/internal/compiler/lookup/RecordComponentBinding;
staticfield org/eclipse/jdt/internal/compiler/lookup/Binding UNINITIALIZED_FIELDS [Lorg/eclipse/jdt/internal/compiler/lookup/FieldBinding; 0 [Lorg/eclipse/jdt/internal/compiler/lookup/FieldBinding;
staticfield org/eclipse/jdt/internal/compiler/lookup/Binding UNINITIALIZED_METHODS [Lorg/eclipse/jdt/internal/compiler/lookup/MethodBinding; 0 [Lorg/eclipse/jdt/internal/compiler/lookup/MethodBinding;
staticfield org/eclipse/jdt/internal/compiler/lookup/Binding UNINITIALIZED_REFERENCE_TYPES [Lorg/eclipse/jdt/internal/compiler/lookup/ReferenceBinding; 0 [Lorg/eclipse/jdt/internal/compiler/lookup/ReferenceBinding;
staticfield org/eclipse/jdt/internal/compiler/lookup/Binding NO_INFERENCE_VARIABLES [Lorg/eclipse/jdt/internal/compiler/lookup/InferenceVariable; 0 [Lorg/eclipse/jdt/internal/compiler/lookup/InferenceVariable;
staticfield org/eclipse/jdt/internal/compiler/lookup/Binding NO_TYPE_BOUNDS [Lorg/eclipse/jdt/internal/compiler/lookup/TypeBound; 0 [Lorg/eclipse/jdt/internal/compiler/lookup/TypeBound;
instanceKlass org/eclipse/jdt/internal/compiler/lookup/PolyTypeBinding
instanceKlass org/eclipse/jdt/internal/compiler/lookup/ArrayBinding
instanceKlass org/eclipse/jdt/internal/compiler/lookup/BaseTypeBinding
instanceKlass org/eclipse/jdt/internal/compiler/lookup/ReferenceBinding
ciInstanceKlass org/eclipse/jdt/internal/compiler/lookup/TypeBinding 1 1 809 7 1 7 1 1 1 1 1 1 1 1 1 1 1 1 1 1 1 1 1 1 1 1 1 1 1 1 1 1 1 10 7 1 12 1 1 9 12 7 1 10 12 1 9 12 7 1 100 1 9 7 1 12 1 10 12 1 9 12 9 12 9 12 9 12 9 12 9 12 9 12 9 12 9 12 9 12 9 12 9 12 9 12 9 12 9 12 7 1 10 9 12 7 1 10 9 12 9 12 1 1 1 10 3 9 12 9 12 1 9 12 1 1 1 9 12 1 1 5 0 1 1 1 10 7 1 12 1 1 10 12 1 10 12 1 1 1 1 1 1 100 1 8 1 10 12 1 1 1 1 1 10 12 1 100 1 10 12 1 10 12 10 12 1 1 10 12 1 10 12 1 1 10 12 1 10 12 1 1 10 12 1 10 12 1 1 1 1 1 1 100 1 1 1 1 1 1 1 10 12 1 1 1 1 1 1 1 1 1 1 1 1 1 1 1 1 1 1 1 1 1 1 1 100 1 8 1 10 12 1 1 1 10 12 1 100 1 10 12 1 10 12 1 1 1 1 1 1 1 1 9 100 1 12 1 1 1 1 9 12 1 1 1 1 1 10 12 1 1 10 12 100 1 1 1 7 1 9 10 12 1 10 10 12 1 10 12 1 1 9 12 1 1 10 7 1 12 1 1 10 12 1 1 1 1 1 1 1 1 1 1 1 1 1 100 10 12 1 100 1 10 12 9 12 10 12 1 9 12 10 12 10 12 1 1 10 100 1 12 1 1 10 12 1 7 1 9 12 1 10 12 1 7 1 10 12 1 10 1 1 1 1 1 1 1 1 1 1 1 1 1 7 1 10 7 1 10 12 1 10 7 1 12 1 1 11 7 1 12 1 9 12 1 1 11 12 1 7 1 11 12 1 1 100 1 1 1 1 10 12 1 1 1 10 12 1 1 10 9 12 10 12 9 12 7 1 10 9 9 10 1 1 1 1 1 1 1 1 1 1 1 1 100 1 5 0 1 5 0 1 1 10 12 1 1 1 1 1 1 10 12 10 12 1 1 1 1 1 10 12 1 1 1 1 10 10 12 1 1 1 1 10 12 1 1 1 5 0 1 1 1 1 5 0 1 5 0 1 5 0 1 1 1 5 0 1 1 1 7 1 9 12 1 1 10 12 1 10 12 1 10 10 12 10 12 1 1 1 1 1 1 1 1 1 1 1 1 1 1 10 12 10 12 1 10 12 1 10 10 12 1 10 12 1 10 12 1 9 5 0 10 12 10 12 10 12 1 1 1 1 1 1 9 12 9 12 10 7 1 9 9 12 1 9 12 1 9 10 12 1 1 10 12 1 1 1 1 1 1 1 1 1 1 1 1 1 1 1 1 10 10 12 10 10 12 7 1 9 12 1 10 100 1 10 1 1 1 1 1 1 10 12 9 12 1 9 12 1 100 1 10 12 1 1 9 12 10 9 12 10 12 1 10 12 1 10 12 1 9 12 1 10 12 9 9 12 10 12 10 12 10 10 12 1 1 1 1 1 1 1 1 1 1 10 10 1 1 1 10 12 1 1 1 1 10 12 1 1 5 0 1 9 12 1 100 1 1 10 12 9 100 1 12 1 1 9 100 1 12 1 9 12 1 10 1 1 100 1 1 1 9 100 1 12 1 10 12 1 1 5 0 5 0 1 1 1 1 10 12 1 9 1 1 1 9 12 1 1 1 1 1 1 1 1 1 1 1 1 1 1 1 1 10 12 1 1 1 1 1 1 1 9 12 1 1 1 1 1 9 12 1 9 12 1 1 1 1 1 1 1 1 1 1 1 1 1 1 1
staticfield org/eclipse/jdt/internal/compiler/lookup/TypeBinding TYPE_USE_BINDING Lorg/eclipse/jdt/internal/compiler/lookup/ReferenceBinding; org/eclipse/jdt/internal/compiler/lookup/TypeBinding$1
staticfield org/eclipse/jdt/internal/compiler/lookup/TypeBinding INT Lorg/eclipse/jdt/internal/compiler/lookup/BaseTypeBinding; org/eclipse/jdt/internal/compiler/lookup/BaseTypeBinding
staticfield org/eclipse/jdt/internal/compiler/lookup/TypeBinding BYTE Lorg/eclipse/jdt/internal/compiler/lookup/BaseTypeBinding; org/eclipse/jdt/internal/compiler/lookup/BaseTypeBinding
staticfield org/eclipse/jdt/internal/compiler/lookup/TypeBinding SHORT Lorg/eclipse/jdt/internal/compiler/lookup/BaseTypeBinding; org/eclipse/jdt/internal/compiler/lookup/BaseTypeBinding
staticfield org/eclipse/jdt/internal/compiler/lookup/TypeBinding CHAR Lorg/eclipse/jdt/internal/compiler/lookup/BaseTypeBinding; org/eclipse/jdt/internal/compiler/lookup/BaseTypeBinding
staticfield org/eclipse/jdt/internal/compiler/lookup/TypeBinding LONG Lorg/eclipse/jdt/internal/compiler/lookup/BaseTypeBinding; org/eclipse/jdt/internal/compiler/lookup/BaseTypeBinding
staticfield org/eclipse/jdt/internal/compiler/lookup/TypeBinding FLOAT Lorg/eclipse/jdt/internal/compiler/lookup/BaseTypeBinding; org/eclipse/jdt/internal/compiler/lookup/BaseTypeBinding
staticfield org/eclipse/jdt/internal/compiler/lookup/TypeBinding DOUBLE Lorg/eclipse/jdt/internal/compiler/lookup/BaseTypeBinding; org/eclipse/jdt/internal/compiler/lookup/BaseTypeBinding
staticfield org/eclipse/jdt/internal/compiler/lookup/TypeBinding BOOLEAN Lorg/eclipse/jdt/internal/compiler/lookup/BaseTypeBinding; org/eclipse/jdt/internal/compiler/lookup/BaseTypeBinding
staticfield org/eclipse/jdt/internal/compiler/lookup/TypeBinding NULL Lorg/eclipse/jdt/internal/compiler/lookup/NullTypeBinding; org/eclipse/jdt/internal/compiler/lookup/NullTypeBinding
staticfield org/eclipse/jdt/internal/compiler/lookup/TypeBinding VOID Lorg/eclipse/jdt/internal/compiler/lookup/VoidTypeBinding; org/eclipse/jdt/internal/compiler/lookup/VoidTypeBinding
staticfield org/eclipse/jdt/internal/compiler/lookup/TypeBinding NUMERIC_TYPES [Lorg/eclipse/jdt/internal/compiler/lookup/TypeBinding; 7 [Lorg/eclipse/jdt/internal/compiler/lookup/TypeBinding;
staticfield org/eclipse/jdt/internal/compiler/lookup/TypeBinding $assertionsDisabled Z 1
instanceKlass org/eclipse/jdt/internal/compiler/ast/LambdaExpression$1LambdaTypeBinding
instanceKlass org/eclipse/jdt/internal/compiler/lookup/IntersectionTypeBinding18
instanceKlass org/eclipse/jdt/internal/compiler/lookup/ParameterizedTypeBinding
instanceKlass org/eclipse/jdt/internal/compiler/lookup/BinaryTypeBinding
instanceKlass org/eclipse/jdt/internal/compiler/lookup/UnresolvedReferenceBinding
instanceKlass org/eclipse/jdt/internal/compiler/lookup/ReferenceBinding$1
instanceKlass org/eclipse/jdt/internal/compiler/lookup/WildcardBinding
instanceKlass org/eclipse/jdt/internal/compiler/lookup/TypeBinding$1
instanceKlass org/eclipse/jdt/internal/compiler/lookup/ProblemReferenceBinding
instanceKlass org/eclipse/jdt/internal/compiler/lookup/TypeVariableBinding
instanceKlass org/eclipse/jdt/internal/compiler/lookup/SourceTypeBinding
ciInstanceKlass org/eclipse/jdt/internal/compiler/lookup/ReferenceBinding 1 1 1667 7 1 7 1 1 1 1 1 1 1 1 1 1 1 1 1 1 1 1 1 1 1 1 1 1 1 1 1 1 1 1 1 1 1 1 1 1 1 7 1 8 1 10 12 1 1 9 12 7 1 10 12 9 12 7 1 10 9 12 7 1 10 9 12 7 1 9 7 1 12 1 100 1 10 12 1 9 12 18 12 1 1 9 12 1 1 100 1 1 10 12 1 9 12 9 12 9 12 9 12 9 12 9 12 9 12 9 12 9 12 9 12 1 1 10 1 1 1 1 1 9 7 1 12 10 12 1 1 1 1 1 1 1 1 1 1 100 100 1 5 0 9 7 1 12 1 10 7 1 12 1 1 1 1 1 1 1 7 10 7 1 12 1 1 1 1 1 1 1 1 1 1 1 1 1 10 7 1 12 1 1 1 1 1 1 1 1 1 1 10 12 1 1 1 10 12 1 1 1 9 12 1 1 100 1 5 0 1 1 1 1 1 10 12 1 10 12 1 1 1 10 12 1 10 12 1 1 10 12 1 1 10 12 1 10 12 1 1 10 12 1 10 12 1 1 10 10 12 1 10 12 1 10 12 1 10 10 12 1 1 1 1 1 1 1 1 1 1 1 1 10 7 1 12 1 1 10 12 1 1 9 7 1 10 10 1 1 1 1 1 10 12 1 10 12 1 100 1 3 9 7 1 12 1 1 10 12 1 100 1 10 12 1 10 12 1 10 12 1 1 10 12 1 10 12 1 10 7 1 8 1 10 12 1 10 12 1 1 10 12 1 1 1 1 1 1 1 1 1 1 1 1 100 1 9 12 1 10 12 1 9 12 1 9 12 1 9 12 1 9 12 1 9 12 1 9 12 1 9 12 1 9 12 1 9 12 1 9 12 1 9 12 1 9 12 1 9 12 1 9 12 1 9 12 1 9 12 1 9 12 1 9 12 1 9 12 1 9 12 1 9 12 1 9 12 1 9 12 1 9 12 1 9 12 1 9 12 1 9 12 1 9 12 1 9 12 1 9 12 1 9 12 1 9 12 1 9 12 1 9 12 1 9 12 1 9 12 1 9 12 1 9 12 1 9 12 1 9 12 1 9 12 1 9 12 1 9 12 1 9 12 1 9 12 1 9 12 1 9 12 1 9 12 1 9 12 1 9 12 1 9 12 1 9 12 1 9 12 1 9 12 1 9 12 1 9 12 1 9 12 1 9 12 1 9 12 1 9 12 1 9 12 1 9 12 1 9 12 1 9 12 1 9 12 1 9 12 1 9 12 1 9 12 1 9 12 1 9 12 1 9 12 1 9 12 1 9 12 1 9 12 1 9 12 1 9 12 1 9 12 1 9 12 1 9 12 1 9 12 1 9 12 1 9 12 1 9 12 1 9 12 1 9 12 1 9 12 1 9 12 1 9 12 1 9 12 1 9 12 1 9 12 1 1 1 1 1 10 7 1 12 1 1 1 1 1 1 10 12 1 1 1 1 10 12 1 10 12 1 100 1 10 12 1 10 12 1 8 1 1 1 1 5 0 5 0 9 12 1 10 12 1 10 12 1 1 100 1 9 12 1 10 100 1 12 1 1 9 12 1 10 100 1 12 1 1 10 12 1 10 12 5 0 1 1 1 1 1 1 100 1 1 1 1 1 9 100 1 1 1 1 1 1 3 1 1 10 12 10 12 1 1 1 10 12 1 1 1 1 1 10 12 1 10 12 1 1 9 100 1 10 12 1 1 1 1 100 1 1 9 100 1 12 1 1 100 1 1 100 1 1 1 1 1 1 1 1 1 1 1 1 1 1 1 1 10 12 1 1 10 12 1 1 100 1 1 9 12 1 1 10 12 1 1 1 1 1 10 12 1 9 1 1 10 7 1 12 10 12 1 1 1 10 10 12 1 1 10 12 1 9 12 1 10 7 1 12 1 1 1 1 1 1 1 1 1 1 1 1 1 1 10 12 1 10 12 1 10 12 10 7 1 12 1 1 1 1 1 1 3 1 1 1 1 1 10 12 1 1 1 1 1 10 12 10 12 1 1 1 1 1 5 0 1 3 1 1 7 1 9 12 1 1 1 1 1 10 12 10 12 1 1 1 1 1 1 10 12 10 1 1 1 1 10 9 7 1 10 11 7 1 12 1 1 7 1 9 12 1 1 9 12 1 11 12 1 1 10 12 1 9 12 1 1 10 12 1 10 7 1 9 12 1 10 12 1 10 12 7 1 10 12 1 1 9 7 1 12 1 1 7 1 9 12 1 1 10 10 12 1 100 1 9 12 1 10 12 1 10 12 10 12 1 1 10 10 12 1 1 1 1 1 1 1 1 1 3 1 3 1 1 10 12 1 10 12 1 10 12 1 1 10 12 1 1 1 1 1 100 10 12 10 12 1 1 1 1 1 3 1 1 1 5 0 1 5 0 1 1 10 12 10 10 12 10 12 1 9 12 1 1 1 10 12 1 1 10 12 1 1 10 12 1 5 0 1 10 7 1 12 1 1 1 1 1 1 3 1 3 10 12 9 5 0 1 9 12 1 1 1 1 10 12 1 1 1 1 1 10 9 12 1 1 1 1 1 1 10 12 10 12 10 12 1 1 10 12 10 1 1 1 1 1 9 7 1 12 1 10 12 1 9 12 1 1 10 100 1 12 1 10 12 10 12 1 5 0 9 12 1 5 0 9 12 1 1 1 1 1 1 100 1 1 10 12 1 1 7 1 1 1 1 1 1 10 12 9 12 1 10 1 1 1 1 10 12 1 1 1 1 1 1 1 1 1 10 12 1 1 10 12 1 10 12 10 12 10 1 1 10 12 10 10 12 10 12 1 1 1 11 12 1 10 10 12 1 10 12 1 1 1 1 1 9 12 1 1 1 9 12 1 9 12 1 9 12 1 9 12 1 9 12 1 9 12 1 9 12 1 1 9 12 1 9 12 1 10 12 5 0 9 12 1 10 12 1 1 10 12 1 1 1 100 10 12 1 1 1 10 12 1 9 12 1 9 12 1 1 10 12 1 9 12 10 9 5 0 10 12 1 10 10 12 1 1 1 1 1 1 1 10 12 1 9 12 1 7 1 10 10 12 1 1 18 11 7 1 12 1 1 18 12 1 1 11 12 1 1 10 100 1 12 1 1 10 100 1 12 1 1 10 12 1 1 18 12 1 1 11 12 1 1 1 1 1 1 10 18 12 1 18 12 1 18 12 1 11 12 1 1 11 12 1 1 1 1 1 1 1 10 12 10 12 1 1 10 7 1 12 1 1 10 12 9 12 10 12 1 1 10 12 1 10 12 1 10 100 1 12 1 1 10 12 1 1 9 12 1 9 9 12 10 12 1 1 1 1 1 1 1 1 1 1 1 1 1 1 1 1 1 1 1 1 1 1 1 1 1 10 12 10 10 12 1 10 12 1 10 1 1 1 1 9 12 1 1 10 12 1 10 12 1 1 10 1 1 1 100 1 8 1 10 10 12 1 10 12 1 1 10 12 1 10 10 12 11 100 1 12 1 1 11 12 1 1 11 100 1 12 1 11 12 1 1 11 12 1 11 12 1 100 1 10 1 1 1 1 10 12 10 12 1 1 1 1 1 1 1 1 1 1 1 10 12 1 1 1 1 1 1 1 1 1 1 1 1 1 1 1 1 1 1 1 10 7 1 12 1 1 15 1 16 10 12 15 16 16 10 12 15 16 1 16 10 12 15 16 16 10 12 15 16 16 10 12 15 16 16 10 12 15 16 16 10 12 15 1 16 1 100 1 100 1 1 1 1
staticfield org/eclipse/jdt/internal/compiler/lookup/ReferenceBinding DYSFUNCTIONAL_INTERFACE_EXCEPTION Lorg/eclipse/jdt/internal/compiler/lookup/ReferenceBinding$DysfunctionalInterfaceException; org/eclipse/jdt/internal/compiler/lookup/ReferenceBinding$DysfunctionalInterfaceException
staticfield org/eclipse/jdt/internal/compiler/lookup/ReferenceBinding LUB_GENERIC Lorg/eclipse/jdt/internal/compiler/lookup/ReferenceBinding; org/eclipse/jdt/internal/compiler/lookup/ReferenceBinding$1
staticfield org/eclipse/jdt/internal/compiler/lookup/ReferenceBinding FIELD_COMPARATOR Ljava/util/Comparator; org/eclipse/jdt/internal/compiler/lookup/ReferenceBinding$2
staticfield org/eclipse/jdt/internal/compiler/lookup/ReferenceBinding METHOD_COMPARATOR Ljava/util/Comparator; org/eclipse/jdt/internal/compiler/lookup/ReferenceBinding$3
staticfield org/eclipse/jdt/internal/compiler/lookup/ReferenceBinding BASIC_MEMBER_TYPES_COMPARATOR Ljava/util/Comparator; org/eclipse/jdt/internal/compiler/lookup/ReferenceBinding$$Lambda+0x00000151342d73d8
instanceKlass org/eclipse/jdt/internal/compiler/lookup/SplitPackageBinding
instanceKlass org/eclipse/jdt/internal/compiler/lookup/PlainPackageBinding
ciInstanceKlass org/eclipse/jdt/internal/compiler/lookup/PackageBinding 1 1 475 7 1 7 1 7 1 1 1 1 1 1 1 1 1 1 1 1 1 1 1 1 1 1 1 1 1 1 1 1 1 10 12 1 9 12 9 12 9 12 1 1 1 1 9 12 9 12 7 1 10 12 1 9 12 9 7 1 12 1 10 12 1 9 12 100 1 8 1 10 12 1 1 100 7 1 7 1 1 1 9 12 1 1 9 12 1 1 10 12 1 1 1 1 1 7 1 10 9 12 1 1 10 12 1 1 1 9 12 1 1 100 1 5 0 10 12 1 1 1 1 1 9 7 1 9 10 12 1 10 12 1 1 7 1 10 12 1 1 9 12 1 1 9 7 1 12 1 9 12 1 10 12 1 10 12 1 9 12 10 7 1 12 1 1 11 7 1 12 1 1 7 1 9 10 12 1 1 11 12 1 1 1 1 1 1 1 100 1 1 5 0 1 1 1 10 12 1 1 1 1 1 10 12 1 1 10 12 1 1 1 10 12 1 1 10 12 10 12 1 1 10 12 1 1 1 1 10 12 1 10 12 1 1 10 12 10 7 1 12 1 1 10 12 1 7 1 100 1 10 12 1 10 12 1 1 1 1 1 10 12 1 1 1 1 10 12 1 9 12 1 10 12 1 1 1 1 1 1 1 9 12 1 100 1 9 12 1 10 12 10 12 1 5 0 5 0 1 1 10 12 1 1 100 1 9 9 1 1 10 12 10 12 1 1 1 1 1 10 100 1 12 1 1 11 100 1 12 1 1 1 1 1 1 1 1 10 12 1 1 10 12 1 1 9 12 1 10 12 1 9 12 1 10 12 1 9 12 1 1 10 12 1 1 1 1 1 1 10 12 9 12 1 100 1 10 12 1 1 1 1 1 1 1 8 1 10 12 1 8 1 18 12 1 1 18 1 1 100 1 1 1 1 1 9 12 9 12 1 9 7 1 12 1 10 12 1 1 9 12 1 1 1 1 1 1 9 12 1 1 9 12 1 9 12 1 1 7 1 10 12 1 11 12 1 1 1 1 1 100 1 1 10 10 12 1 1 1 1 10 100 1 12 1 15 8 1 8 1 1 100 1 100 1 1
instanceKlass org/eclipse/jdt/internal/compiler/lookup/ProblemPackageBinding
ciInstanceKlass org/eclipse/jdt/internal/compiler/lookup/PlainPackageBinding 1 1 96 7 1 7 1 1 1 1 1 1 10 7 1 12 1 1 9 12 1 1 1 1 1 7 1 10 12 1 1 1 1 1 1 1 1 1 9 7 1 12 1 1 9 7 1 12 1 10 1 1 1 1 10 12 1 1 9 12 1 1 1 100 1 10 100 1 12 1 1 18 12 1 1 10 12 1 10 12 1 1 1 1 10 100 1 12 1 15 8 1 1 100 1 100 1 1
staticfield org/eclipse/jdt/internal/compiler/lookup/PlainPackageBinding $assertionsDisabled Z 1
instanceKlass org/eclipse/jdt/internal/compiler/lookup/ArrayBinding$1
instanceKlass org/eclipse/jdt/internal/compiler/lookup/MostSpecificExceptionMethodBinding
instanceKlass org/eclipse/jdt/internal/compiler/lookup/SyntheticFactoryMethodBinding
instanceKlass org/eclipse/jdt/internal/compiler/lookup/PolymorphicMethodBinding
instanceKlass org/eclipse/jdt/internal/compiler/lookup/SyntheticMethodBinding
instanceKlass org/eclipse/jdt/internal/compiler/lookup/ProblemMethodBinding
instanceKlass org/eclipse/jdt/internal/compiler/lookup/ParameterizedMethodBinding
ciInstanceKlass org/eclipse/jdt/internal/compiler/lookup/MethodBinding 1 1 1104 7 1 7 1 1 1 1 1 1 1 1 1 1 1 1 1 1 1 1 1 1 1 1 1 1 1 1 1 1 1 1 1 1 1 1 1 1 1 1 9 12 9 12 9 12 9 12 9 12 9 12 1 1 1 1 100 1 5 0 5 0 5 0 5 0 1 1 1 1 10 12 9 12 1 9 12 9 12 1 9 12 9 12 1 9 12 1 1 1 9 12 9 12 9 12 9 12 1 9 12 9 12 1 9 12 9 12 10 7 1 12 1 1 10 12 1 10 12 1 100 1 100 7 1 100 100 1 9 7 1 12 1 9 12 1 1 10 12 1 10 12 1 1 10 12 1 1 1 1 1 10 12 1 1 10 12 1 1 1 1 1 1 1 1 10 12 1 10 12 1 1 100 1 10 12 1 1 1 1 1 1 1 1 1 10 7 1 1 100 1 1 10 12 1 1 10 100 1 12 1 1 1 1 10 12 1 1 10 12 1 10 12 1 10 12 1 1 10 12 1 1 10 12 1 1 100 1 10 12 1 1 1 1 1 1 1 1 1 1 1 10 12 1 10 7 1 12 1 1 10 12 1 10 12 1 9 7 1 12 1 1 9 11 100 1 12 1 10 12 1 10 12 1 10 1 1 1 1 1 1 1 1 1 1 10 12 1 1 1 1 10 12 1 10 12 1 11 12 1 11 12 1 10 12 1 10 12 1 1 11 12 1 1 10 10 12 1 10 12 1 10 10 1 1 1 1 1 1 1 1 100 1 1 1 1 1 9 12 1 5 0 10 12 1 10 1 1 1 1 1 1 1 1 1 1 1 100 1 1 1 10 12 1 1 1 1 100 1 1 1 10 12 10 12 1 1 10 12 10 7 1 12 1 1 10 10 100 1 12 1 1 1 1 1 1 1 1 1 1 1 1 1 1 1 1 100 1 1 1 10 7 1 12 1 9 12 11 100 1 12 1 1 10 12 1 9 12 1 9 100 1 12 1 9 100 1 9 12 1 10 100 1 12 1 1 10 100 1 12 1 1 5 0 5 0 1 1 1 1 1 1 1 1 1 10 12 1 10 12 1 1 11 12 1 10 12 1 9 10 12 1 9 12 1 10 12 1 1 100 1 10 12 1 1 10 12 1 1 100 1 9 100 1 12 1 1 10 12 1 1 1 1 1 10 12 1 1 1 1 1 1 1 1 100 100 1 3 7 1 10 12 10 12 1 1 10 10 12 1 10 12 1 9 10 10 12 10 12 1 1 1 1 1 1 1 3 1 1 10 12 1 1 1 1 1 9 12 1 100 1 9 12 1 9 7 1 12 1 1 10 7 1 12 1 1 9 12 1 1 10 7 1 12 1 1 10 12 1 1 9 7 1 12 1 9 12 9 12 1 10 12 1 1 10 12 1 1 1 1 1 1 1 1 1 1 1 5 0 10 12 1 10 12 1 10 12 1 1 10 7 1 12 1 1 1 1 100 1 1 1 10 12 100 10 12 1 1 9 10 12 10 12 1 1 1 1 1 1 100 1 1 9 12 1 10 12 1 1 1 1 1 10 12 1 1 1 1 1 1 1 1 1 1 1 3 1 1 3 1 3 1 3 1 1 3 1 9 12 1 10 12 1 10 12 1 9 12 1 100 1 1 1 1 3 1 10 12 1 1 1 3 1 1 1 3 1 1 1 1 10 12 10 12 8 1 10 12 1 10 10 12 1 1 10 100 1 12 1 1 1 1 1 1 1 10 12 1 1 1 1 10 12 1 1 1 1 1 1 1 10 12 10 1 1 9 12 1 10 12 10 1 10 12 1 1 10 12 1 9 100 1 12 1 9 12 1 1 10 100 1 10 12 1 10 10 12 1 9 5 0 10 7 1 12 1 1 100 1 9 12 1 10 10 12 1 1 9 100 1 1 1 1 1 1 1 1 1 1 1 1 1 1 1 100 1 100 1 10 12 9 12 10 12 9 12 1 1 9 12 100 1 1 1 1 1 10 12 9 12 3 8 1 10 12 1 1 10 12 1 8 1 8 1 10 12 8 1 8 1 8 1 8 1 8 1 8 1 10 8 1 8 1 1 9 10 12 1 1 1 1 1 10 12 1 1 10 12 1 10 12 1 10 10 100 1 12 1 1 10 100 1 12 1 1 1 1 1 1 1 1 1 1 1 100 9 10 12 1 1 10 10 12 1 10 12 100 1 10 12 1 9 12 1 9 12 1 1 1 1 1 1 1 1 1 1 1 100 10 12 1 1 10 12 1 3 10 12 1 1 1 1 9 12 1 9 12 1 9 12 1 10 12 1 1 1 1 1 1 1 1 1 1 5 0 9 10 12 1 10 12 1 1 1 9 12 1 9 10 12 1 1 1 10 1 1 1 1 1 1 9 100 1 12 1 1 9 12 1 1 1 1 10 7 1 12 1 1 10 12 10 10 12 1 1 10 12 1 1 1 1 9 12 1 10 12 1 1 1 1 1 1 1 10 10 10 1 1 1 1 100 1 1 1
instanceKlass org/eclipse/jdt/internal/compiler/lookup/CaptureBinding
instanceKlass org/eclipse/jdt/internal/compiler/lookup/InferenceVariable
ciInstanceKlass org/eclipse/jdt/internal/compiler/lookup/TypeVariableBinding 1 1 813 7 1 7 1 1 1 1 1 1 1 1 1 1 1 1 1 1 1 1 1 1 1 1 1 1 1 1 1 10 12 1 9 12 9 12 9 12 1 9 12 9 12 3 9 12 1 9 12 1 1 100 1 5 0 9 12 100 1 3 9 12 1 10 12 1 1 1 1 1 1 1 1 10 12 1 9 12 9 12 9 12 10 100 1 12 1 1 9 100 1 12 1 9 12 5 0 5 0 1 1 1 1 1 10 12 1 9 7 1 12 1 1 100 1 10 7 1 12 1 1 10 12 10 12 1 1 1 1 1 1 1 1 1 1 1 1 9 12 1 1 10 12 1 1 9 12 1 10 12 1 1 10 7 1 12 1 10 7 1 12 1 9 100 1 12 1 3 10 12 1 1 7 1 9 12 1 9 12 10 12 1 10 12 1 1 9 12 1 10 12 1 1 10 12 1 1 10 12 1 1 10 12 1 10 12 1 1 10 12 1 10 12 1 1 10 12 1 10 12 1 9 9 12 1 1 10 12 1 1 10 12 1 1 10 12 1 1 10 12 1 1 9 12 1 10 12 1 1 10 100 1 12 1 1 100 1 9 12 1 1 9 10 12 1 10 12 1 10 12 1 5 0 9 9 12 1 1 1 1 1 1 1 1 1 1 1 1 1 1 1 1 1 1 100 1 100 9 100 1 12 1 1 10 100 1 12 1 1 10 12 1 10 12 1 1 1 10 12 1 10 1 1 1 1 1 1 1 5 0 10 12 1 1 1 1 1 100 1 100 1 1 1 9 100 1 12 1 1 10 12 1 100 1 10 12 1 1 1 1 1 1 1 1 1 1 7 1 10 10 100 1 9 12 1 10 12 10 12 1 1 10 12 1 10 12 1 1 10 12 1 10 10 12 1 10 12 1 10 12 1 1 1 1 1 1 1 1 1 1 1 100 1 10 12 10 1 10 12 1 1 1 10 12 1 10 12 10 12 1 8 1 8 1 10 12 1 1 10 12 1 100 1 10 12 1 1 10 12 1 10 1 1 1 10 7 1 12 1 1 1 1 10 12 9 12 1 1 7 1 10 12 1 1 1 1 1 1 1 1 1 100 100 1 100 1 1 10 1 1 3 10 12 9 1 1 10 1 100 1 3 1 1 1 1 1 1 1 10 12 1 10 12 10 1 1 1 1 1 1 1 1 10 12 1 1 1 10 12 10 12 1 1 1 1 1 1 1 1 10 12 1 1 100 1 10 10 12 11 100 1 12 1 1 11 12 1 1 1 1 1 1 1 10 12 1 1 100 1 1 1 10 12 1 1 1 1 9 12 1 1 1 1 1 10 7 1 12 1 1 9 5 0 5 0 10 12 1 1 5 0 10 12 1 3 1 1 1 1 1 1 1 10 100 1 12 1 1 9 12 1 1 9 100 1 12 1 9 12 1 1 10 100 1 12 1 10 12 1 10 12 1 1 1 10 12 10 10 12 1 1 10 12 1 1 10 12 10 12 1 1 1 1 10 10 10 12 1 10 1 100 1 9 10 12 1 1 1 100 1 1 10 100 1 12 1 1 1 1 1 1 10 12 1 1 10 12 1 10 12 1 1 1 1 10 12 1 1 10 100 1 12 1 1 10 12 1 1 5 0 1 1 1 1 100 1 9 100 1 12 9 12 1 9 12 1 1 100 10 12 1 5 0 1 1 1 1 10 12 1 1 1 10 12 1 9 12 1 10 12 1 10 10 12 1 9 100 1 10 10 12 1 1 18 12 1 1 10 12 1 5 0 1 1 1 1 1 10 12 10 1 9 12 1 1 1 1 10 100 1 12 1 15 8 1 1 100 1 100 1 1 1 1
ciInstanceKlass org/eclipse/jdt/internal/compiler/lookup/ProblemReferenceBinding 1 1 186 7 1 7 1 1 1 1 1 1 1 1 10 12 1 9 12 1 1 9 12 9 12 1 1 9 9 12 1 1 1 1 1 100 1 1 100 1 10 1 1 1 1 1 1 10 12 1 1 10 12 1 1 10 12 1 1 1 1 1 100 1 10 100 1 12 1 1 10 100 1 12 1 1 10 12 1 10 12 1 1 10 100 1 12 1 1 9 100 1 12 1 1 10 100 1 12 1 1 10 12 1 1 10 18 12 1 1 8 1 100 1 1 1 1 1 1 1 1 1 100 1 1 1 1 1 1 1 1 10 12 1 100 1 100 1 10 12 1 8 1 10 12 1 1 8 1 10 100 1 12 1 1 10 12 1 8 1 10 12 8 1 10 12 8 1 10 1 1 1 1 1 10 100 1 12 1 15 8 1 1 100 1 100 1 1
instanceKlass org/eclipse/jdt/internal/compiler/lookup/NullTypeBinding
instanceKlass org/eclipse/jdt/internal/compiler/lookup/VoidTypeBinding
ciInstanceKlass org/eclipse/jdt/internal/compiler/lookup/BaseTypeBinding 1 1 168 7 1 7 1 1 1 1 1 1 3 1 3 1 3 1 3 1 1 1 1 1 1 10 12 1 1 9 12 1 1 100 1 1 1 1 1 1 1 1 1 1 1 10 12 1 1 1 1 1 1 1 1 1 10 12 9 12 1 1 100 1 5 0 9 12 1 9 12 9 12 1 1 1 10 12 1 1 1 1 1 10 12 1 1 1 1 1 1 10 12 1 1 9 9 12 1 1 10 12 1 1 1 1 1 1 10 12 1 1 1 1 1 10 12 1 9 12 1 9 12 1 9 12 1 9 12 1 9 12 1 9 12 1 9 12 1 9 12 1 100 1 10 1 1 1 1 1 100 1 1 1 1 1 1 1 10 12 1 100 1 10 12 10 12 1 1 1
staticfield org/eclipse/jdt/internal/compiler/lookup/BaseTypeBinding CONVERSIONS [I 256
ciInstanceKlass org/eclipse/jdt/internal/compiler/lookup/HotSwappable 1 0 9 100 1 100 1 1 1 1 1
ciInstanceKlass org/eclipse/jdt/internal/compiler/lookup/WildcardBinding 1 1 642 7 1 7 1 100 1 1 1 1 1 1 1 1 1 1 1 1 1 1 1 1 1 1 1 1 1 1 1 1 10 12 1 9 12 9 12 9 12 3 9 12 1 9 12 10 12 1 1 7 1 10 12 1 1 9 12 1 1 100 1 5 0 100 1 3 9 12 1 1 1 1 1 1 7 1 100 7 1 1 9 12 1 1 9 12 10 100 1 12 1 1 10 12 1 1 100 1 100 1 1 1 100 100 1 1 1 5 0 9 12 1 1 10 12 1 1 1 1 10 12 1 1 10 12 1 9 7 1 5 0 5 0 5 0 1 1 1 1 1 1 1 9 100 1 12 1 10 12 1 1 5 0 5 0 10 100 1 12 1 1 10 100 1 12 1 1 10 100 1 12 1 1 10 12 1 1 9 9 12 1 10 100 1 10 12 1 9 12 1 10 12 1 1 1 1 1 1 1 1 1 100 100 1 1 1 9 12 1 1 1 100 1 1 1 10 12 1 1 1 1 1 1 1 1 1 5 0 10 12 1 1 1 1 1 1 5 0 9 12 1 1 10 12 3 10 12 1 100 1 9 12 7 1 10 12 1 1 1 1 1 1 1 1 100 1 1 1 10 12 10 100 1 12 1 1 18 12 1 1 10 12 1 1 9 12 1 9 12 1 10 10 100 1 12 1 1 9 12 1 10 12 1 1 1 1 1 100 1 10 12 1 10 12 1 1 10 12 1 1 1 100 1 10 12 1 10 12 1 1 10 12 1 1 10 12 1 9 12 1 10 12 1 10 12 1 9 12 1 10 12 10 12 1 8 1 9 12 1 1 1 1 10 10 10 9 12 1 1 1 9 12 10 12 1 10 12 1 9 12 3 10 12 9 9 12 1 1 10 12 1 1 9 12 1 1 5 0 5 0 1 1 1 1 1 1 10 12 9 1 1 1 1 10 12 1 1 1 1 1 10 12 10 1 100 1 1 1 10 12 10 12 1 1 10 12 1 1 10 12 1 1 1 1 1 1 1 100 1 1 1 1 10 12 10 12 10 12 1 1 1 1 1 10 12 1 1 10 12 1 1 1 100 1 1 5 0 10 7 1 12 1 1 5 0 5 0 10 12 1 1 10 12 1 9 12 10 12 10 1 10 12 10 12 1 9 12 1 9 12 1 1 10 12 1 1 1 1 9 12 10 12 9 12 1 1 1 1 10 12 1 1 1 1 1 10 12 1 10 10 12 1 10 12 10 12 1 1 10 12 10 12 10 100 1 12 1 1 10 12 10 12 1 1 1 1 10 12 1 10 12 1 10 12 1 1 10 12 1 1 1 1 10 12 10 12 1 1 1 1 1 1 10 12 1 1 1 100 1 1 1 10 12 10 1 1 1 1 1 10 12 10 1 9 12 1 10 12 1 1 10 12 1 1 1 1 1 1 10 100 1 12 1 15 8 1 1 100 1 100 1 1
ciInstanceKlass org/eclipse/jdt/internal/compiler/lookup/ArrayBinding 1 1 533 7 1 7 1 100 1 1 1 1 1 1 1 1 1 1 1 1 1 1 1 1 1 1 1 7 1 9 7 1 12 1 9 12 1 1 9 7 1 12 1 1 10 12 1 1 9 12 1 1 100 1 1 10 12 9 12 1 1 100 1 9 12 9 12 9 12 7 1 10 12 1 1 9 5 0 5 0 9 12 5 0 1 1 1 1 1 7 1 1 1 10 12 1 1 10 12 10 12 1 1 1 1 1 1 1 5 0 10 12 1 1 1 1 1 1 5 0 9 12 1 1 10 12 1 1 100 1 3 10 12 10 12 10 12 1 1 1 1 1 1 1 1 1 1 10 12 1 1 1 1 1 1 10 12 1 1 1 1 1 10 12 10 12 1 1 9 12 1 1 10 12 1 1 1 1 1 1 1 10 12 10 7 1 12 1 1 1 1 1 1 100 1 9 12 10 12 1 1 1 10 12 1 10 12 1 100 1 10 12 1 8 1 10 12 1 1 10 12 10 12 1 18 12 1 1 1 10 10 12 1 10 12 1 1 10 12 1 1 1 100 1 9 12 1 100 1 10 100 1 12 1 1 1 1 1 1 10 12 1 1 1 10 12 1 10 100 1 12 1 1 1 1 10 12 9 12 10 12 1 1 10 12 1 10 7 1 12 1 1 10 12 1 10 12 1 10 12 1 100 1 10 12 1 100 1 9 12 1 1 10 12 10 12 1 100 1 9 12 1 10 12 1 9 12 1 1 1 1 1 1 1 1 1 100 1 1 10 12 10 1 1 1 10 12 1 1 1 10 12 1 10 12 1 5 0 9 100 1 12 1 1 9 12 1 10 12 1 1 10 12 10 12 1 1 1 1 1 1 100 1 10 12 1 10 12 10 1 1 5 0 9 12 100 1 10 100 1 12 1 1 5 0 1 1 1 1 1 10 1 10 12 1 1 10 12 1 1 9 5 0 1 1 1 1 10 8 1 100 1 1 10 12 1 1 10 12 1 10 12 1 1 1 1 1 5 0 10 12 1 1 1 10 12 1 1 9 12 100 1 10 12 1 9 100 1 12 1 9 12 1 9 12 1 9 12 1 1 9 12 1 9 12 9 12 1 9 12 1 9 9 12 1 9 12 1 9 12 1 10 12 1 10 12 1 1 1 1 1 1 1 10 12 10 12 1 1 1 10 100 1 12 1 15 8 1 1 100 1 100 1 1 1
staticfield org/eclipse/jdt/internal/compiler/lookup/ArrayBinding ArrayLength Lorg/eclipse/jdt/internal/compiler/lookup/FieldBinding; org/eclipse/jdt/internal/compiler/lookup/FieldBinding
ciInstanceKlass org/eclipse/jdt/internal/compiler/env/IUpdatableModule 1 0 30 100 1 100 1 1 1 1 1 1 1 1 1 1 1 1 1 100 1 1 100 1 1 100 1 1 100 1 1 1
instanceKlass org/eclipse/jdt/internal/compiler/lookup/BinaryModuleBinding$AutomaticModuleBinding
instanceKlass org/eclipse/jdt/internal/compiler/lookup/BinaryModuleBinding
instanceKlass org/eclipse/jdt/internal/compiler/lookup/ModuleBinding$UnNamedModule
instanceKlass org/eclipse/jdt/internal/compiler/lookup/SourceModuleBinding
ciInstanceKlass org/eclipse/jdt/internal/compiler/lookup/ModuleBinding 1 1 965 7 1 7 1 100 1 1 1 1 1 1 1 1 1 1 1 1 1 1 1 1 1 1 1 1 1 1 1 1 1 1 1 1 1 1 1 1 1 1 1 1 1 1 1 1 1 1 1 1 1 1 1 1 1 10 7 1 12 1 1 9 12 8 1 10 7 1 12 1 1 9 12 8 1 9 12 9 12 9 12 9 12 1 1 1 1 1 10 12 9 12 9 12 9 12 10 7 1 12 1 1 9 12 9 12 9 12 9 12 9 12 1 9 12 9 12 9 12 1 9 12 9 12 7 1 10 9 12 10 7 1 12 1 1 1 1 1 1 9 12 1 9 12 9 12 10 12 1 1 7 1 9 12 1 10 12 1 1 1 1 9 12 1 1 10 12 1 1 1 1 9 12 11 7 1 12 1 1 7 1 9 12 1 100 10 12 1 1 10 7 1 12 1 1 9 12 1 1 1 1 1 1 1 1 1 9 12 1 1 9 12 100 1 1 1 1 9 12 1 1 1 1 1 10 12 1 1 9 12 1 1 7 1 11 12 1 1 1 1 10 12 1 1 10 100 1 12 1 1 9 12 1 1 10 100 1 12 1 1 1 1 1 1 10 12 1 1 10 12 1 1 10 7 1 12 1 10 12 1 1 1 1 1 1 1 9 12 1 1 9 12 1 1 10 12 1 10 12 1 1 11 12 1 11 7 1 12 1 1 11 100 1 12 1 1 100 1 9 12 1 10 7 1 11 12 1 9 12 1 1 1 100 1 1 10 12 1 10 12 1 1 1 1 1 10 12 1 10 12 1 1 1 1 10 12 10 12 1 1 10 12 1 1 10 12 1 1 9 12 1 1 9 12 1 1 1 1 9 100 1 12 1 1 9 12 1 10 12 1 1 10 12 1 7 1 10 10 11 12 1 1 1 1 100 1 1 1 1 10 12 10 12 11 7 1 12 1 1 1 7 1 1 1 10 12 18 12 1 1 11 12 1 1 1 1 1 18 1 1 1 18 12 1 1 18 1 10 12 11 7 1 12 11 12 1 1 9 10 12 1 1 9 7 1 12 1 10 12 1 1 9 12 1 11 12 11 12 1 11 12 1 1 1 1 1 1 1 1 10 12 1 1 10 12 1 1 9 12 1 10 12 10 12 1 1 10 12 1 10 12 1 1 10 12 1 1 1 1 1 1 1 100 1 10 12 1 1 1 10 9 12 1 9 12 10 12 1 1 9 12 1 11 12 1 10 12 1 1 10 12 7 1 10 10 12 11 7 1 11 12 1 10 7 1 12 1 1 11 100 1 12 1 10 12 1 1 100 1 10 10 10 12 1 9 10 1 1 1 1 1 1 1 1 1 1 1 1 1 9 12 1 10 12 1 1 10 12 1 1 11 12 1 1 18 12 1 1 11 12 1 1 10 7 1 12 1 1 11 12 1 1 1 1 10 12 1 10 12 18 12 1 1 11 12 1 1 18 12 1 18 10 12 10 12 1 1 1 10 12 1 1 10 12 1 1 10 12 1 1 1 1 1 100 1 10 10 12 1 8 1 10 12 1 1 10 10 12 18 12 1 1 8 1 8 1 8 1 10 12 1 8 1 8 1 8 1 8 1 8 1 8 1 8 1 8 1 10 100 1 12 1 8 1 8 1 8 1 8 1 11 12 1 8 1 8 1 10 12 1 1 1 1 1 1 1 1 1 9 12 100 1 1 9 12 1 1 100 1 5 0 1 1 9 12 7 1 10 10 12 11 100 1 1 1 1 10 12 1 1 1 1 9 12 1 1 9 100 1 12 1 1 1 1 1 10 12 100 1 1 1 1 1 1 10 12 9 12 1 1 10 12 1 1 1 1 100 1 1 10 12 1 1 1 1 11 12 1 10 10 12 1 10 12 1 1 1 1 11 10 12 1 1 1 18 12 18 12 1 18 11 12 1 1 18 1 1 1 1 1 1 1 10 1 1 1 1 1 1 1 10 7 1 12 1 1 15 1 16 10 12 15 1 16 16 10 12 15 16 16 10 12 15 16 16 10 12 15 16 16 10 12 15 16 16 10 12 15 16 16 10 12 15 16 16 10 7 1 12 1 15 16 10 100 1 12 1 15 8 1 16 15 1 16 1 16 10 12 15 16 16 10 7 1 12 1 1 15 1 16 16 10 12 15 16 1 100 1 100 1 1 1 100 1 1
staticfield org/eclipse/jdt/internal/compiler/lookup/ModuleBinding UNNAMED [C 0
staticfield org/eclipse/jdt/internal/compiler/lookup/ModuleBinding ALL_UNNAMED [C 11
staticfield org/eclipse/jdt/internal/compiler/lookup/ModuleBinding ANY [C 0
staticfield org/eclipse/jdt/internal/compiler/lookup/ModuleBinding ANY_NAMED [C 0
staticfield org/eclipse/jdt/internal/compiler/lookup/ModuleBinding UNOBSERVABLE [C 0
staticfield org/eclipse/jdt/internal/compiler/lookup/ModuleBinding $assertionsDisabled Z 1
instanceKlass org/eclipse/jdt/internal/compiler/lookup/UnresolvedAnnotationBinding
ciInstanceKlass org/eclipse/jdt/internal/compiler/lookup/AnnotationBinding 1 1 377 7 1 7 1 1 1 1 1 1 1 1 100 1 5 0 10 12 1 1 9 7 1 12 1 1 100 1 5 0 5 0 5 0 5 0 5 0 5 0 5 0 5 0 5 0 10 100 1 12 1 1 10 12 1 1 10 12 1 9 100 1 12 1 1 10 100 1 12 1 1 10 12 1 1 9 12 1 9 12 1 9 12 1 9 12 1 9 12 1 10 12 1 9 12 1 1 1 1 1 1 1 1 1 1 1 1 1 1 1 1 1 1 1 100 10 12 1 1 10 12 1 1 100 1 9 12 1 9 100 1 12 1 10 12 1 1 1 1 1 9 12 1 10 12 1 1 9 12 1 1 10 12 1 1 5 0 9 12 1 5 0 9 12 1 9 12 1 7 1 9 12 1 10 12 1 1 1 1 1 1 9 12 1 5 0 10 12 1 5 0 5 0 5 0 5 0 5 0 5 0 5 0 5 0 5 0 5 0 5 0 5 0 9 12 1 10 12 9 12 1 9 12 1 9 12 1 9 12 1 9 12 1 9 12 1 9 12 1 9 12 1 9 12 1 9 12 1 9 12 1 1 1 1 1 100 10 12 1 9 12 9 12 1 1 9 100 1 12 1 1 10 12 1 1 1 1 1 1 10 12 1 1 1 1 1 1 1 1 10 12 1 1 10 12 1 1 10 12 1 1 1 1 1 1 1 1 1 100 1 10 12 1 10 12 1 1 9 12 1 10 12 1 10 100 1 12 1 1 9 12 10 12 1 8 1 10 12 1 10 12 1 1 1 1 1 10 12 10 12 10 100 1 12 1 1 1 9 12 1 1 10 12 1 10 12 1 1 1 1 1 1 1 1 100 1 1
ciInstanceKlass org/eclipse/jdt/internal/compiler/lookup/VoidTypeBinding 1 1 37 100 1 7 1 1 1 1 100 1 9 7 1 12 1 1 10 12 1 1 1 1 1 1 1 1 1 1 1 1 1 1 1 1 1 1 1
ciInstanceKlass org/eclipse/jdt/internal/compiler/env/IBinaryInfo 1 0 9 100 1 100 1 100 1 1 1
instanceKlass org/eclipse/jdt/internal/codeassist/SelectionEngine$1
ciInstanceKlass org/eclipse/jdt/internal/compiler/problem/ProblemReporter 1 1 5323 7 1 7 1 1 1 1 1 1 1 1 3 1 3 1 3 1 1 1 1 1 1 1 1 1 1 1 1 1 1 1 1 1 1 1 10 7 1 12 1 1 9 12 8 1 9 12 8 1 9 12 8 1 9 12 8 1 9 12 8 1 9 12 8 1 9 12 8 1 9 12 7 1 10 12 1 9 12 11 7 1 12 1 1 1 1 1 1 10 12 1 1 1 1 1 1 1 1 1 1 1 1 1 1 1 7 1 3 3 3 3 3 3 3 3 3 3 3 3 3 3 3 3 3 3 3 3 3 3 3 3 3 3 3 3 3 3 3 3 3 3 3 3 3 3 3 3 3 3 3 3 3 3 3 3 3 3 3 3 3 3 3 3 3 3 3 3 3 3 3 3 3 3 3 3 3 3 3 3 3 3 1 1 1 100 1 10 12 100 1 100 1 3 3 1 1 1 1 10 12 1 1 7 1 9 7 1 12 1 9 12 1 10 12 1 1 1 1 1 1 100 1 1 3 1 1 1 1 3 1 1 1 3 1 1 3 10 100 1 12 1 1 10 12 1 9 100 1 12 1 1 10 100 1 12 1 10 10 7 1 12 1 1 10 12 1 10 10 12 1 10 12 10 12 1 1 1 1 1 1 1 10 12 1 10 12 1 10 12 1 9 12 1 1 10 100 1 12 1 1 9 100 1 12 1 1 10 7 1 12 1 1 9 100 1 12 1 1 9 7 1 12 1 3 9 9 3 1 1 1 1 1 1 1 3 10 10 3 1 3 9 10 12 1 1 3 10 10 1 1 3 1 1 3 9 12 1 10 12 1 1 10 12 1 1 1 1 3 1 1 1 10 12 1 1 3 1 1 1 1 10 7 1 12 1 1 3 10 10 9 100 1 9 3 1 1 1 1 1 1 1 3 9 100 1 9 1 1 1 3 1 1 3 9 100 1 9 1 1 1 1 3 9 100 1 9 1 1 1 3 1 1 3 1 1 1 1 3 9 7 1 9 1 1 1 1 1 1 1 3 1 3 1 1 3 3 1 1 3 1 1 9 7 1 3 1 1 1 1 3 9 12 1 1 3 1 1 3 10 12 1 9 100 1 9 9 12 1 1 1 1 1 9 100 1 9 1 1 1 3 9 100 1 9 1 1 1 1 3 1 1 9 12 10 12 1 10 12 1 3 3 1 1 1 1 1 3 1 3 1 1 9 100 1 12 9 12 1 3 10 10 1 1 1 1 3 9 12 1 10 12 1 3 10 12 1 1 3 1 3 1 9 100 1 9 10 12 1 1 1 1 1 1 3 9 8 1 10 10 10 12 1 1 10 12 1 1 1 9 7 1 12 1 1 100 1 5 0 3 5 0 3 3 10 1 1 1 1 3 1 1 3 9 100 1 9 1 1 1 1 3 1 1 1 10 12 1 1 3 1 1 1 1 1 1 9 100 1 12 1 1 10 12 1 1 3 9 9 10 12 1 1 1 1 1 3 1 1 1 3 10 9 100 1 9 1 1 1 1 1 9 100 1 12 1 9 100 1 12 1 9 100 1 12 1 1 100 1 9 12 1 8 1 10 100 1 12 1 1 3 9 12 1 1 10 100 1 12 1 1 10 100 1 12 1 1 10 100 1 12 1 1 10 12 1 1 10 100 1 12 1 18 12 1 1 3 1 1 1 1 1 1 1 1 10 100 1 3 3 3 1 1 1 1 1 3 1 3 1 3 1 3 1 3 1 1 3 1 1 1 1 3 10 12 1 1 9 10 100 1 10 1 1 3 1 3 1 1 3 9 100 1 10 1 1 1 3 1 3 9 12 1 1 1 10 12 1 3 3 1 1 1 1 1 1 3 1 1 1 1 3 1 1 3 1 3 1 1 1 1 3 1 1 3 1 3 1 3 1 1 9 3 1 1 3 1 1 1 3 1 1 1 1 3 1 9 12 1 9 12 1 9 12 1 8 1 9 12 1 8 1 3 9 12 1 1 1 3 9 100 1 9 1 1 1 1 3 1 1 10 100 1 12 1 3 9 9 1 1 1 1 1 3 10 12 1 1 1 1 1 1 3 1 1 3 1 18 12 1 1 10 12 1 1 9 5 0 3 3 3 3 1 1 1 1 10 100 1 10 12 1 10 12 1 100 1 9 12 1 9 18 12 1 18 3 3 3 3 3 3 3 3 1 1 1 1 1 1 1 1 100 1 3 10 12 1 10 12 1 1 10 12 1 18 12 1 1 10 12 1 1 100 1 9 12 1 1 18 12 1 9 3 3 10 12 1 3 3 1 1 1 1 1 1 18 12 1 9 100 1 10 12 3 3 9 100 1 9 3 3 1 1 1 1 1 1 9 12 1 100 1 5 0 9 12 11 100 1 12 1 100 1 10 100 1 12 1 1 9 12 1 100 1 10 12 1 1 10 100 1 12 9 100 1 12 1 10 12 1 9 12 1 100 1 10 12 1 1 1 1 1 1 1 1 1 1 7 1 100 1 1 1 3 9 100 1 9 9 1 1 1 3 1 1 3 1 1 9 100 1 3 9 9 1 1 1 3 1 1 3 9 100 1 9 1 1 1 3 1 1 3 1 1 3 9 1 1 3 1 1 10 12 1 3 10 12 1 3 10 12 1 1 9 12 1 1 10 12 1 3 1 1 1 1 1 3 1 10 12 1 3 3 1 3 1 3 1 1 3 3 1 1 1 3 9 9 1 1 1 3 1 3 1 1 3 3 1 1 1 9 3 1 1 3 1 1 10 100 1 12 1 1 3 1 1 1 3 9 100 1 9 9 1 1 1 1 10 12 1 3 10 12 1 1 1 3 1 3 10 10 1 1 1 3 1 3 1 3 1 1 100 1 10 8 1 10 12 1 1 10 12 1 3 3 9 10 12 9 9 1 1 1 1 1 1 1 1 1 100 1 100 1 10 12 1 8 1 8 3 1 3 1 3 1 100 1 9 12 1 9 12 1 3 1 1 1 1 9 12 9 12 1 10 12 1 10 12 1 10 12 1 9 12 1 1 9 12 10 12 1 1 9 12 1 10 12 1 9 12 1 3 3 1 1 1 1 1 100 1 1 3 1 1 3 9 100 1 9 1 1 1 3 10 10 1 1 3 10 100 1 1 1 1 1 3 10 12 10 12 1 1 1 1 11 100 1 11 1 1 1 1 3 10 12 1 1 1 3 10 10 1 9 12 9 12 1 1 9 100 1 9 12 3 11 10 12 1 1 1 1 1 1 1 9 12 1 1 1 1 3 1 1 1 3 3 1 1 3 1 3 3 1 1 9 12 1 10 12 1 9 12 3 1 1 3 1 3 1 1 1 3 1 1 3 1 10 12 1 10 12 1 10 12 1 10 12 1 10 10 12 1 1 10 12 1 8 1 3 3 1 1 1 1 1 1 1 10 12 1 1 9 12 1 3 3 3 10 12 1 3 1 3 1 3 1 3 1 3 1 1 3 1 3 1 3 1 3 1 3 1 1 9 100 1 12 1 3 10 10 1 1 1 3 1 3 1 3 1 1 3 1 3 1 3 1 1 3 3 1 1 1 3 1 3 1 3 1 3 1 3 3 1 10 12 1 1 10 3 3 3 1 1 3 1 3 10 12 1 1 1 3 1 1 9 10 12 1 3 9 9 100 1 3 1 1 1 9 10 12 1 1 3 1 1 3 9 9 1 3 1 1 3 9 100 1 9 1 1 1 1 3 9 12 1 9 1 3 1 3 9 1 3 1 3 1 3 1 3 1 3 1 3 1 3 1 1 9 3 3 10 12 100 1 3 3 3 3 10 100 1 9 12 1 3 9 100 1 9 3 10 12 1 1 1 1 1 1 9 100 1 12 1 1 11 100 1 12 1 1 18 12 1 1 11 100 1 12 1 1 18 12 1 1 11 12 1 1 11 12 1 10 100 1 12 1 1 11 12 1 1 9 3 1 1 1 1 1 1 18 1 1 1 1 1 1 1 18 3 1 1 1 1 10 12 1 10 12 1 3 3 3 1 3 3 100 1 9 12 100 1 9 12 1 1 9 10 12 1 100 1 9 1 1 1 1 100 1 1 10 12 1 3 10 12 1 1 1 3 9 12 1 1 3 1 1 1 3 1 3 1 9 12 3 1 1 1 1 3 1 1 1 1 10 12 1 10 10 1 1 3 1 1 1 1 1 1 1 3 1 1 1 3 1 1 3 9 100 1 1 1 1 1 3 10 1 1 3 1 1 3 9 9 12 9 1 1 3 1 1 10 12 1 9 12 1 9 12 1 3 10 100 1 9 12 1 5 0 10 12 1 3 3 3 3 3 3 3 3 3 100 1 10 9 10 12 1 1 3 10 12 1 1 9 12 1 9 12 1 3 3 3 9 12 3 3 3 9 8 1 10 12 1 10 12 1 1 1 1 1 1 1 1 1 1 1 1 1 1 3 1 1 10 10 12 9 3 10 3 3 18 18 1 1 3 1 3 1 3 1 3 1 1 9 100 1 12 1 9 10 9 9 12 9 12 1 10 12 1 1 3 3 3 1 1 1 1 100 1 9 10 12 1 100 1 9 9 10 12 1 1 1 1 1 1 3 10 12 1 1 9 9 1 3 1 1 3 1 1 3 9 10 12 1 10 12 1 10 12 1 3 3 3 3 3 3 3 10 12 3 3 3 3 3 9 12 1 1 9 100 1 12 1 10 12 1 3 18 12 18 10 12 1 1 3 3 1 1 1 1 1 1 1 1 1 100 1 1 3 1 1 3 10 100 1 12 1 18 18 9 9 1 1 1 1 1 1 1 1 10 100 1 18 18 9 9 1 1 1 10 100 1 9 9 1 1 3 1 3 9 10 12 1 100 1 9 12 100 1 10 12 1 1 11 100 1 12 1 1 11 100 1 12 1 11 12 1 3 3 3 3 9 12 1 9 9 100 1 9 9 100 1 9 9 12 1 100 1 9 12 1 9 9 5 0 1 1 1 1 1 1 1 1 1 1 1 1 3 1 3 1 3 1 3 1 3 1 9 12 1 1 3 9 9 1 1 3 1 3 1 1 3 1 1 1 3 1 3 1 10 12 1 100 1 10 12 1 3 1 1 11 11 10 10 3 3 9 12 1 10 12 1 1 3 1 1 1 1 1 1 1 1 1 9 100 1 12 1 1 1 10 100 1 12 9 100 1 12 1 1 1 1 1 1 3 9 12 1 10 12 1 1 10 1 1 3 1 1 3 3 1 10 12 1 3 10 12 1 9 3 1 1 3 1 3 1 3 1 1 3 1 1 1 3 1 3 1 1 3 9 100 1 12 1 1 1 3 3 1 1 10 12 1 9 12 1 9 12 1 10 12 1 1 1 1 3 3 3 3 3 3 3 3 1 1 1 3 3 3 9 9 1 3 1 3 1 1 3 9 10 12 1 1 1 3 3 3 3 3 3 3 3 3 1 3 1 3 1 3 1 3 3 1 3 1 3 1 3 1 3 1 3 1 3 1 3 1 3 1 3 1 3 1 3 1 3 1 1 3 3 3 3 3 3 3 1 3 1 3 1 3 1 3 1 3 10 12 1 9 12 1 9 12 1 10 12 1 1 1 1 1 8 1 1 3 1 3 1 3 1 3 9 12 1 9 12 1 1 3 1 1 3 1 3 1 3 1 3 1 1 1 3 1 3 1 3 1 3 1 3 1 3 1 3 1 3 100 1 1 8 1 8 1 8 1 8 1 1 1 3 3 9 9 12 1 10 12 1 3 3 9 9 1 1 3 10 12 1 9 12 1 9 3 1 1 3 1 1 5 0 5 0 3 10 12 1 1 10 12 1 10 12 7 1 9 3 3 9 100 1 100 1 10 12 1 10 3 3 10 12 1 1 9 100 1 12 1 1 3 3 3 3 100 1 100 1 100 1 100 1 9 3 3 1 1 1 1 1 3 9 100 1 9 1 1 1 9 12 1 10 12 1 3 1 3 3 1 1 10 100 1 12 1 1 1 1 1 1 10 12 1 1 10 12 3 10 1 1 1 10 12 1 1 9 12 1 9 12 1 18 12 3 1 1 1 1 100 1 1 10 3 1 3 1 10 12 1 9 12 1 9 10 12 1 3 1 1 9 12 1 1 1 1 1 10 12 1 10 12 10 12 1 5 0 10 12 1 3 3 1 1 3 1 3 1 3 3 1 3 1 3 1 3 1 1 1 3 1 3 1 9 3 9 9 1 3 1 3 1 3 1 3 1 3 1 3 1 3 1 1 9 12 1 10 12 1 1 9 9 10 12 1 1 1 3 3 3 1 1 3 3 3 1 1 1 3 1 3 1 3 1 3 1 3 1 3 1 3 10 12 1 100 1 18 10 12 11 12 1 9 12 1 3 1 1 10 18 3 3 9 12 3 18 1 1 1 3 1 1 1 3 1 1 3 9 100 1 12 1 1 1 3 3 1 1 3 10 3 1 10 12 1 3 1 3 1 9 12 9 12 1 1 1 1 100 9 1 1 100 1 3 3 1 3 1 3 1 3 1 3 1 1 3 1 10 12 1 3 1 3 1 3 3 9 10 3 3 1 1 1 1 1 3 100 1 10 12 1 1 3 100 1 1 1 1 3 1 3 1 3 1 3 1 1 1 18 3 3 3 3 1 1 1 1 3 1 3 1 1 9 12 3 1 9 12 1 1 11 100 1 12 1 8 1 9 3 1 1 3 9 12 1 9 12 9 12 1 1 8 1 1 1 1 3 1 1 10 12 1 3 3 3 10 10 12 3 1 1 1 1 1 1 1 1 1 1 3 10 12 1 1 1 1 1 3 1 1 3 1 1 3 1 1 3 1 1 1 3 1 3 1 3 1 3 1 3 1 1 3 1 10 12 1 1 3 1 9 12 1 9 12 1 9 12 1 9 12 1 3 1 1 3 1 3 1 3 1 1 3 10 1 3 1 1 3 9 1 3 1 1 3 1 1 3 1 1 1 1 3 9 9 1 1 1 1 3 1 1 1 3 1 1 1 1 3 1 1 3 1 1 3 1 1 1 1 3 1 1 1 3 1 3 1 1 3 1 1 9 12 1 3 1 1 10 3 10 12 1 1 11 12 1 9 12 9 12 1 10 12 1 9 12 1 10 12 1 10 12 1 10 12 1 10 12 1 9 12 1 10 12 1 1 9 12 1 100 1 1 1 1 1 1 1 9 12 1 1 9 100 1 12 1 8 1 3 8 1 3 8 1 3 8 1 3 8 1 3 8 1 3 8 1 3 9 12 8 1 3 8 1 3 8 1 3 8 1 3 8 1 3 8 1 3 8 1 8 1 3 8 1 3 8 1 3 9 12 1 1 1 1 1 1 3 1 10 12 1 3 3 1 1 3 1 10 3 3 1 1 3 1 1 3 1 1 3 1 3 1 1 3 1 3 1 1 3 1 1 3 1 1 11 12 1 10 12 1 1 1 10 12 9 12 1 8 1 9 12 1 8 1 10 12 1 1 8 1 8 1 8 1 8 1 8 1 8 1 8 1 1 3 1 1 1 1 3 1 3 1 3 1 3 1 1 3 9 9 1 1 3 1 1 1 1 1 1 3 1 3 1 1 3 1 1 3 9 12 1 3 1 1 1 3 1 1 1 3 1 1 3 1 1 1 1 1 1 3 1 1 1 10 12 1 1 10 12 1 10 12 1 8 1 10 12 1 1 1 1 3 1 1 9 100 1 12 1 3 9 9 1 1 1 3 1 1 1 3 1 1 1 1 3 1 3 1 9 12 1 3 3 1 9 12 9 3 10 1 9 12 10 3 1 3 3 1 3 3 1 1 10 12 1 1 3 3 9 12 1 10 100 1 12 1 9 12 1 9 12 1 1 1 3 1 1 1 3 9 1 1 1 3 1 1 3 1 1 3 9 9 9 1 1 1 1 3 1 1 3 3 1 1 1 9 3 10 12 10 12 3 1 1 3 1 9 12 1 3 1 1 1 9 3 3 1 1 3 9 1 1 3 1 3 1 1 3 10 1 1 3 3 1 1 3 3 1 1 3 1 1 3 9 12 1 10 12 1 1 1 3 1 3 1 3 1 1 1 3 3 1 3 1 1 3 9 100 1 9 9 12 1 1 1 3 1 3 1 1 3 9 9 1 3 9 12 1 10 12 1 1 9 1 1 3 9 1 3 9 12 1 1 9 12 1 9 12 1 9 12 1 9 12 1 9 9 12 1 9 12 1 9 10 12 1 1 1 1 3 9 1 3 1 3 1 1 1 1 9 12 1 3 1 1 11 100 1 12 1 11 100 1 12 1 100 1 10 12 10 12 1 10 12 1 1 10 12 1 10 100 1 12 1 1 10 12 1 10 12 1 1 10 12 1 9 100 1 12 1 10 12 1 9 12 1 11 9 12 1 100 1 10 12 1 11 12 1 1 3 3 9 100 1 12 1 1 10 12 1 1 1 1 1 1 1 1 1 1 1 1 1 1 100 1 10 7 1 12 1 1 10 12 1 10 12 1 1 10 12 1 10 12 1 10 12 1 1 10 12 1 1 1 1 1 1 1 1 1 100 1 1 3 3 3 10 1 1 1 3 1 3 1 1 3 3 3 1 1 1 1 3 10 10 3 1 1 1 1 3 1 1 1 3 1 3 1 3 1 1 1 9 100 1 3 9 9 1 1 1 3 1 1 3 1 3 1 1 3 9 9 1 3 1 3 1 3 1 3 1 3 1 3 1 3 1 3 1 3 1 1 3 1 1 3 1 1 1 10 12 1 100 1 9 12 1 100 1 3 3 1 1 1 1 1 1 3 1 1 3 1 3 1 1 9 10 3 1 1 3 1 3 1 3 1 3 1 1 1 3 1 1 10 7 1 12 1 1 9 12 1 3 9 9 3 1 1 1 10 12 1 3 3 3 3 1 1 1 9 3 1 9 12 1 3 1 3 1 3 1 1 3 1 3 1 3 1 10 12 1 1 3 1 1 100 1 10 12 1 10 12 1 1 10 12 1 1 9 10 12 1 10 12 1 9 100 1 12 1 1 10 12 1 1 10 12 1 10 12 1 9 12 1 10 12 1 1 1 1 1 1 3 10 12 1 100 1 9 12 1 10 12 1 1 10 12 1 1 1 3 10 12 1 3 3 3 1 1 3 10 12 1 1 9 10 3 3 1 100 1 3 1 3 1 1 3 1 1 1 1 3 1 1 1 9 3 3 1 1 1 1 1 10 12 1 3 3 8 1 9 100 1 9 1 1 1 1 1 3 3 1 3 1 1 3 1 3 1 1 100 1 9 12 1 10 12 1 1 10 12 1 1 18 18 3 1 1 1 3 1 1 1 10 12 1 1 9 12 1 9 3 9 1 9 9 1 1 1 9 12 1 3 3 3 3 3 3 3 1 1 1 10 12 1 3 10 12 1 1 3 3 1 1 3 1 1 1 3 1 1 3 1 1 1 1 1 3 1 1 1 1 10 12 1 1 1 1 1 1 1 1 10 12 1 1 3 3 1 3 9 1 3 1 1 1 1 3 1 1 1 3 9 12 1 1 1 1 9 12 10 12 1 9 12 1 9 12 1 10 12 1 3 3 3 10 12 1 1 10 12 1 1 1 1 1 1 1 1 1 3 1 1 1 1 1 1 3 10 12 9 12 3 1 1 1 1 10 12 3 1 1 10 12 1 1 1 3 1 3 1 3 1 3 1 3 1 1 1 1 3 1 1 1 1 1 1 1 1 3 1 1 1 3 1 1 1 3 1 1 3 1 1 1 3 3 1 3 1 1 1 3 1 1 1 3 1 3 1 1 10 12 1 1 1 1 8 1 10 12 1 8 1 8 1 9 12 1 9 100 1 12 1 10 10 12 1 10 12 1 1 3 9 9 1 1 1 1 1 1 1 100 1 3 1 3 1 1 1 1 3 1 1 1 3 9 100 1 9 1 1 1 9 100 1 12 1 10 9 12 1 1 1 1 9 3 1 1 1 1 1 1 1 1 1 1 3 10 9 9 1 1 3 1 1 1 10 12 1 1 9 100 1 9 10 12 10 12 1 3 9 12 1 3 1 1 1 1 1 9 100 1 12 1 1 1 1 3 1 3 1 1 9 12 10 3 1 1 3 1 3 1 1 3 1 1 1 1 1 3 1 1 1 1 3 1 3 1 3 1 1 9 12 1 3 1 1 3 1 3 1 3 1 3 1 3 1 3 1 3 1 3 1 3 1 3 1 3 1 3 1 3 1 1 3 1 3 1 3 1 1 1 3 1 1 3 1 1 3 1 1 3 9 3 1 3 1 3 1 3 1 3 1 3 1 3 1 3 1 3 1 3 1 9 3 1 3 1 3 1 1 3 9 100 1 1 1 1 3 1 3 1 3 1 3 1 3 1 3 1 1 10 12 1 3 3 1 1 3 3 1 10 3 8 1 10 12 8 1 3 1 1 1 3 1 1 3 1 1 5 0 9 3 1 1 3 1 1 1 1 1 1 9 12 1 3 1 1 3 1 3 1 3 1 3 1 3 1 3 1 3 1 3 1 3 1 3 1 1 3 1 3 1 3 1 3 1 3 1 3 1 3 1 3 1 1 10 100 1 3 9 9 1 1 1 3 1 3 1 10 9 12 1 3 3 1 1 1 1 3 1 3 1 1 1 3 10 100 1 10 1 1 3 1 3 1 3 1 3 1 10 3 1 3 1 3 18 12 1 10 12 1 1 1 1 1 100 1 9 12 10 12 1 9 12 1 9 12 1 9 12 1 9 12 1 9 12 1 9 12 1 9 12 1 9 12 1 9 12 1 9 12 1 9 12 1 9 12 1 9 12 1 9 12 1 9 12 1 9 12 1 9 12 1 9 12 1 9 12 1 9 12 1 9 12 1 9 12 1 9 12 1 9 12 1 9 12 1 9 12 1 9 12 1 9 12 1 9 12 1 9 12 1 9 12 1 9 12 1 9 12 1 9 12 1 9 12 1 9 12 1 9 12 1 9 12 1 9 12 1 9 12 1 9 12 1 9 12 1 9 12 1 9 12 1 9 12 1 9 12 1 9 12 1 9 12 1 9 12 1 9 12 1 9 12 1 9 12 1 9 12 1 9 12 1 9 12 1 9 12 1 9 12 1 9 12 1 9 12 1 9 12 1 9 12 1 9 12 1 9 12 1 9 12 1 9 12 1 9 12 1 9 12 1 9 12 1 9 12 1 9 12 1 9 12 1 9 12 1 9 12 1 9 12 1 9 12 1 9 12 1 9 12 1 9 12 1 9 12 1 9 12 1 9 12 1 9 12 1 9 12 1 9 12 1 9 12 1 9 12 1 9 12 1 9 12 1 9 12 1 9 12 1 9 12 1 9 12 1 9 12 1 9 12 1 9 12 1 9 12 1 9 12 1 9 12 1 9 12 1 9 12 1 9 12 1 9 12 1 9 12 1 9 12 1 9 12 1 9 12 1 9 12 1 9 12 1 9 12 1 9 12 1 9 12 1 9 12 1 9 12 1 9 12 1 9 12 1 9 12 1 9 12 1 9 12 1 9 12 1 9 12 1 9 12 1 9 12 1 9 12 1 9 12 1 9 12 1 9 12 1 9 12 1 9 12 1 9 12 1 9 12 1 9 12 1 9 12 1 9 12 1 9 12 1 9 12 1 9 12 1 9 12 1 9 12 1 9 12 1 9 12 1 9 12 1 9 12 1 100 1 100 1 1 1 1 1 10 1 1 1 100 1 5 0 10 12 1 1 1 10 1 1 9 100 1 1 1 1 1 1 1 1 11 12 1 1 1 1 10 100 1 12 1 15 8 1 10 100 1 12 1 1 15 16 10 12 15 16 16 10 12 15 16 16 10 12 15 16 16 10 12 15 16 16 10 12 15 16 16 10 12 15 16 16 10 12 1 1 15 1 16 16 10 12 15 16 16 10 12 15 16 16 10 12 15 16 8 1 8 1 8 1 8 1 8 1 8 1 8 1 16 10 12 15 16 8 1 16 10 12 15 16 1 100 1 100 1 1 1 1 1 12 10 1 12 10 1 100 1 8 1 12 10 1 100 10 1
staticfield org/eclipse/jdt/internal/compiler/problem/ProblemReporter $assertionsDisabled Z 1
ciInstanceKlass org/eclipse/jdt/internal/compiler/env/IGenericType 1 0 13 100 1 100 1 100 1 1 1 1 1 1 1
ciInstanceKlass org/eclipse/jdt/internal/compiler/ast/CompilationUnitDeclaration 1 1 903 7 1 7 1 100 1 100 1 1 1 1 1 1 3 1 1 1 1 1 1 1 1 1 1 1 1 1 1 1 1 1 1 1 1 1 1 1 1 1 1 1 1 1 1 1 1 1 1 1 1 1 1 1 1 1 1 1 1 1 1 1 1 7 1 10 12 1 9 12 1 1 1 10 9 12 9 12 10 7 1 12 1 1 9 12 9 12 9 12 9 12 1 9 12 1 1 1 1 1 1 100 1 10 12 1 100 1 10 100 1 10 1 1 1 1 1 9 12 9 12 10 7 1 12 1 9 12 10 100 1 10 12 1 1 1 1 1 100 1 10 12 1 11 7 1 12 1 1 11 7 1 12 1 1 11 7 1 12 1 1 100 1 10 12 9 12 1 1 11 12 1 1 9 12 9 12 10 7 1 9 7 1 12 1 1 10 12 1 1 9 7 1 12 1 1 9 12 1 9 12 1 1 9 12 1 9 12 1 1 9 12 10 7 1 12 1 10 12 1 1 1 1 1 1 1 1 1 100 9 12 1 9 12 1 10 7 1 12 1 9 12 1 10 1 1 1 9 12 1 9 7 1 12 1 9 7 1 12 1 10 12 1 10 7 1 12 1 1 1 1 1 100 1 1 10 12 1 9 7 1 12 1 1 9 12 1 9 12 1 9 12 9 1 1 1 10 12 1 1 1 100 1 10 12 1 9 12 1 9 12 1 1 9 12 7 1 10 12 1 1 10 7 1 12 1 1 10 12 1 1 10 12 1 9 7 1 12 1 10 12 1 10 12 1 9 12 9 12 10 12 1 1 10 12 1 1 10 12 1 10 12 1 1 3 10 12 1 10 12 1 10 7 1 12 1 1 9 7 1 9 12 1 10 7 1 12 1 1 9 12 1 1 7 1 9 12 1 1 9 7 1 12 1 1 9 7 1 12 1 10 12 1 100 1 10 12 1 1 10 12 1 1 10 12 1 1 9 9 10 12 1 1 10 12 1 1 10 12 1 1 10 12 1 1 1 1 1 1 1 1 1 1 1 1 1 1 1 1 1 1 1 1 1 1 1 1 1 1 1 1 1 1 1 1 1 1 1 1 1 1 1 1 1 1 1 100 100 100 100 1 9 10 12 10 12 1 1 1 1 1 10 12 1 9 12 1 1 10 12 1 1 10 12 1 1 11 7 1 12 1 100 1 9 12 9 12 1 10 1 9 12 1 1 10 12 1 1 1 1 9 12 1 1 1 10 12 1 8 1 10 100 1 12 1 1 10 12 1 8 1 8 1 10 12 1 8 1 10 12 10 8 1 10 1 1 1 1 100 9 12 9 12 1 10 7 1 12 1 1 9 3 10 12 1 1 1 9 12 9 100 1 10 100 1 12 1 10 12 1 9 12 10 9 12 10 7 1 12 1 1 1 1 1 1 1 1 7 1 10 12 1 1 7 1 9 12 1 9 9 9 7 1 12 1 1 10 12 1 1 10 12 1 1 1 1 1 10 12 1 1 1 1 1 1 9 12 1 100 1 10 9 10 100 1 12 1 1 11 12 1 1 1 1 100 1 10 12 1 100 1 10 12 1 1 10 12 1 10 12 1 1 1 1 9 12 1 1 10 7 1 12 1 1 9 12 10 12 1 1 1 10 12 10 12 100 1 9 12 1 10 12 1 10 12 9 12 1 10 12 1 9 12 1 10 12 1 9 12 1 100 1 3 10 12 1 9 9 12 1 10 12 1 1 10 9 12 1 10 12 1 1 10 12 10 12 10 12 1 1 1 1 9 12 9 100 1 12 9 12 10 12 1 10 100 1 12 1 1 10 12 1 1 100 1 9 12 1 10 12 1 9 12 1 9 12 1 1 1 1 1 1 1 1 1 1 1 1 1 1 1 1 10 12 1 1 1 1 10 100 1 12 1 1 10 12 1 10 10 12 10 10 10 12 1 1 1 1 1 1 1 100 1 100 1 1 11 12 9 100 1 9 12 11 12 1 10 12 1 1 9 12 1 1 1 100 1 100 1 1 1 1 1 100 1 1 100 1 1 1 1 1 1
staticfield org/eclipse/jdt/internal/compiler/ast/CompilationUnitDeclaration STRING_LITERAL_COMPARATOR Ljava/util/Comparator; org/eclipse/jdt/internal/compiler/ast/CompilationUnitDeclaration$1
ciInstanceKlass org/eclipse/jdt/internal/compiler/env/IModuleAwareNameEnvironment 1 1 118 7 1 100 1 100 1 1 1 1 9 7 1 12 1 1 11 12 1 1 1 1 1 1 1 1 11 12 1 1 1 1 1 10 100 1 12 1 1 11 12 1 1 1 1 7 1 10 12 1 1 10 12 1 1 9 12 1 1 7 10 12 1 1 1 1 1 1 1 100 1 1 1 1 1 1 1 1 1 1 1 1 1 1 1 1 1 1 1 1 1 100 1 1 100 1 100 1 1 1 100 1 100 1 100 1 100 1 1 100 1 8 1 1 12 10 1 1
ciInstanceKlass sun/nio/ch/Invoker$1 1 1 31 10 7 12 1 1 1 10 7 12 1 1 1 1 1 1 1 1 1 1 1 1 1 1 100 1 1 1 100 1 1
ciInstanceKlass org/eclipse/jdt/internal/core/builder/NameEnvironment 1 1 1078 7 1 7 1 100 1 100 1 1 1 1 1 1 1 1 1 1 1 1 1 1 1 1 1 1 1 1 1 1 1 1 1 1 100 1 1 1 10 12 1 9 12 9 12 9 12 10 12 1 1 10 12 1 1 1 1 1 1 1 1 1 1 1 1 1 1 1 1 11 100 1 12 1 1 11 100 1 12 1 1 11 100 1 12 1 1 7 1 7 1 9 12 7 1 9 12 1 1 1 1 7 1 1 10 12 1 1 100 1 8 1 8 1 10 12 1 1 10 7 1 12 1 1 100 1 8 1 11 12 1 1 11 12 1 1 9 12 1 10 12 1 1 7 1 10 12 1 10 100 1 12 1 1 8 1 8 1 8 1 10 7 1 12 1 1 100 1 5 0 7 1 10 7 1 10 12 1 9 12 9 12 1 10 12 1 1 10 12 1 1 10 7 1 12 1 1 7 1 10 12 1 1 10 7 1 12 1 1 10 10 12 1 1 10 12 1 1 10 12 1 1 11 100 1 12 1 10 12 1 1 10 12 1 1 10 12 1 1 7 1 10 12 1 10 11 7 1 12 1 11 7 1 12 1 1 11 12 1 10 12 1 1 10 12 1 1 10 12 1 1 10 12 1 10 12 1 1 9 12 1 1 100 1 8 10 12 1 1 100 1 8 1 10 12 1 1 10 12 1 11 10 12 1 1 10 12 1 1 10 12 1 10 12 1 10 12 1 1 10 12 1 1 10 12 1 1 10 12 1 1 10 11 100 1 10 12 1 11 11 11 11 10 11 100 1 11 7 1 12 1 1 100 10 100 1 12 1 1 11 12 1 1 11 12 1 100 1 11 12 1 1 10 12 1 1 10 12 1 1 11 100 1 12 1 1 7 1 10 11 12 1 1 10 12 1 11 12 1 1 10 12 1 1 10 12 1 1 11 12 1 1 11 7 1 12 1 1 9 12 1 1 9 12 1 1 11 12 1 7 1 100 1 8 1 8 1 8 1 10 12 1 1 10 12 1 1 11 7 1 11 12 1 10 7 1 12 1 1 10 12 1 1 10 12 1 9 100 1 12 1 8 1 10 10 12 1 1 10 10 12 1 10 11 12 1 10 12 1 1 11 11 12 1 9 12 9 12 1 1 11 12 1 9 12 1 9 12 9 12 1 1 10 12 1 1 100 1 10 12 1 10 12 1 1 9 12 1 9 12 1 18 12 1 1 11 100 1 12 1 1 11 12 1 1 10 12 1 1 11 9 12 100 1 1 1 1 1 1 1 1 1 1 1 1 1 1 1 1 1 1 1 1 1 1 1 1 1 1 1 1 1 1 1 1 1 1 1 1 1 1 1 1 1 1 1 1 1 1 1 1 1 1 1 1 1 1 1 1 1 1 1 1 1 1 1 1 1 1 1 1 1 1 1 1 1 1 1 1 1 1 1 1 1 1 1 100 100 1 7 1 100 1 100 1 7 1 10 11 12 1 1 11 7 1 9 100 1 12 1 1 10 12 1 1 11 9 12 1 10 12 1 11 12 1 1 10 12 1 11 7 1 12 1 1 1 1 1 1 1 1 1 1 10 12 1 1 9 12 9 12 10 12 10 1 11 12 1 1 10 12 1 100 1 11 12 1 11 12 1 1 1 1 10 7 1 12 1 18 12 1 1 10 7 1 12 1 100 1 100 1 10 10 12 1 100 1 7 1 10 12 1 10 12 1 10 12 1 1 18 12 1 10 12 1 9 12 1 9 12 1 1 10 7 1 12 1 1 10 12 1 1 10 12 1 18 12 1 1 10 7 1 12 1 1 10 12 1 1 18 12 1 10 12 10 12 1 10 12 1 1 1 1 1 1 1 1 1 1 1 1 1 1 1 1 1 1 1 1 100 100 1 1 1 10 12 1 1 10 12 1 10 12 1 10 12 1 1 1 10 12 1 1 1 1 10 12 1 10 12 1 10 12 1 9 12 1 10 12 1 10 12 1 1 7 1 11 12 1 1 10 12 1 11 1 1 1 1 1 1 1 1 100 1 1 10 12 1 11 100 1 10 12 1 18 10 1 1 1 1 10 12 18 10 10 100 1 12 1 1 1 1 1 11 12 100 1 8 1 10 10 10 12 100 1 10 9 12 1 10 12 1 10 1 1 1 1 1 100 100 11 1 11 12 1 1 18 11 100 1 12 1 1 18 12 1 1 11 12 1 1 10 100 1 12 1 1 11 12 1 1 11 11 1 1 1 10 12 1 1 1 9 12 10 12 1 9 12 1 9 12 1 9 12 1 9 12 1 100 1 100 1 1 1 1 1 1 10 7 1 12 1 1 15 16 10 12 15 16 10 7 1 12 1 15 8 1 8 1 16 10 12 1 15 1 16 16 15 16 8 1 16 15 1 16 16 11 12 1 15 1 16 16 10 12 15 16 1 100 1 100 1 1 1 100 1 1 1
ciInstanceKlass org/eclipse/jdt/internal/compiler/env/IBinaryType 1 1 108 7 1 100 1 100 1 100 1 1 1 1 1 1 1 1 1 1 1 1 9 7 1 12 1 9 12 7 1 9 12 7 1 9 12 7 1 9 12 1 1 1 1 1 1 1 1 1 1 1 1 1 1 1 1 1 1 1 1 1 1 1 1 1 1 1 1 1 1 1 1 1 1 1 1 1 1 1 1 1 1 1 1 1 1 100 1 100 1 1 1 100 1 8 1 1 12 10 1 1 1 8 1 1 1 8 1 1
staticfield org/eclipse/jdt/internal/compiler/env/IBinaryType NoInterface [[C 0 [[C
staticfield org/eclipse/jdt/internal/compiler/env/IBinaryType NoNestedType [Lorg/eclipse/jdt/internal/compiler/env/IBinaryNestedType; 0 [Lorg/eclipse/jdt/internal/compiler/env/IBinaryNestedType;
staticfield org/eclipse/jdt/internal/compiler/env/IBinaryType NoField [Lorg/eclipse/jdt/internal/compiler/env/IBinaryField; 0 [Lorg/eclipse/jdt/internal/compiler/env/IBinaryField;
staticfield org/eclipse/jdt/internal/compiler/env/IBinaryType NoMethod [Lorg/eclipse/jdt/internal/compiler/env/IBinaryMethod; 0 [Lorg/eclipse/jdt/internal/compiler/env/IBinaryMethod;
ciInstanceKlass org/eclipse/jdt/internal/compiler/util/CharDeduplication 1 1 140 7 1 7 1 1 1 1 1 1 1 1 3 1 3 1 1 1 1 1 1 1 1 1 1 9 12 7 9 12 18 12 1 1 10 7 1 12 1 1 9 12 1 1 1 1 1 1 10 12 1 7 1 10 10 12 1 10 12 1 10 12 1 1 1 10 9 12 9 12 1 1 1 1 1 10 7 1 12 1 1 10 12 1 1 1 10 12 10 12 1 1 1 10 12 1 1 10 12 1 1 10 12 1 1 1 1 1 1 1 1 1 1 1 1 1 1 1 1 1 1 1 10 7 1 12 1 1 15 16 10 12 15 16 1 100 1 100 1 1
staticfield org/eclipse/jdt/internal/compiler/util/CharDeduplication CHAR_ARRAY0 [C 0
staticfield org/eclipse/jdt/internal/compiler/util/CharDeduplication ASCII_CHARS [[C 128 [[C
staticfield org/eclipse/jdt/internal/compiler/util/CharDeduplication mutableCache Ljava/lang/ThreadLocal; java/lang/ThreadLocal$SuppliedThreadLocal
instanceKlass org/eclipse/jdt/internal/compiler/classfmt/FieldInfo
instanceKlass org/eclipse/jdt/internal/compiler/classfmt/MethodInfo
instanceKlass org/eclipse/jdt/internal/compiler/classfmt/AnnotationInfo
instanceKlass org/eclipse/jdt/internal/compiler/classfmt/InnerClassInfo
instanceKlass org/eclipse/jdt/internal/compiler/classfmt/ModuleInfo
instanceKlass org/eclipse/jdt/internal/compiler/classfmt/ClassFileReader
ciInstanceKlass org/eclipse/jdt/internal/compiler/classfmt/ClassFileStruct 1 1 78 7 1 7 1 1 1 1 1 1 1 1 1 1 10 12 1 9 12 9 12 9 12 1 1 1 1 1 1 1 1 1 10 12 1 1 10 7 1 12 1 1 1 1 1 10 12 1 1 10 7 1 12 1 1 1 1 1 1 1 1 10 7 1 12 1 1 1 1 1 1 1 1 1 1 100 1 1
ciInstanceKlass org/eclipse/jdt/internal/compiler/classfmt/ClassFileReader 1 1 1066 7 1 7 1 100 1 1 1 1 1 1 1 1 1 1 1 1 1 1 1 1 1 1 1 1 1 1 1 1 1 1 1 1 1 1 1 1 1 1 1 1 1 1 1 1 1 1 1 1 1 1 1 1 1 1 1 1 100 1 10 12 1 1 100 1 10 12 1 100 1 8 1 10 12 1 1 8 1 8 1 8 1 8 1 8 1 100 1 3 8 1 10 12 1 10 12 1 1 1 1 1 1 1 1 1 1 1 1 100 1 100 1 10 12 1 1 1 10 7 1 12 1 1 10 7 1 12 1 1 10 12 1 10 7 1 12 1 1 10 12 1 10 12 1 1 1 1 1 1 1 100 7 1 1 10 12 1 1 10 12 1 1 1 1 1 10 12 1 10 12 1 1 10 12 1 1 1 1 1 1 11 100 1 12 1 10 12 1 10 100 1 12 1 1 1 1 1 1 1 1 1 10 12 1 1 1 1 10 7 1 12 1 1 10 12 1 1 10 12 1 10 12 1 1 10 12 1 18 12 1 1 10 12 1 10 7 1 12 1 10 100 1 12 1 1 1 1 100 1 9 12 1 1 10 12 1 1 8 1 10 12 1 1 18 12 1 8 10 12 1 100 1 10 12 100 1 1 1 1 1 1 10 12 1 10 12 10 12 1 1 9 12 9 12 9 7 1 100 10 12 1 10 12 1 9 12 10 12 1 1 9 12 9 12 9 12 1 1 10 12 1 9 12 100 1 8 1 10 10 12 1 1 10 7 1 12 1 1 9 12 9 12 9 7 1 12 1 10 7 1 12 1 1 3 9 12 9 12 9 12 7 1 9 12 9 12 1 10 12 1 1 10 12 1 1 9 12 7 1 9 12 10 7 1 12 1 1 10 12 1 10 10 12 1 1 10 12 1 9 7 1 12 1 9 12 9 12 1 3 9 12 1 7 1 9 12 10 9 12 1 9 12 10 12 1 9 12 1 9 12 100 1 5 0 9 12 1 9 12 1 9 12 1 9 12 1 10 12 1 1 9 12 1 9 12 1 10 12 1 9 12 1 9 12 1 10 12 1 1 9 12 1 100 9 12 10 12 1 1 9 12 1 10 12 1 1 10 9 12 9 12 1 9 12 9 12 9 12 10 12 1 1 9 12 9 12 9 12 9 12 10 12 1 100 1 1 1 1 1 1 1 1 1 1 1 1 1 1 1 1 1 1 1 1 1 1 1 1 1 1 100 9 12 9 12 100 1 9 12 10 12 1 1 10 1 1 1 1 9 7 1 12 1 1 1 1 1 1 1 1 1 1 7 1 10 12 1 9 12 9 12 1 5 0 5 0 5 0 10 7 1 12 1 1 1 1 1 1 1 1 1 1 1 100 100 1 10 9 9 12 1 100 1 1 1 1 1 1 1 1 9 12 100 1 10 10 12 1 1 10 1 1 1 1 1 1 1 1 1 1 1 10 12 1 1 1 1 1 1 7 1 9 12 1 9 12 1 1 1 1 1 1 100 100 1 1 1 1 1 10 12 9 12 10 12 10 12 10 12 1 1 10 12 1 1 10 12 1 1 1 1 1 1 1 1 1 1 10 12 1 10 12 1 1 1 1 1 1 1 1 1 1 10 10 12 1 10 12 1 1 1 1 1 1 1 1 10 12 1 1 10 5 0 10 12 10 12 10 12 1 1 5 0 10 12 10 12 1 1 10 12 10 12 10 12 10 12 10 12 11 11 10 12 100 10 100 1 12 1 1 10 12 10 12 10 12 10 12 10 12 1 1 1 1 1 1 1 1 1 1 1 1 1 1 1 1 1 1 1 1 100 10 12 1 1 10 100 1 12 1 1 1 1 1 1 1 1 11 100 1 12 1 10 12 1 1 11 12 1 1 9 12 1 11 100 1 11 12 1 1 100 1 10 100 1 12 1 9 12 1 1 1 1 1 1 1 1 1 1 1 1 1 1 100 10 10 10 10 10 10 10 10 12 1 10 12 1 1 10 100 1 12 1 10 12 1 1 10 12 1 10 12 1 1 10 12 1 1 10 12 1 1 10 12 1 10 12 1 1 10 12 1 1 10 10 12 1 10 1 1 1 1 1 10 10 10 10 10 12 1 10 12 1 1 10 10 12 1 10 12 1 10 12 1 1 1 1 1 1 1 1 1 1 100 1 10 12 1 1 11 12 1 1 1 1 1 1 1 100 11 12 1 100 1 1 1 10 10 10 10 10 12 10 12 1 10 12 1 1 1 1 1 1 1 1 1 1 100 1 10 10 12 1 10 100 1 18 10 12 1 18 8 1 18 18 10 12 10 12 18 12 1 10 1 1 1 1 1 1 10 10 1 1 1 1 1 10 7 1 12 1 15 8 1 8 1 8 1 8 1 8 1 8 1 8 1 1 100 1 100 1 1 100 1 1
ciInstanceKlass org/eclipse/jdt/internal/compiler/env/IGenericMethod 1 0 13 100 1 100 1 1 1 1 1 1 1 1 1
ciInstanceKlass org/eclipse/jdt/internal/compiler/env/IBinaryMethod 1 1 80 100 1 100 1 100 1 100 1 1 1 1 1 1 1 1 1 1 1 1 1 1 1 1 1 1 1 1 1 1 1 11 12 100 1 10 100 1 12 1 1 10 12 1 1 100 1 1 1 1 1 1 1 1 1 1 1 1 1 100 1 1 1 100 1 8 1 1 12 10 1 1 1 8 1 1 1 8 1 1
ciInstanceKlass org/eclipse/jdt/internal/compiler/env/IBinaryAnnotation 1 1 21 100 1 100 1 100 1 1 1 1 1 1 1 1 1 1 1 1 1 1 1
ciInstanceKlass org/eclipse/jdt/internal/compiler/env/IBinaryTypeAnnotation 0 0 27 100 1 100 1 1 1 1 1 1 9 12 1 1 1 1 1 1 1 1 1 1 1 1 1 1 1
ciInstanceKlass org/eclipse/jdt/internal/compiler/codegen/AttributeNamesConstants 1 1 174 7 1 100 1 1 1 1 1 1 1 1 1 1 1 1 1 1 1 1 1 1 1 1 1 1 1 1 1 1 1 1 1 1 1 1 1 1 1 1 1 1 8 1 10 7 1 12 1 1 9 12 8 1 9 12 8 1 9 12 8 1 9 12 8 1 9 12 8 9 12 8 1 9 12 8 1 9 12 8 1 9 12 8 1 9 12 8 1 9 12 8 1 9 12 8 1 9 12 8 9 12 8 9 12 8 1 9 12 8 1 9 12 8 1 9 12 8 1 9 12 8 1 9 12 8 1 9 12 8 9 12 8 1 9 12 8 1 9 12 8 1 9 12 8 1 9 12 8 1 9 12 8 1 9 12 8 1 9 12 8 9 12 8 9 12 8 1 9 12 8 9 12 1
staticfield org/eclipse/jdt/internal/compiler/codegen/AttributeNamesConstants SyntheticName [C 9
staticfield org/eclipse/jdt/internal/compiler/codegen/AttributeNamesConstants ConstantValueName [C 13
staticfield org/eclipse/jdt/internal/compiler/codegen/AttributeNamesConstants LineNumberTableName [C 15
staticfield org/eclipse/jdt/internal/compiler/codegen/AttributeNamesConstants LocalVariableTableName [C 18
staticfield org/eclipse/jdt/internal/compiler/codegen/AttributeNamesConstants InnerClassName [C 12
staticfield org/eclipse/jdt/internal/compiler/codegen/AttributeNamesConstants CodeName [C 4
staticfield org/eclipse/jdt/internal/compiler/codegen/AttributeNamesConstants ExceptionsName [C 10
staticfield org/eclipse/jdt/internal/compiler/codegen/AttributeNamesConstants SourceName [C 10
staticfield org/eclipse/jdt/internal/compiler/codegen/AttributeNamesConstants DeprecatedName [C 10
staticfield org/eclipse/jdt/internal/compiler/codegen/AttributeNamesConstants SignatureName [C 9
staticfield org/eclipse/jdt/internal/compiler/codegen/AttributeNamesConstants LocalVariableTypeTableName [C 22
staticfield org/eclipse/jdt/internal/compiler/codegen/AttributeNamesConstants EnclosingMethodName [C 15
staticfield org/eclipse/jdt/internal/compiler/codegen/AttributeNamesConstants ModuleName [C 6
staticfield org/eclipse/jdt/internal/compiler/codegen/AttributeNamesConstants ModuleMainClass [C 15
staticfield org/eclipse/jdt/internal/compiler/codegen/AttributeNamesConstants ModulePackages [C 14
staticfield org/eclipse/jdt/internal/compiler/codegen/AttributeNamesConstants AnnotationDefaultName [C 17
staticfield org/eclipse/jdt/internal/compiler/codegen/AttributeNamesConstants RuntimeInvisibleAnnotationsName [C 27
staticfield org/eclipse/jdt/internal/compiler/codegen/AttributeNamesConstants RuntimeVisibleAnnotationsName [C 25
staticfield org/eclipse/jdt/internal/compiler/codegen/AttributeNamesConstants RuntimeInvisibleParameterAnnotationsName [C 36
staticfield org/eclipse/jdt/internal/compiler/codegen/AttributeNamesConstants RuntimeVisibleParameterAnnotationsName [C 34
staticfield org/eclipse/jdt/internal/compiler/codegen/AttributeNamesConstants StackMapTableName [C 13
staticfield org/eclipse/jdt/internal/compiler/codegen/AttributeNamesConstants InconsistentHierarchy [C 21
staticfield org/eclipse/jdt/internal/compiler/codegen/AttributeNamesConstants VarargsName [C 7
staticfield org/eclipse/jdt/internal/compiler/codegen/AttributeNamesConstants StackMapName [C 8
staticfield org/eclipse/jdt/internal/compiler/codegen/AttributeNamesConstants MissingTypesName [C 12
staticfield org/eclipse/jdt/internal/compiler/codegen/AttributeNamesConstants BootstrapMethodsName [C 16
staticfield org/eclipse/jdt/internal/compiler/codegen/AttributeNamesConstants RuntimeVisibleTypeAnnotationsName [C 29
staticfield org/eclipse/jdt/internal/compiler/codegen/AttributeNamesConstants RuntimeInvisibleTypeAnnotationsName [C 31
staticfield org/eclipse/jdt/internal/compiler/codegen/AttributeNamesConstants MethodParametersName [C 16
staticfield org/eclipse/jdt/internal/compiler/codegen/AttributeNamesConstants NestHost [C 8
staticfield org/eclipse/jdt/internal/compiler/codegen/AttributeNamesConstants NestMembers [C 11
staticfield org/eclipse/jdt/internal/compiler/codegen/AttributeNamesConstants RecordClass [C 6
staticfield org/eclipse/jdt/internal/compiler/codegen/AttributeNamesConstants PermittedSubclasses [C 19
ciInstanceKlass org/eclipse/jdt/internal/compiler/classfmt/AnnotationInfo 1 1 407 7 1 7 1 100 1 1 1 1 1 1 1 1 1 1 1 1 1 1 1 1 7 1 9 12 1 1 1 1 10 12 9 12 9 12 1 1 1 1 1 1 1 1 10 10 12 1 10 12 1 1 1 1 1 1 100 100 9 12 1 10 12 1 1 9 12 1 10 12 1 1 10 7 1 12 1 1 9 12 9 7 1 12 1 10 12 1 1 10 12 1 9 12 10 12 1 1 100 1 10 100 1 12 1 1 10 12 1 8 1 10 12 1 1 10 12 1 8 1 10 12 1 8 1 8 1 10 12 1 9 12 1 10 100 1 12 1 1 100 1 10 12 1 10 12 1 1 1 1 1 1 1 1 1 1 1 100 10 100 1 12 1 1 1 1 1 1 1 10 12 1 10 12 1 10 7 1 12 1 1 10 7 1 12 1 10 100 1 12 1 10 100 1 12 1 10 100 1 12 1 10 12 1 1 10 100 1 12 1 10 12 1 1 10 100 1 12 1 10 12 1 1 10 100 1 12 1 10 7 1 12 1 1 10 7 1 12 1 100 1 10 12 1 100 1 10 12 1 10 12 8 1 18 12 1 1 18 12 1 10 1 1 1 1 1 1 1 1 1 100 1 1 10 12 1 1 1 1 1 5 0 1 1 9 7 1 12 1 10 7 1 12 1 1 10 7 1 12 1 1 10 12 1 10 12 1 100 1 9 12 1 10 12 1 100 1 5 0 10 12 9 12 1 5 0 9 12 1 5 0 9 12 1 9 12 1 10 12 9 12 1 5 0 9 12 1 5 0 9 12 1 5 0 1 1 5 0 1 10 100 1 12 1 1 1 1 10 100 1 12 1 10 12 1 1 1 1 10 12 1 1 10 12 1 10 1 1 1 1 1 10 100 1 12 1 15 8 1 8 1 1 100 1 100 1 1
ciInstanceKlass org/eclipse/jdt/internal/compiler/codegen/ConstantPool 1 1 1825 7 1 7 1 100 1 100 1 1 1 1 3 1 3 1 3 1 1 1 1 1 1 1 1 1 1 1 1 1 1 1 1 1 1 1 1 1 1 1 1 1 1 1 1 1 1 1 1 1 1 1 1 1 1 1 1 1 1 1 1 1 1 1 1 1 1 1 1 1 1 1 1 1 1 1 1 1 1 1 1 1 1 1 1 1 1 1 1 1 1 1 1 1 1 1 1 1 1 1 1 1 1 1 1 1 1 1 1 1 1 1 1 1 1 1 1 1 1 1 1 1 1 1 1 1 1 1 1 1 1 1 1 1 1 1 1 1 1 1 1 1 1 1 1 1 1 1 1 1 1 1 1 1 1 1 1 1 1 1 1 1 1 1 1 1 1 1 1 1 1 1 1 1 1 1 1 1 1 1 1 1 1 1 1 1 1 1 1 1 1 1 1 1 1 1 1 1 1 1 1 1 1 1 1 1 1 1 1 1 1 1 1 1 1 1 1 1 1 1 1 1 1 1 1 1 1 1 1 1 1 1 1 1 1 1 1 1 1 1 1 1 1 1 1 1 1 1 1 1 1 1 1 1 1 1 1 1 1 1 1 1 1 1 1 1 1 1 1 1 1 1 1 1 1 1 1 1 1 1 1 1 1 1 1 1 1 1 1 1 1 1 1 1 1 1 1 1 1 1 1 1 1 1 1 1 1 1 1 1 1 1 1 1 1 1 1 1 1 1 1 1 1 1 1 1 1 1 1 1 1 1 1 1 1 1 1 1 1 1 1 1 1 1 1 1 1 1 1 1 1 1 10 7 1 12 1 1 9 12 8 1 10 7 1 12 1 1 9 12 8 1 9 12 8 1 9 12 8 1 9 12 8 1 9 12 8 1 9 12 8 1 9 12 8 1 9 12 8 1 9 12 8 1 9 12 8 9 12 8 1 9 12 8 1 9 12 8 1 9 12 8 1 9 12 8 1 9 12 8 1 9 12 8 1 9 12 8 1 9 12 8 9 12 8 9 12 9 12 8 1 9 12 9 12 8 9 12 9 12 8 1 9 12 8 1 9 12 8 1 9 12 8 1 9 12 8 1 9 12 8 1 9 12 8 1 9 12 8 1 9 12 8 1 9 12 8 1 9 12 8 1 9 12 8 1 9 12 8 1 9 12 8 1 9 12 8 1 9 12 8 1 9 12 8 1 9 12 8 1 9 12 8 1 9 12 8 1 9 12 8 1 9 12 8 1 9 12 8 1 9 12 8 1 9 12 8 1 9 12 8 1 9 12 8 1 9 12 8 1 9 12 8 1 9 12 8 1 9 12 8 1 9 12 8 1 9 12 8 1 9 12 8 1 9 12 8 1 9 12 9 12 8 1 9 12 8 1 9 12 8 1 9 12 9 12 8 1 9 12 8 1 9 12 8 1 9 12 8 1 9 12 8 1 9 12 8 1 9 12 8 1 9 12 9 12 8 1 9 12 9 12 8 1 9 12 8 1 9 12 8 1 9 12 9 12 8 1 9 12 8 1 9 12 8 1 9 12 8 1 9 12 8 1 9 12 7 9 7 1 12 1 9 12 1 9 12 1 8 1 9 12 8 1 9 12 8 1 9 12 8 1 9 12 8 1 9 12 8 1 9 12 8 1 9 12 8 1 9 12 8 1 9 12 8 9 12 8 1 9 12 8 1 9 12 8 1 9 12 8 1 9 12 8 1 9 12 8 1 9 12 8 1 9 12 8 1 9 12 8 1 9 12 8 1 9 12 8 1 9 12 8 1 9 12 8 1 9 12 8 1 9 12 8 9 12 8 1 9 12 8 1 9 12 8 1 9 12 8 1 9 12 8 1 9 12 8 1 9 12 8 1 9 12 8 1 9 12 8 1 9 12 8 9 12 8 1 9 12 8 1 9 12 8 1 9 12 8 1 9 12 8 1 9 12 8 1 9 12 8 1 9 12 8 1 9 12 8 1 9 12 8 1 9 12 8 1 9 12 8 1 9 12 8 1 9 12 9 12 9 12 8 1 9 12 8 1 9 12 8 1 9 12 9 12 8 1 9 12 9 12 8 1 9 12 8 1 9 12 9 12 8 1 9 12 8 1 9 12 8 1 9 12 8 1 9 12 8 1 9 12 8 1 9 12 8 1 9 12 8 1 9 12 8 1 9 12 8 1 9 12 8 1 9 12 8 1 9 12 8 1 9 12 8 1 9 12 8 1 9 12 8 1 9 12 8 1 9 12 8 1 9 12 8 1 9 12 9 12 8 1 9 12 8 1 9 12 8 1 9 12 8 1 9 12 8 1 9 12 8 1 9 12 8 1 9 12 8 1 9 12 8 1 9 12 8 1 9 12 8 1 9 12 8 1 9 12 8 1 9 12 8 1 9 12 8 1 9 12 8 1 9 12 8 1 9 12 8 1 9 12 8 1 9 12 8 1 9 12 9 12 8 1 9 12 8 1 9 12 9 12 8 9 12 8 1 9 12 8 1 9 12 8 1 9 12 8 1 9 12 8 1 9 12 8 1 9 12 8 1 9 12 8 1 9 12 8 1 9 12 8 1 9 12 8 1 9 12 8 1 9 12 8 1 9 12 8 1 9 12 8 1 9 12 8 1 9 12 8 1 9 12 8 1 9 12 8 1 9 12 8 1 9 12 8 1 9 12 8 1 9 12 8 1 9 12 8 1 9 12 8 1 9 12 9 12 8 1 9 12 9 12 8 1 9 12 9 12 8 1 9 12 9 12 8 1 9 12 9 12 8 1 9 12 9 12 8 1 9 12 9 12 8 1 9 12 8 1 9 12 8 1 9 12 8 1 9 12 9 12 8 1 9 12 9 12 8 1 9 12 8 1 9 12 8 1 9 12 9 12 8 1 9 12 8 1 9 12 8 1 9 12 8 1 9 12 8 1 9 12 8 1 9 12 8 1 9 12 8 1 9 12 9 12 8 1 9 12 8 1 9 12 8 1 9 12 8 1 9 12 8 1 9 12 8 1 9 12 8 1 9 12 8 1 9 12 8 1 9 12 8 1 9 12 8 9 12 8 1 9 12 8 9 12 8 1 9 12 8 9 12 9 12 8 9 12 8 1 9 12 8 9 12 8 1 9 12 8 9 12 9 12 8 9 12 9 12 8 9 12 9 12 8 9 12 9 12 8 9 12 9 12 8 9 12 8 1 9 12 8 9 12 9 12 8 9 12 9 12 8 9 12 9 12 8 9 12 9 12 8 9 12 9 12 8 9 12 9 12 8 9 12 9 12 8 9 12 9 12 8 9 12 9 12 8 9 12 9 12 8 9 12 9 12 1 1 1 1 10 12 9 12 7 1 10 9 12 9 12 7 1 10 12 9 12 9 12 9 12 9 12 9 12 7 1 10 9 12 9 12 10 12 1 1 9 7 1 12 1 9 12 9 12 1 9 12 9 12 1 1 1 10 7 12 1 1 10 12 1 1 3 9 12 1 1 9 100 1 12 1 1 10 100 1 12 1 1 10 12 1 1 10 100 1 12 1 1 10 12 1 10 12 1 1 1 1 1 1 1 10 7 1 12 1 1 9 12 1 1 100 1 5 0 10 7 1 12 1 1 10 12 1 10 12 1 1 1 1 10 12 1 1 1 1 1 1 10 12 1 1 1 9 12 7 1 10 10 12 1 10 7 12 1 1 1 1 1 1 9 12 100 1 10 10 12 1 10 100 12 1 1 1 9 12 7 1 10 10 12 1 1 9 12 7 1 10 10 12 1 1 1 1 1 1 1 1 1 1 1 10 12 10 12 1 1 10 12 1 1 10 12 1 1 1 1 1 1 1 1 1 10 12 10 12 1 1 1 1 1 9 7 1 12 1 10 7 1 12 10 12 1 10 12 1 10 12 1 9 12 10 10 12 1 1 1 10 12 10 12 1 1 1 1 100 10 10 12 1 1 1 1 1 1 1 1 10 12 1 1 1 1 1 10 12 1 1 10 12 1 1 1 1 10 12 1 7 1 10 12 1 10 12 1 1 9 12 10 7 1 12 1 9 12 1 1 1 1 1 1 1 1 10 12 10 10 12 1 1 1 1 1 1 9 7 1 12 1 10 12 1 1 1 1 1 10 12 1 10 10 10 10 10 10 1 1
staticfield org/eclipse/jdt/internal/compiler/codegen/ConstantPool Append [C 6
staticfield org/eclipse/jdt/internal/compiler/codegen/ConstantPool ARRAY_NEWINSTANCE_NAME [C 11
staticfield org/eclipse/jdt/internal/compiler/codegen/ConstantPool ARRAY_NEWINSTANCE_SIGNATURE [C 39
staticfield org/eclipse/jdt/internal/compiler/codegen/ConstantPool ArrayCopy [C 9
staticfield org/eclipse/jdt/internal/compiler/codegen/ConstantPool ArrayCopySignature [C 42
staticfield org/eclipse/jdt/internal/compiler/codegen/ConstantPool ArrayJavaLangClassConstantPoolName [C 18
staticfield org/eclipse/jdt/internal/compiler/codegen/ConstantPool ArrayJavaLangObjectConstantPoolName [C 19
staticfield org/eclipse/jdt/internal/compiler/codegen/ConstantPool booleanBooleanSignature [C 22
staticfield org/eclipse/jdt/internal/compiler/codegen/ConstantPool BooleanConstrSignature [C 4
staticfield org/eclipse/jdt/internal/compiler/codegen/ConstantPool BOOLEANVALUE_BOOLEAN_METHOD_NAME [C 12
staticfield org/eclipse/jdt/internal/compiler/codegen/ConstantPool BOOLEANVALUE_BOOLEAN_METHOD_SIGNATURE [C 3
staticfield org/eclipse/jdt/internal/compiler/codegen/ConstantPool byteByteSignature [C 19
staticfield org/eclipse/jdt/internal/compiler/codegen/ConstantPool ByteConstrSignature [C 4
staticfield org/eclipse/jdt/internal/compiler/codegen/ConstantPool BYTEVALUE_BYTE_METHOD_NAME [C 9
staticfield org/eclipse/jdt/internal/compiler/codegen/ConstantPool BYTEVALUE_BYTE_METHOD_SIGNATURE [C 3
staticfield org/eclipse/jdt/internal/compiler/codegen/ConstantPool charCharacterSignature [C 24
staticfield org/eclipse/jdt/internal/compiler/codegen/ConstantPool CharConstrSignature [C 4
staticfield org/eclipse/jdt/internal/compiler/codegen/ConstantPool CHARVALUE_CHARACTER_METHOD_NAME [C 9
staticfield org/eclipse/jdt/internal/compiler/codegen/ConstantPool CHARVALUE_CHARACTER_METHOD_SIGNATURE [C 3
staticfield org/eclipse/jdt/internal/compiler/codegen/ConstantPool Clinit [C 8
staticfield org/eclipse/jdt/internal/compiler/codegen/ConstantPool DefaultConstructorSignature [C 3
staticfield org/eclipse/jdt/internal/compiler/codegen/ConstantPool ClinitSignature [C 3
staticfield org/eclipse/jdt/internal/compiler/codegen/ConstantPool Close [C 5
staticfield org/eclipse/jdt/internal/compiler/codegen/ConstantPool CloseSignature [C 3
staticfield org/eclipse/jdt/internal/compiler/codegen/ConstantPool DesiredAssertionStatus [C 22
staticfield org/eclipse/jdt/internal/compiler/codegen/ConstantPool DesiredAssertionStatusSignature [C 3
staticfield org/eclipse/jdt/internal/compiler/codegen/ConstantPool DoubleConstrSignature [C 4
staticfield org/eclipse/jdt/internal/compiler/codegen/ConstantPool doubleDoubleSignature [C 21
staticfield org/eclipse/jdt/internal/compiler/codegen/ConstantPool DOUBLEVALUE_DOUBLE_METHOD_NAME [C 11
staticfield org/eclipse/jdt/internal/compiler/codegen/ConstantPool DOUBLEVALUE_DOUBLE_METHOD_SIGNATURE [C 3
staticfield org/eclipse/jdt/internal/compiler/codegen/ConstantPool EnumName [C 10
staticfield org/eclipse/jdt/internal/compiler/codegen/ConstantPool EnumOrdinal [C 13
staticfield org/eclipse/jdt/internal/compiler/codegen/ConstantPool Exit [C 4
staticfield org/eclipse/jdt/internal/compiler/codegen/ConstantPool ExitIntSignature [C 4
staticfield org/eclipse/jdt/internal/compiler/codegen/ConstantPool FloatConstrSignature [C 4
staticfield org/eclipse/jdt/internal/compiler/codegen/ConstantPool floatFloatSignature [C 20
staticfield org/eclipse/jdt/internal/compiler/codegen/ConstantPool FLOATVALUE_FLOAT_METHOD_NAME [C 10
staticfield org/eclipse/jdt/internal/compiler/codegen/ConstantPool FLOATVALUE_FLOAT_METHOD_SIGNATURE [C 3
staticfield org/eclipse/jdt/internal/compiler/codegen/ConstantPool ForName [C 7
staticfield org/eclipse/jdt/internal/compiler/codegen/ConstantPool ForNameSignature [C 37
staticfield org/eclipse/jdt/internal/compiler/codegen/ConstantPool GET_BOOLEAN_METHOD_NAME [C 10
staticfield org/eclipse/jdt/internal/compiler/codegen/ConstantPool GET_BOOLEAN_METHOD_SIGNATURE [C 21
staticfield org/eclipse/jdt/internal/compiler/codegen/ConstantPool GET_BYTE_METHOD_NAME [C 7
staticfield org/eclipse/jdt/internal/compiler/codegen/ConstantPool GET_BYTE_METHOD_SIGNATURE [C 21
staticfield org/eclipse/jdt/internal/compiler/codegen/ConstantPool GET_CHAR_METHOD_NAME [C 7
staticfield org/eclipse/jdt/internal/compiler/codegen/ConstantPool GET_CHAR_METHOD_SIGNATURE [C 21
staticfield org/eclipse/jdt/internal/compiler/codegen/ConstantPool GET_DOUBLE_METHOD_NAME [C 9
staticfield org/eclipse/jdt/internal/compiler/codegen/ConstantPool GET_DOUBLE_METHOD_SIGNATURE [C 21
staticfield org/eclipse/jdt/internal/compiler/codegen/ConstantPool GET_FLOAT_METHOD_NAME [C 8
staticfield org/eclipse/jdt/internal/compiler/codegen/ConstantPool GET_FLOAT_METHOD_SIGNATURE [C 21
staticfield org/eclipse/jdt/internal/compiler/codegen/ConstantPool GET_INT_METHOD_NAME [C 6
staticfield org/eclipse/jdt/internal/compiler/codegen/ConstantPool GET_INT_METHOD_SIGNATURE [C 21
staticfield org/eclipse/jdt/internal/compiler/codegen/ConstantPool GET_LONG_METHOD_NAME [C 7
staticfield org/eclipse/jdt/internal/compiler/codegen/ConstantPool GET_LONG_METHOD_SIGNATURE [C 21
staticfield org/eclipse/jdt/internal/compiler/codegen/ConstantPool GET_OBJECT_METHOD_NAME [C 3
staticfield org/eclipse/jdt/internal/compiler/codegen/ConstantPool GET_OBJECT_METHOD_SIGNATURE [C 38
staticfield org/eclipse/jdt/internal/compiler/codegen/ConstantPool GET_SHORT_METHOD_NAME [C 8
staticfield org/eclipse/jdt/internal/compiler/codegen/ConstantPool GET_SHORT_METHOD_SIGNATURE [C 21
staticfield org/eclipse/jdt/internal/compiler/codegen/ConstantPool GetClass [C 8
staticfield org/eclipse/jdt/internal/compiler/codegen/ConstantPool GetClassSignature [C 19
staticfield org/eclipse/jdt/internal/compiler/codegen/ConstantPool GetComponentType [C 16
staticfield org/eclipse/jdt/internal/compiler/codegen/ConstantPool GetComponentTypeSignature [C 19
staticfield org/eclipse/jdt/internal/compiler/codegen/ConstantPool GetConstructor [C 14
staticfield org/eclipse/jdt/internal/compiler/codegen/ConstantPool GetConstructorSignature [C 51
staticfield org/eclipse/jdt/internal/compiler/codegen/ConstantPool GETDECLAREDCONSTRUCTOR_NAME [C 22
staticfield org/eclipse/jdt/internal/compiler/codegen/ConstantPool GETDECLAREDCONSTRUCTOR_SIGNATURE [C 51
staticfield org/eclipse/jdt/internal/compiler/codegen/ConstantPool GETDECLAREDFIELD_NAME [C 16
staticfield org/eclipse/jdt/internal/compiler/codegen/ConstantPool GETDECLAREDFIELD_SIGNATURE [C 45
staticfield org/eclipse/jdt/internal/compiler/codegen/ConstantPool GETDECLAREDMETHOD_NAME [C 17
staticfield org/eclipse/jdt/internal/compiler/codegen/ConstantPool GETDECLAREDMETHOD_SIGNATURE [C 64
staticfield org/eclipse/jdt/internal/compiler/codegen/ConstantPool GetMessage [C 10
staticfield org/eclipse/jdt/internal/compiler/codegen/ConstantPool GetMessageSignature [C 20
staticfield org/eclipse/jdt/internal/compiler/codegen/ConstantPool HasNext [C 7
staticfield org/eclipse/jdt/internal/compiler/codegen/ConstantPool HasNextSignature [C 3
staticfield org/eclipse/jdt/internal/compiler/codegen/ConstantPool Init [C 6
staticfield org/eclipse/jdt/internal/compiler/codegen/ConstantPool IntConstrSignature [C 4
staticfield org/eclipse/jdt/internal/compiler/codegen/ConstantPool ITERATOR_NAME [C 8
staticfield org/eclipse/jdt/internal/compiler/codegen/ConstantPool ITERATOR_SIGNATURE [C 22
staticfield org/eclipse/jdt/internal/compiler/codegen/ConstantPool Intern [C 6
staticfield org/eclipse/jdt/internal/compiler/codegen/ConstantPool InternSignature [C 20
staticfield org/eclipse/jdt/internal/compiler/codegen/ConstantPool IntIntegerSignature [C 22
staticfield org/eclipse/jdt/internal/compiler/codegen/ConstantPool INTVALUE_INTEGER_METHOD_NAME [C 8
staticfield org/eclipse/jdt/internal/compiler/codegen/ConstantPool INTVALUE_INTEGER_METHOD_SIGNATURE [C 3
staticfield org/eclipse/jdt/internal/compiler/codegen/ConstantPool INVOKE_METHOD_METHOD_NAME [C 6
staticfield org/eclipse/jdt/internal/compiler/codegen/ConstantPool INVOKE_METHOD_METHOD_SIGNATURE [C 57
staticfield org/eclipse/jdt/internal/compiler/codegen/ConstantPool JAVA_LANG_REFLECT_ACCESSIBLEOBJECT [[C 4 [[C
staticfield org/eclipse/jdt/internal/compiler/codegen/ConstantPool JAVA_LANG_REFLECT_ARRAY [[C 4 [[C
staticfield org/eclipse/jdt/internal/compiler/codegen/ConstantPool IllegalArgumentExceptionConstructorSignature [C 21
staticfield org/eclipse/jdt/internal/compiler/codegen/ConstantPool JavaIoPrintStreamSignature [C 21
staticfield org/eclipse/jdt/internal/compiler/codegen/ConstantPool JavaLangAssertionErrorConstantPoolName [C 24
staticfield org/eclipse/jdt/internal/compiler/codegen/ConstantPool JavaLangBooleanConstantPoolName [C 17
staticfield org/eclipse/jdt/internal/compiler/codegen/ConstantPool JavaLangBooleanSignature [C 19
staticfield org/eclipse/jdt/internal/compiler/codegen/ConstantPool JavaLangByteConstantPoolName [C 14
staticfield org/eclipse/jdt/internal/compiler/codegen/ConstantPool JavaLangCharacterConstantPoolName [C 19
staticfield org/eclipse/jdt/internal/compiler/codegen/ConstantPool JavaLangClassConstantPoolName [C 15
staticfield org/eclipse/jdt/internal/compiler/codegen/ConstantPool JavaLangClassNotFoundExceptionConstantPoolName [C 32
staticfield org/eclipse/jdt/internal/compiler/codegen/ConstantPool JavaLangClassSignature [C 17
staticfield org/eclipse/jdt/internal/compiler/codegen/ConstantPool JavaLangDoubleConstantPoolName [C 16
staticfield org/eclipse/jdt/internal/compiler/codegen/ConstantPool JavaLangEnumConstantPoolName [C 14
staticfield org/eclipse/jdt/internal/compiler/codegen/ConstantPool JavaLangErrorConstantPoolName [C 15
staticfield org/eclipse/jdt/internal/compiler/codegen/ConstantPool JavaLangIncompatibleClassChangeErrorConstantPoolName [C 38
staticfield org/eclipse/jdt/internal/compiler/codegen/ConstantPool JavaLangMatchExceptionConstantPoolName [C 24
staticfield org/eclipse/jdt/internal/compiler/codegen/ConstantPool JavaLangMatchExceptionNewInstanceSignature [C 42
staticfield org/eclipse/jdt/internal/compiler/codegen/ConstantPool JavaLangExceptionConstantPoolName [C 19
staticfield org/eclipse/jdt/internal/compiler/codegen/ConstantPool JavaLangFloatConstantPoolName [C 15
staticfield org/eclipse/jdt/internal/compiler/codegen/ConstantPool JavaLangIntegerConstantPoolName [C 17
staticfield org/eclipse/jdt/internal/compiler/codegen/ConstantPool JavaLangLongConstantPoolName [C 14
staticfield org/eclipse/jdt/internal/compiler/codegen/ConstantPool JavaLangNoClassDefFoundErrorConstantPoolName [C 30
staticfield org/eclipse/jdt/internal/compiler/codegen/ConstantPool JavaLangNoSuchFieldErrorConstantPoolName [C 26
staticfield org/eclipse/jdt/internal/compiler/codegen/ConstantPool JavaLangObjectConstantPoolName [C 16
staticfield org/eclipse/jdt/internal/compiler/codegen/ConstantPool JAVALANGREFLECTACCESSIBLEOBJECT_CONSTANTPOOLNAME [C 34
staticfield org/eclipse/jdt/internal/compiler/codegen/ConstantPool JAVALANGREFLECTARRAY_CONSTANTPOOLNAME [C 23
staticfield org/eclipse/jdt/internal/compiler/codegen/ConstantPool JavaLangReflectConstructorConstantPoolName [C 29
staticfield org/eclipse/jdt/internal/compiler/codegen/ConstantPool JavaLangReflectConstructorNewInstanceSignature [C 39
staticfield org/eclipse/jdt/internal/compiler/codegen/ConstantPool JAVALANGREFLECTFIELD_CONSTANTPOOLNAME [C 23
staticfield org/eclipse/jdt/internal/compiler/codegen/ConstantPool JAVALANGREFLECTMETHOD_CONSTANTPOOLNAME [C 24
staticfield org/eclipse/jdt/internal/compiler/codegen/ConstantPool JavaLangShortConstantPoolName [C 15
staticfield org/eclipse/jdt/internal/compiler/codegen/ConstantPool JavaLangStringBufferConstantPoolName [C 22
staticfield org/eclipse/jdt/internal/compiler/codegen/ConstantPool JavaLangStringBuilderConstantPoolName [C 23
staticfield org/eclipse/jdt/internal/compiler/codegen/ConstantPool JavaLangStringConstantPoolName [C 16
staticfield org/eclipse/jdt/internal/compiler/codegen/ConstantPool JavaLangStringSignature [C 18
staticfield org/eclipse/jdt/internal/compiler/codegen/ConstantPool JavaLangObjectSignature [C 18
staticfield org/eclipse/jdt/internal/compiler/codegen/ConstantPool JavaLangSystemConstantPoolName [C 16
staticfield org/eclipse/jdt/internal/compiler/codegen/ConstantPool JavaLangThrowableConstantPoolName [C 19
staticfield org/eclipse/jdt/internal/compiler/codegen/ConstantPool JavaLangIllegalArgumentExceptionConstantPoolName [C 34
staticfield org/eclipse/jdt/internal/compiler/codegen/ConstantPool JavaLangVoidConstantPoolName [C 14
staticfield org/eclipse/jdt/internal/compiler/codegen/ConstantPool JavaUtilIteratorConstantPoolName [C 18
staticfield org/eclipse/jdt/internal/compiler/codegen/ConstantPool JavaUtilObjectsConstantPoolName [C 17
staticfield org/eclipse/jdt/internal/compiler/codegen/ConstantPool LongConstrSignature [C 4
staticfield org/eclipse/jdt/internal/compiler/codegen/ConstantPool longLongSignature [C 19
staticfield org/eclipse/jdt/internal/compiler/codegen/ConstantPool LONGVALUE_LONG_METHOD_NAME [C 9
staticfield org/eclipse/jdt/internal/compiler/codegen/ConstantPool LONGVALUE_LONG_METHOD_SIGNATURE [C 3
staticfield org/eclipse/jdt/internal/compiler/codegen/ConstantPool Name [C 4
staticfield org/eclipse/jdt/internal/compiler/codegen/ConstantPool NewInstance [C 11
staticfield org/eclipse/jdt/internal/compiler/codegen/ConstantPool NewInstanceSignature [C 39
staticfield org/eclipse/jdt/internal/compiler/codegen/ConstantPool Next [C 4
staticfield org/eclipse/jdt/internal/compiler/codegen/ConstantPool NextSignature [C 20
staticfield org/eclipse/jdt/internal/compiler/codegen/ConstantPool ObjectConstrSignature [C 21
staticfield org/eclipse/jdt/internal/compiler/codegen/ConstantPool ObjectSignature [C 18
staticfield org/eclipse/jdt/internal/compiler/codegen/ConstantPool Ordinal [C 7
staticfield org/eclipse/jdt/internal/compiler/codegen/ConstantPool OrdinalSignature [C 3
staticfield org/eclipse/jdt/internal/compiler/codegen/ConstantPool Out [C 3
staticfield org/eclipse/jdt/internal/compiler/codegen/ConstantPool RequireNonNull [C 14
staticfield org/eclipse/jdt/internal/compiler/codegen/ConstantPool RequireNonNullSignature [C 38
staticfield org/eclipse/jdt/internal/compiler/codegen/ConstantPool SET_BOOLEAN_METHOD_NAME [C 10
staticfield org/eclipse/jdt/internal/compiler/codegen/ConstantPool SET_BOOLEAN_METHOD_SIGNATURE [C 22
staticfield org/eclipse/jdt/internal/compiler/codegen/ConstantPool SET_BYTE_METHOD_NAME [C 7
staticfield org/eclipse/jdt/internal/compiler/codegen/ConstantPool SET_BYTE_METHOD_SIGNATURE [C 22
staticfield org/eclipse/jdt/internal/compiler/codegen/ConstantPool SET_CHAR_METHOD_NAME [C 7
staticfield org/eclipse/jdt/internal/compiler/codegen/ConstantPool SET_CHAR_METHOD_SIGNATURE [C 22
staticfield org/eclipse/jdt/internal/compiler/codegen/ConstantPool SET_DOUBLE_METHOD_NAME [C 9
staticfield org/eclipse/jdt/internal/compiler/codegen/ConstantPool SET_DOUBLE_METHOD_SIGNATURE [C 22
staticfield org/eclipse/jdt/internal/compiler/codegen/ConstantPool SET_FLOAT_METHOD_NAME [C 8
staticfield org/eclipse/jdt/internal/compiler/codegen/ConstantPool SET_FLOAT_METHOD_SIGNATURE [C 22
staticfield org/eclipse/jdt/internal/compiler/codegen/ConstantPool SET_INT_METHOD_NAME [C 6
staticfield org/eclipse/jdt/internal/compiler/codegen/ConstantPool SET_INT_METHOD_SIGNATURE [C 22
staticfield org/eclipse/jdt/internal/compiler/codegen/ConstantPool SET_LONG_METHOD_NAME [C 7
staticfield org/eclipse/jdt/internal/compiler/codegen/ConstantPool SET_LONG_METHOD_SIGNATURE [C 22
staticfield org/eclipse/jdt/internal/compiler/codegen/ConstantPool SET_OBJECT_METHOD_NAME [C 3
staticfield org/eclipse/jdt/internal/compiler/codegen/ConstantPool SET_OBJECT_METHOD_SIGNATURE [C 39
staticfield org/eclipse/jdt/internal/compiler/codegen/ConstantPool SET_SHORT_METHOD_NAME [C 8
staticfield org/eclipse/jdt/internal/compiler/codegen/ConstantPool SET_SHORT_METHOD_SIGNATURE [C 22
staticfield org/eclipse/jdt/internal/compiler/codegen/ConstantPool SETACCESSIBLE_NAME [C 13
staticfield org/eclipse/jdt/internal/compiler/codegen/ConstantPool SETACCESSIBLE_SIGNATURE [C 4
staticfield org/eclipse/jdt/internal/compiler/codegen/ConstantPool ShortConstrSignature [C 4
staticfield org/eclipse/jdt/internal/compiler/codegen/ConstantPool shortShortSignature [C 20
staticfield org/eclipse/jdt/internal/compiler/codegen/ConstantPool SHORTVALUE_SHORT_METHOD_NAME [C 10
staticfield org/eclipse/jdt/internal/compiler/codegen/ConstantPool SHORTVALUE_SHORT_METHOD_SIGNATURE [C 3
staticfield org/eclipse/jdt/internal/compiler/codegen/ConstantPool StringBufferAppendBooleanSignature [C 27
staticfield org/eclipse/jdt/internal/compiler/codegen/ConstantPool StringBufferAppendCharSignature [C 27
staticfield org/eclipse/jdt/internal/compiler/codegen/ConstantPool StringBufferAppendDoubleSignature [C 27
staticfield org/eclipse/jdt/internal/compiler/codegen/ConstantPool StringBufferAppendFloatSignature [C 27
staticfield org/eclipse/jdt/internal/compiler/codegen/ConstantPool StringBufferAppendIntSignature [C 27
staticfield org/eclipse/jdt/internal/compiler/codegen/ConstantPool StringBufferAppendLongSignature [C 27
staticfield org/eclipse/jdt/internal/compiler/codegen/ConstantPool StringBufferAppendObjectSignature [C 44
staticfield org/eclipse/jdt/internal/compiler/codegen/ConstantPool StringBufferAppendStringSignature [C 44
staticfield org/eclipse/jdt/internal/compiler/codegen/ConstantPool StringBuilderAppendBooleanSignature [C 28
staticfield org/eclipse/jdt/internal/compiler/codegen/ConstantPool StringBuilderAppendCharSignature [C 28
staticfield org/eclipse/jdt/internal/compiler/codegen/ConstantPool StringBuilderAppendDoubleSignature [C 28
staticfield org/eclipse/jdt/internal/compiler/codegen/ConstantPool StringBuilderAppendFloatSignature [C 28
staticfield org/eclipse/jdt/internal/compiler/codegen/ConstantPool StringBuilderAppendIntSignature [C 28
staticfield org/eclipse/jdt/internal/compiler/codegen/ConstantPool StringBuilderAppendLongSignature [C 28
staticfield org/eclipse/jdt/internal/compiler/codegen/ConstantPool StringBuilderAppendObjectSignature [C 45
staticfield org/eclipse/jdt/internal/compiler/codegen/ConstantPool StringBuilderAppendStringSignature [C 45
staticfield org/eclipse/jdt/internal/compiler/codegen/ConstantPool StringConstructorSignature [C 21
staticfield org/eclipse/jdt/internal/compiler/codegen/ConstantPool This [C 4
staticfield org/eclipse/jdt/internal/compiler/codegen/ConstantPool ToString [C 8
staticfield org/eclipse/jdt/internal/compiler/codegen/ConstantPool ToStringSignature [C 20
staticfield org/eclipse/jdt/internal/compiler/codegen/ConstantPool TYPE [C 4
staticfield org/eclipse/jdt/internal/compiler/codegen/ConstantPool ValueOf [C 7
staticfield org/eclipse/jdt/internal/compiler/codegen/ConstantPool ValueOfBooleanSignature [C 21
staticfield org/eclipse/jdt/internal/compiler/codegen/ConstantPool ValueOfCharSignature [C 21
staticfield org/eclipse/jdt/internal/compiler/codegen/ConstantPool ValueOfDoubleSignature [C 21
staticfield org/eclipse/jdt/internal/compiler/codegen/ConstantPool ValueOfFloatSignature [C 21
staticfield org/eclipse/jdt/internal/compiler/codegen/ConstantPool ValueOfIntSignature [C 21
staticfield org/eclipse/jdt/internal/compiler/codegen/ConstantPool ValueOfLongSignature [C 21
staticfield org/eclipse/jdt/internal/compiler/codegen/ConstantPool ValueOfObjectSignature [C 38
staticfield org/eclipse/jdt/internal/compiler/codegen/ConstantPool ValueOfStringClassSignature [C 53
staticfield org/eclipse/jdt/internal/compiler/codegen/ConstantPool JAVA_LANG_ANNOTATION_DOCUMENTED [C 33
staticfield org/eclipse/jdt/internal/compiler/codegen/ConstantPool JAVA_LANG_ANNOTATION_ELEMENTTYPE [C 34
staticfield org/eclipse/jdt/internal/compiler/codegen/ConstantPool JAVA_LANG_ANNOTATION_RETENTION [C 32
staticfield org/eclipse/jdt/internal/compiler/codegen/ConstantPool JAVA_LANG_ANNOTATION_RETENTIONPOLICY [C 38
staticfield org/eclipse/jdt/internal/compiler/codegen/ConstantPool JAVA_LANG_ANNOTATION_TARGET [C 29
staticfield org/eclipse/jdt/internal/compiler/codegen/ConstantPool JAVA_LANG_DEPRECATED [C 22
staticfield org/eclipse/jdt/internal/compiler/codegen/ConstantPool JAVA_LANG_ANNOTATION_INHERITED [C 32
staticfield org/eclipse/jdt/internal/compiler/codegen/ConstantPool JAVA_LANG_SAFEVARARGS [C 23
staticfield org/eclipse/jdt/internal/compiler/codegen/ConstantPool JAVA_LANG_INVOKE_METHODHANDLE_POLYMORPHICSIGNATURE [C 52
staticfield org/eclipse/jdt/internal/compiler/codegen/ConstantPool METAFACTORY [C 11
staticfield org/eclipse/jdt/internal/compiler/codegen/ConstantPool JAVA_LANG_INVOKE_LAMBDAMETAFACTORY_METAFACTORY_SIGNATURE [C 204
staticfield org/eclipse/jdt/internal/compiler/codegen/ConstantPool ALTMETAFACTORY [C 14
staticfield org/eclipse/jdt/internal/compiler/codegen/ConstantPool JAVA_LANG_INVOKE_LAMBDAMETAFACTORY_ALTMETAFACTORY_SIGNATURE [C 134
staticfield org/eclipse/jdt/internal/compiler/codegen/ConstantPool JavaLangInvokeSerializedLambda [C 35
staticfield org/eclipse/jdt/internal/compiler/codegen/ConstantPool JavaLangInvokeSerializedLambdaConstantPoolName [C 33
staticfield org/eclipse/jdt/internal/compiler/codegen/ConstantPool GetImplMethodName [C 17
staticfield org/eclipse/jdt/internal/compiler/codegen/ConstantPool GetImplMethodNameSignature [C 20
staticfield org/eclipse/jdt/internal/compiler/codegen/ConstantPool GetImplMethodKind [C 17
staticfield org/eclipse/jdt/internal/compiler/codegen/ConstantPool GetImplMethodKindSignature [C 3
staticfield org/eclipse/jdt/internal/compiler/codegen/ConstantPool GetFunctionalInterfaceClass [C 27
staticfield org/eclipse/jdt/internal/compiler/codegen/ConstantPool GetFunctionalInterfaceClassSignature [C 20
staticfield org/eclipse/jdt/internal/compiler/codegen/ConstantPool GetFunctionalInterfaceMethodName [C 32
staticfield org/eclipse/jdt/internal/compiler/codegen/ConstantPool GetFunctionalInterfaceMethodNameSignature [C 20
staticfield org/eclipse/jdt/internal/compiler/codegen/ConstantPool GetFunctionalInterfaceMethodSignature [C 37
staticfield org/eclipse/jdt/internal/compiler/codegen/ConstantPool GetFunctionalInterfaceMethodSignatureSignature [C 20
staticfield org/eclipse/jdt/internal/compiler/codegen/ConstantPool GetImplClass [C 12
staticfield org/eclipse/jdt/internal/compiler/codegen/ConstantPool GetImplClassSignature [C 20
staticfield org/eclipse/jdt/internal/compiler/codegen/ConstantPool GetImplMethodSignature [C 22
staticfield org/eclipse/jdt/internal/compiler/codegen/ConstantPool GetImplMethodSignatureSignature [C 20
staticfield org/eclipse/jdt/internal/compiler/codegen/ConstantPool GetCapturedArg [C 14
staticfield org/eclipse/jdt/internal/compiler/codegen/ConstantPool GetCapturedArgSignature [C 21
staticfield org/eclipse/jdt/internal/compiler/codegen/ConstantPool JAVA_LANG_ANNOTATION_REPEATABLE [C 33
staticfield org/eclipse/jdt/internal/compiler/codegen/ConstantPool HashCode [C 8
staticfield org/eclipse/jdt/internal/compiler/codegen/ConstantPool HashCodeSignature [C 3
staticfield org/eclipse/jdt/internal/compiler/codegen/ConstantPool Equals [C 6
staticfield org/eclipse/jdt/internal/compiler/codegen/ConstantPool EqualsSignature [C 21
staticfield org/eclipse/jdt/internal/compiler/codegen/ConstantPool AddSuppressed [C 13
staticfield org/eclipse/jdt/internal/compiler/codegen/ConstantPool AddSuppressedSignature [C 24
staticfield org/eclipse/jdt/internal/compiler/codegen/ConstantPool Clone [C 5
staticfield org/eclipse/jdt/internal/compiler/codegen/ConstantPool CloneSignature [C 20
staticfield org/eclipse/jdt/internal/compiler/codegen/ConstantPool BOOTSTRAP [C 9
staticfield org/eclipse/jdt/internal/compiler/codegen/ConstantPool JAVA_LANG_RUNTIME_OBJECTMETHOD_BOOTSTRAP_SIGNATURE [C 177
staticfield org/eclipse/jdt/internal/compiler/codegen/ConstantPool PREVIEW_FEATURE [C 35
staticfield org/eclipse/jdt/internal/compiler/codegen/ConstantPool REFLECTIVE [C 10
staticfield org/eclipse/jdt/internal/compiler/codegen/ConstantPool PREVIEW_FEATURE_JEP [C 39
staticfield org/eclipse/jdt/internal/compiler/codegen/ConstantPool TITLE [C 5
staticfield org/eclipse/jdt/internal/compiler/codegen/ConstantPool TYPESWITCH [C 10
staticfield org/eclipse/jdt/internal/compiler/codegen/ConstantPool ENUMSWITCH [C 10
staticfield org/eclipse/jdt/internal/compiler/codegen/ConstantPool JAVA_LANG_RUNTIME_SWITCHBOOTSTRAPS_SWITCH_SIGNATURE [C 134
staticfield org/eclipse/jdt/internal/compiler/codegen/ConstantPool ConcatWithConstants [C 23
staticfield org/eclipse/jdt/internal/compiler/codegen/ConstantPool JAVA_LANG_INVOKE_STRING_CONCAT_FACTORY_SIGNATURE [C 152
staticfield org/eclipse/jdt/internal/compiler/codegen/ConstantPool JAVA_LANG_ENUM_ENUMDESC [C 25
staticfield org/eclipse/jdt/internal/compiler/codegen/ConstantPool JAVA_LANG_CONST_CLASSDESC [C 30
staticfield org/eclipse/jdt/internal/compiler/codegen/ConstantPool JAVA_LANG_INVOKE_CONSTANTBOOTSTRAP_SIGNATURE [C 144
staticfield org/eclipse/jdt/internal/compiler/codegen/ConstantPool JAVA_LANG_ENUMDESC_OF_SIGNATURE [C 75
staticfield org/eclipse/jdt/internal/compiler/codegen/ConstantPool JAVA_LANG_CLASSDESC_OF_SIGNATURE [C 50
staticfield org/eclipse/jdt/internal/compiler/codegen/ConstantPool JAVA_LANG_RUNTIME_STRING_TEMPLATE_SIGNATURE [C 134
staticfield org/eclipse/jdt/internal/compiler/codegen/ConstantPool PROCESS [C 7
staticfield org/eclipse/jdt/internal/compiler/codegen/ConstantPool JAVA_LANG_RUNTIME_EXACTCONVERSIONSSUPPORT [C 41
staticfield org/eclipse/jdt/internal/compiler/codegen/ConstantPool isIntToFloatExact [C 17
staticfield org/eclipse/jdt/internal/compiler/codegen/ConstantPool isIntToFloatExactSignature [C 4
staticfield org/eclipse/jdt/internal/compiler/codegen/ConstantPool isLongToFloatExact [C 18
staticfield org/eclipse/jdt/internal/compiler/codegen/ConstantPool isLongToFloatExactSignature [C 4
staticfield org/eclipse/jdt/internal/compiler/codegen/ConstantPool isLongToDoubleExact [C 19
staticfield org/eclipse/jdt/internal/compiler/codegen/ConstantPool isLongToDoubleExactSignature [C 4
staticfield org/eclipse/jdt/internal/compiler/codegen/ConstantPool isFloatToDoubleExact [C 20
staticfield org/eclipse/jdt/internal/compiler/codegen/ConstantPool isFloatToDoubleExactSignature [C 4
staticfield org/eclipse/jdt/internal/compiler/codegen/ConstantPool isDoubleToByteExact [C 19
staticfield org/eclipse/jdt/internal/compiler/codegen/ConstantPool isDoubleToByteExactSignature [C 4
staticfield org/eclipse/jdt/internal/compiler/codegen/ConstantPool isDoubleToShortExact [C 20
staticfield org/eclipse/jdt/internal/compiler/codegen/ConstantPool isDoubleToShortExactSignature [C 4
staticfield org/eclipse/jdt/internal/compiler/codegen/ConstantPool isDoubleToCharExact [C 19
staticfield org/eclipse/jdt/internal/compiler/codegen/ConstantPool isDoubleToCharExactSignature [C 4
staticfield org/eclipse/jdt/internal/compiler/codegen/ConstantPool isDoubleToIntExact [C 18
staticfield org/eclipse/jdt/internal/compiler/codegen/ConstantPool isDoubleToIntExactSignature [C 4
staticfield org/eclipse/jdt/internal/compiler/codegen/ConstantPool isDoubleToLongExact [C 19
staticfield org/eclipse/jdt/internal/compiler/codegen/ConstantPool isDoubleToLongExactSignature [C 4
staticfield org/eclipse/jdt/internal/compiler/codegen/ConstantPool isDoubleToFloatExact [C 20
staticfield org/eclipse/jdt/internal/compiler/codegen/ConstantPool isDoubleToFloatExactSignature [C 4
staticfield org/eclipse/jdt/internal/compiler/codegen/ConstantPool isFloatToByteExact [C 18
staticfield org/eclipse/jdt/internal/compiler/codegen/ConstantPool isFloatToByteExactSignature [C 4
staticfield org/eclipse/jdt/internal/compiler/codegen/ConstantPool isFloatToShortExact [C 19
staticfield org/eclipse/jdt/internal/compiler/codegen/ConstantPool isFloatToShortExactSignature [C 4
staticfield org/eclipse/jdt/internal/compiler/codegen/ConstantPool isFloatToCharExact [C 18
staticfield org/eclipse/jdt/internal/compiler/codegen/ConstantPool isFloatToCharExactSignature [C 4
staticfield org/eclipse/jdt/internal/compiler/codegen/ConstantPool isFloatToIntExact [C 17
staticfield org/eclipse/jdt/internal/compiler/codegen/ConstantPool isFloatToIntExactSignature [C 4
staticfield org/eclipse/jdt/internal/compiler/codegen/ConstantPool isFloatToLongExact [C 18
staticfield org/eclipse/jdt/internal/compiler/codegen/ConstantPool isFloatToLongExactSignature [C 4
staticfield org/eclipse/jdt/internal/compiler/codegen/ConstantPool isLongToByteExact [C 17
staticfield org/eclipse/jdt/internal/compiler/codegen/ConstantPool isLongToByteExactSignature [C 4
staticfield org/eclipse/jdt/internal/compiler/codegen/ConstantPool isLongToShortExact [C 18
staticfield org/eclipse/jdt/internal/compiler/codegen/ConstantPool isLongToShortExactSignature [C 4
staticfield org/eclipse/jdt/internal/compiler/codegen/ConstantPool isLongToCharExact [C 17
staticfield org/eclipse/jdt/internal/compiler/codegen/ConstantPool isLongToCharExactSignature [C 4
staticfield org/eclipse/jdt/internal/compiler/codegen/ConstantPool isLongToIntExact [C 16
staticfield org/eclipse/jdt/internal/compiler/codegen/ConstantPool isLongToIntExactSignature [C 4
staticfield org/eclipse/jdt/internal/compiler/codegen/ConstantPool isIntToByteExact [C 16
staticfield org/eclipse/jdt/internal/compiler/codegen/ConstantPool isIntToByteExactSignature [C 4
staticfield org/eclipse/jdt/internal/compiler/codegen/ConstantPool isIntToShortExact [C 17
staticfield org/eclipse/jdt/internal/compiler/codegen/ConstantPool isIntToShortExactSignature [C 4
staticfield org/eclipse/jdt/internal/compiler/codegen/ConstantPool isIntToCharExact [C 16
staticfield org/eclipse/jdt/internal/compiler/codegen/ConstantPool isIntToCharExactSignature [C 4
staticfield org/eclipse/jdt/internal/compiler/codegen/ConstantPool $assertionsDisabled Z 1
ciInstanceKlass org/eclipse/jdt/internal/compiler/lookup/ProblemReasons 1 0 77 100 1 100 1 1 1 1 3 1 3 1 3 1 3 1 3 1 3 1 3 1 3 1 3 1 3 1 3 1 3 1 3 1 3 1 3 1 3 1 3 1 3 1 3 1 3 1 3 1 3 1 3 1 3 1 3 1 3 1 3 1 3 1 3 1 1 1 1 1 3 1 3 1 3 1 1
ciInstanceKlass org/eclipse/jdt/internal/compiler/lookup/ModuleBinding$UnNamedModule 1 1 161 7 1 7 1 1 1 1 1 1 8 1 10 7 1 12 1 1 9 12 1 1 1 1 10 12 1 1 1 1 1 1 9 7 1 12 1 1 1 1 1 1 1 1 7 1 9 12 1 1 11 100 1 12 1 1 11 100 1 12 1 1 7 1 10 12 11 12 1 1 9 12 1 10 12 1 1 1 1 1 1 1 10 12 1 10 12 1 1 1 1 1 10 12 9 12 1 9 7 1 12 1 1 9 12 1 1 7 1 10 7 1 12 1 1 10 12 1 11 12 1 1 9 12 1 10 12 1 1 10 12 1 1 1 1 1 1 1 1 1 1 100 1 1 9 12 1 1 9 12 1 1 1 1 8 1 1 1 1 1 1
staticfield org/eclipse/jdt/internal/compiler/lookup/ModuleBinding$UnNamedModule UNNAMED_READABLE_NAME [C 9
ciInstanceKlass org/eclipse/jdt/internal/compiler/lookup/LookupEnvironment 1 1 1989 7 1 7 1 100 1 7 1 1 1 1 1 1 1 1 1 1 1 1 1 1 1 1 1 1 1 1 1 1 1 1 1 1 1 1 1 1 1 1 1 1 1 1 1 1 1 1 1 1 1 1 1 1 1 1 1 1 1 1 1 1 1 1 1 1 1 1 1 1 1 1 1 1 1 1 1 1 1 1 1 1 1 1 1 1 1 1 1 1 1 1 1 1 1 1 1 1 1 1 1 10 7 1 12 1 1 9 12 7 1 9 7 1 12 1 1 10 12 1 1 9 12 7 1 9 12 1 1 10 12 1 9 12 7 1 10 12 1 9 12 1 1 1 1 10 12 9 12 9 12 9 7 1 12 1 9 12 9 12 9 12 7 1 9 12 9 12 9 12 9 12 9 12 7 1 10 12 1 9 12 9 12 9 12 9 12 9 12 7 1 10 9 12 9 12 9 12 7 1 10 9 12 7 1 10 9 12 9 12 9 12 9 12 10 7 1 12 1 1 9 12 7 1 10 9 12 7 1 10 9 12 9 7 1 12 1 7 1 10 7 1 10 9 12 7 1 10 9 12 7 1 9 12 1 1 100 1 5 0 9 12 7 1 9 12 1 7 1 100 1 7 1 1 1 1 1 10 12 9 12 1 9 12 1 10 12 1 1 10 12 1 11 12 1 11 12 1 1 1 1 1 1 1 1 100 1 8 1 10 12 1 10 12 1 1 18 12 1 1 10 12 1 1 11 12 1 1 9 7 1 12 10 12 1 9 12 1 10 12 1 1 10 12 1 1 10 12 1 1 11 12 1 10 7 1 12 1 1 7 1 9 9 12 1 10 12 1 10 12 1 1 11 12 1 10 12 1 10 12 1 1 11 12 1 7 1 9 10 12 1 1 10 12 1 1 1 1 1 1 1 1 1 1 1 1 1 1 100 100 7 1 1 10 12 1 18 12 1 9 12 11 12 1 10 12 1 1 10 12 1 1 10 12 1 1 10 12 1 10 12 1 1 9 12 1 10 12 1 1 9 12 1 10 100 1 12 1 100 1 1 1 1 1 1 1 100 100 1 9 12 1 10 12 1 1 9 1 1 1 10 12 1 1 11 7 1 12 1 10 12 1 1 10 12 1 9 12 1 1 1 1 1 1 1 1 1 1 1 7 1 10 12 1 1 10 12 1 7 1 10 12 1 1 10 12 1 11 12 1 9 7 1 12 1 1 10 8 1 8 1 18 12 1 1 10 100 1 12 1 1 100 1 1 1 1 100 1 1 1 10 7 1 12 1 9 1 1 1 1 1 1 9 12 1 1 9 100 1 7 1 10 12 1 100 1 10 12 1 10 12 1 1 9 12 1 10 12 1 10 12 1 10 12 1 10 12 1 10 12 1 1 1 1 1 1 1 1 100 1 1 1 10 12 1 1 1 11 100 1 12 1 10 12 1 1 10 12 1 1 1 1 1 10 12 10 12 1 1 10 12 1 1 9 12 10 12 1 1 1 100 1 1 10 12 9 12 1 10 12 1 1 1 1 10 12 1 1 10 12 1 1 1 1 1 9 12 1 1 1 1 100 100 1 1 9 7 1 12 1 9 12 1 1 9 12 1 9 12 1 9 12 1 9 12 1 9 12 1 9 12 1 9 12 1 9 12 1 10 12 1 10 12 1 9 12 1 9 12 1 9 12 1 9 12 1 9 12 1 9 12 1 9 12 1 10 12 1 10 12 1 1 100 1 10 12 1 1 1 9 12 9 12 1 1 10 12 1 1 10 12 1 9 12 1 11 12 1 1 10 12 1 11 7 1 12 1 1 11 12 1 10 12 1 1 10 12 1 1 9 12 1 100 1 5 0 10 12 1 1 10 10 12 1 10 12 1 1 10 12 1 10 12 1 1 10 12 1 1 10 12 1 1 9 12 1 11 7 1 12 1 1 11 7 1 12 1 10 12 1 1 11 12 1 1 1 1 1 1 1 1 1 1 1 1 1 10 12 1 10 12 1 10 12 1 10 12 10 12 1 1 10 12 1 1 10 12 1 1 1 1 1 1 1 100 1 1 1 10 12 1 10 12 1 100 1 100 1 10 12 1 10 12 1 10 10 12 1 1 10 12 1 10 7 1 10 12 10 12 1 1 1 1 1 1 1 1 1 1 1 10 1 1 1 1 100 1 10 12 1 1 10 7 1 12 1 1 10 12 10 12 1 1 1 1 1 1 7 1 10 12 1 10 12 1 1 1 10 12 1 1 1 1 10 12 1 100 1 10 10 100 1 12 1 1 10 12 1 1 1 9 10 12 1 9 10 12 1 10 12 1 10 12 1 1 10 12 1 1 10 12 1 1 1 1 1 1 1 7 1 10 12 1 9 9 12 1 10 12 10 12 1 10 1 1 1 1 10 12 1 1 10 12 1 1 10 12 1 10 10 10 12 1 10 12 1 10 12 1 1 10 12 1 1 7 1 11 12 1 1 1 1 1 11 7 1 12 7 1 9 7 1 12 1 9 12 1 9 100 1 11 12 1 10 12 1 1 1 1 1 1 1 1 1 1 1 1 100 1 1 10 12 1 1 1 10 12 1 1 9 12 9 12 1 9 12 9 12 1 10 12 1 10 12 1 9 12 1 10 12 1 1 1 1 1 1 1 7 1 1 9 12 1 100 1 9 12 1 10 12 1 100 1 9 12 1 1 9 100 1 12 1 10 12 1 10 12 1 1 10 12 1 1 9 10 100 1 12 1 1 10 12 1 1 1 1 1 1 1 1 1 1 1 1 10 12 1 1 1 9 9 12 10 12 1 10 12 1 1 1 1 9 12 100 1 10 12 1 1 1 1 1 1 1 10 12 1 1 9 12 1 9 12 1 10 12 1 10 12 1 1 10 12 100 1 10 10 12 1 10 1 1 1 1 10 12 1 1 1 10 12 1 1 9 12 10 12 1 1 5 0 5 0 1 1 1 1 1 1 1 1 1 10 12 1 1 10 12 10 12 1 1 10 12 1 1 10 12 1 1 10 12 1 1 10 12 1 1 1 1 1 1 1 10 12 1 1 10 12 1 1 1 1 1 1 1 1 1 1 1 100 1 10 12 1 1 7 1 9 12 1 10 12 1 1 9 12 1 9 12 10 7 1 12 1 1 9 12 9 12 1 1 10 12 1 9 12 1 9 12 1 1 1 1 100 1 1 10 9 12 1 10 12 1 1 9 12 1 9 12 1 9 12 1 10 10 12 1 1 1 1 10 10 12 1 1 1 9 12 10 12 9 12 1 10 12 1 1 1 1 1 9 12 9 12 1 10 12 1 1 1 1 1 1 1 9 12 1 1 9 12 1 1 9 12 1 1 9 12 10 12 1 1 9 12 10 12 1 1 1 10 12 1 1 10 7 1 12 1 1 9 12 1 1 9 12 1 9 12 1 10 12 1 1 1 1 1 100 1 10 12 1 18 12 1 10 12 1 1 1 1 1 1 1 1 9 12 1 9 10 12 100 1 5 0 10 12 1 1 1 1 1 9 12 9 12 9 12 1 10 12 9 12 1 1 10 100 1 12 1 10 12 1 11 9 12 1 100 1 9 12 1 10 12 1 1 11 12 1 1 1 9 12 1 10 12 10 12 10 12 10 12 1 1 5 0 9 12 1 1 1 1 100 1 1 10 12 9 12 1 10 12 1 9 12 1 10 12 10 12 10 12 1 10 12 1 1 9 12 10 12 1 1 1 1 11 12 1 1 10 12 10 12 10 12 1 1 1 1 10 12 1 11 7 1 12 1 1 10 12 1 1 9 7 1 12 1 9 12 18 12 1 11 12 1 1 1 1 1 1 1 1 1 1 1 1 1 10 12 1 9 10 12 1 1 1 1 10 12 1 10 12 1 10 12 9 12 1 10 12 1 1 1 100 1 10 12 1 1 11 12 1 1 10 12 1 1 11 12 1 1 9 12 1 1 10 12 1 1 10 12 100 1 10 10 12 1 1 1 100 10 12 1 10 10 12 1 1 11 12 1 10 12 1 1 1 1 1 1 1 1 1 10 12 1 9 7 1 12 1 10 12 1 10 12 1 1 9 12 10 12 1 10 12 1 1 9 12 9 12 1 10 12 10 12 10 10 12 10 12 1 10 12 1 1 1 1 1 1 1 1 1 1 1 1 1 1 1 11 12 1 10 12 1 10 12 1 10 12 1 9 1 1 1 9 12 10 12 1 7 1 10 1 1 10 12 1 1 1 1 1 1 100 1 10 12 10 10 9 12 1 100 1 3 1 1 10 12 1 1 1 1 10 12 1 1 1 10 12 1 1 10 12 1 1 1 1 1 11 100 1 12 1 1 1 100 1 1 1 10 12 9 12 1 10 12 1 10 10 12 1 1 1 1 1 1 11 12 1 1 1 10 12 1 1 1 1 1 10 7 1 12 1 1 15 16 10 12 15 1 16 16 10 12 15 16 10 100 1 12 1 15 8 1 8 1 16 10 12 15 16 1 100 1 100 1 1 1 1
staticfield org/eclipse/jdt/internal/compiler/lookup/LookupEnvironment TheNotFoundPackage Lorg/eclipse/jdt/internal/compiler/lookup/ProblemPackageBinding; org/eclipse/jdt/internal/compiler/lookup/ProblemPackageBinding
staticfield org/eclipse/jdt/internal/compiler/lookup/LookupEnvironment TheNotFoundType Lorg/eclipse/jdt/internal/compiler/lookup/ProblemReferenceBinding; org/eclipse/jdt/internal/compiler/lookup/ProblemReferenceBinding
staticfield org/eclipse/jdt/internal/compiler/lookup/LookupEnvironment TheNotFoundModule Lorg/eclipse/jdt/internal/compiler/lookup/ModuleBinding; org/eclipse/jdt/internal/compiler/lookup/ModuleBinding
staticfield org/eclipse/jdt/internal/compiler/lookup/LookupEnvironment $assertionsDisabled Z 1
instanceKlass org/eclipse/jdt/internal/compiler/lookup/AnnotatableTypeSystem
ciInstanceKlass org/eclipse/jdt/internal/compiler/lookup/TypeSystem 1 1 396 7 1 7 1 1 1 1 1 1 1 1 1 1 1 1 1 1 10 12 1 100 1 9 12 9 12 7 1 10 12 1 9 12 7 1 9 12 7 1 10 12 1 9 12 1 1 1 1 1 1 10 7 1 12 1 1 7 1 9 12 1 1 9 12 1 3 10 12 1 100 1 10 10 7 1 12 1 1 9 1 1 1 1 1 1 1 100 1 1 1 100 1 8 1 10 12 1 1 1 1 1 9 7 1 12 1 1 1 7 1 10 12 1 1 10 12 1 1 10 12 10 12 1 10 12 1 1 1 1 1 1 1 1 1 10 12 1 1 1 1 1 1 1 1 7 1 10 12 1 9 12 1 10 12 1 1 7 1 10 12 1 10 12 1 1 10 12 1 1 9 1 1 1 1 1 1 1 1 10 12 1 1 10 12 1 10 12 1 9 10 12 1 10 12 1 10 7 1 10 12 1 1 1 10 12 1 1 9 12 1 7 1 10 12 1 10 12 1 10 12 1 10 12 1 10 12 1 1 10 7 1 12 1 1 7 1 10 12 1 1 1 1 1 1 1 1 100 1 1 1 1 9 10 12 1 7 1 9 12 1 1 9 12 1 9 12 1 9 12 1 11 7 1 12 1 7 1 10 12 1 10 12 1 1 1 1 1 1 1 1 1 1 1 100 1 1 10 12 1 1 1 1 1 1 1 1 1 1 10 12 1 7 1 9 12 1 1 10 12 1 7 1 10 12 1 10 12 1 10 12 1 1 1 1 1 1 1 7 1 9 12 1 1 1 1 1 1 1 9 12 1 1 1 1 1 1 100 1 1 10 12 10 12 1 10 12 1 1 100 1 10 12 1 1 1 1 1 1 100 1 1 9 9 12 1 1 1 1 1 1 1 1 1 100 1
ciInstanceKlass org/eclipse/jdt/internal/compiler/lookup/UnresolvedReferenceBinding 1 1 255 7 1 7 1 7 1 1 1 1 1 1 1 1 1 1 1 10 12 1 9 12 1 1 9 12 1 1 9 12 1 1 9 12 9 12 9 12 10 12 1 1 1 1 1 1 10 12 1 9 12 1 1 10 12 10 12 10 12 1 1 1 1 1 1 11 12 1 1 10 7 1 12 1 1 1 1 1 1 1 1 1 1 1 1 10 12 1 1 1 10 100 1 12 1 1 1 1 1 1 1 1 1 10 12 10 12 1 9 12 1 1 10 7 1 12 1 1 10 7 1 12 1 1 7 1 9 12 1 1 10 12 1 1 10 12 1 10 12 1 1 10 12 1 1 9 12 1 1 100 1 5 0 9 12 1 1 9 12 1 1 9 12 1 9 12 1 1 9 12 1 1 10 100 1 12 1 1 10 12 1 1 10 12 1 1 10 12 1 1 1 1 100 10 12 1 1 100 10 12 1 1 9 12 1 1 9 100 1 12 1 10 12 1 1 1 1 1 10 12 1 10 12 1 18 12 1 1 10 12 1 8 1 18 100 1 1 1 1 10 100 1 12 1 15 8 1 8 1 1 100 1 100 1 1
instanceKlass org/eclipse/jdt/internal/compiler/lookup/MissingTypeBinding
ciInstanceKlass org/eclipse/jdt/internal/compiler/lookup/BinaryTypeBinding 1 1 1870 7 1 7 1 1 1 1 1 1 1 1 1 1 1 1 1 1 1 1 1 1 1 1 1 1 1 1 1 1 1 1 1 1 1 1 1 1 1 1 1 1 1 1 1 1 1 1 1 1 1 1 1 8 1 10 7 1 12 1 1 9 12 7 1 9 12 7 1 10 12 1 9 12 7 1 10 9 12 1 1 100 1 1 1 7 1 100 1 10 12 1 9 7 1 12 1 1 10 7 1 12 1 1 7 1 10 12 1 1 100 1 10 10 12 1 1 10 12 1 100 1 10 12 1 10 12 1 10 12 1 1 10 12 1 1 100 1 100 1 10 12 100 1 10 1 1 1 1 1 1 1 1 1 1 1 1 1 1 100 1 1 10 12 1 9 12 9 12 1 1 100 1 5 0 5 0 5 0 1 1 1 1 7 1 9 12 1 1 8 1 10 12 1 10 12 1 11 12 1 1 9 7 1 12 1 1 7 1 11 7 1 12 1 11 12 1 1 10 12 1 11 11 12 1 9 12 1 10 12 1 1 10 12 1 1 1 1 1 1 1 1 1 1 100 100 100 1 1 9 12 1 1 7 1 1 1 1 100 10 7 1 12 1 1 7 1 10 12 1 1 7 1 10 7 1 9 12 1 10 12 1 10 12 1 9 12 1 1 9 12 1 9 5 0 7 1 10 10 12 1 7 1 10 12 1 1 1 1 1 1 10 12 1 1 1 10 9 12 9 12 9 12 9 7 1 12 1 9 12 9 12 10 12 1 9 12 9 12 9 12 9 12 9 12 9 12 9 12 9 12 9 12 9 12 1 10 12 1 1 1 1 1 11 7 1 10 7 1 12 1 1 9 12 1 1 10 12 1 5 0 9 12 1 11 12 1 9 12 1 11 12 1 100 1 9 12 1 11 12 1 9 12 1 11 12 1 9 12 1 11 12 1 1 5 0 11 12 1 5 0 11 12 1 5 0 11 12 1 5 0 11 12 1 10 12 10 12 1 100 1 10 12 1 3 10 12 1 1 11 12 1 1 1 1 1 100 1 100 1 1 10 7 1 12 1 10 7 1 12 1 1 10 12 1 1 1 1 1 10 12 1 10 12 5 0 5 0 10 12 1 1 7 1 10 12 1 1 10 7 1 12 1 1 100 1 1 1 1 100 1 1 9 10 12 1 1 1 1 1 1 1 1 1 1 1 10 12 5 0 5 0 10 12 1 1 7 1 10 12 1 1 1 1 100 10 12 1 100 1 10 12 1 18 12 1 1 10 12 1 10 12 1 1 1 1 9 12 1 9 12 1 9 12 1 9 12 1 11 12 1 1 11 7 1 9 12 1 1 9 7 1 12 1 9 12 1 10 12 1 1 9 12 1 11 12 1 1 10 12 1 1 11 12 1 1 10 12 1 1 11 12 1 1 11 12 1 1 10 12 1 9 12 1 11 12 1 1 7 1 10 9 12 1 9 12 1 10 12 1 1 5 0 3 11 12 1 10 12 1 1 9 10 12 11 12 1 9 7 1 12 1 3 11 12 1 1 10 12 1 5 0 11 12 1 1 5 0 10 12 1 10 12 1 1 10 12 1 7 1 10 12 1 10 12 1 1 10 12 10 12 1 1 11 12 1 3 10 11 12 1 11 12 1 1 10 12 1 1 5 0 11 12 1 1 11 12 1 1 10 12 1 1 10 12 1 10 9 10 9 10 12 1 10 12 1 1 10 12 1 1 10 12 1 1 10 12 1 1 10 12 1 10 12 1 1 9 12 1 100 1 9 7 1 12 1 9 12 9 12 1 10 12 10 12 1 1 5 0 10 11 12 1 10 12 1 9 12 1 9 12 1 9 12 1 100 1 10 12 1 5 0 10 12 1 10 12 1 10 12 1 1 9 12 1 9 12 1 9 12 1 1 1 1 1 1 1 1 1 1 1 1 1 1 1 1 1 1 1 1 1 1 1 1 1 1 1 1 1 1 1 1 1 1 100 100 100 1 100 100 100 100 100 1 10 12 1 9 10 12 1 9 10 12 1 9 1 1 1 1 1 100 10 12 1 10 12 1 7 1 10 12 1 10 12 1 100 1 10 12 1 1 1 1 10 12 1 9 12 1 10 12 1 100 1 1 1 1 1 10 12 1 1 10 12 1 1 100 1 10 12 1 1 9 12 1 10 7 1 12 1 1 10 12 1 11 7 1 11 11 10 12 11 12 1 1 11 10 12 1 1 9 9 12 1 11 5 0 10 12 1 9 7 1 12 1 9 9 3 10 12 1 1 10 10 12 1 1 1 1 1 1 1 1 1 1 1 1 1 100 1 1 11 3 10 12 1 3 9 12 1 9 12 1 11 12 1 11 11 11 11 12 1 11 12 1 10 12 1 10 12 1 11 12 1 1 11 12 1 1 11 12 1 11 12 1 1 11 12 1 9 12 1 10 12 1 1 10 12 1 1 10 12 1 11 12 1 10 12 1 9 11 12 1 9 11 12 1 1 10 12 1 1 9 12 1 7 1 11 10 12 1 1 11 12 1 10 12 1 9 12 1 9 12 1 1 10 7 1 12 1 1 1 1 1 1 1 1 1 1 1 1 1 1 1 1 1 1 1 1 1 1 1 1 1 1 1 1 100 9 12 1 11 12 1 8 1 8 1 10 100 1 12 1 1 1 1 10 12 1 1 1 1 1 1 1 100 10 12 1 1 10 12 1 1 10 12 1 11 12 1 1 10 12 11 12 1 10 12 1 1 10 1 1 1 1 1 1 1 1 1 10 9 10 12 10 12 1 5 0 10 12 10 12 1 9 12 10 12 1 1 10 12 1 1 1 1 1 1 1 1 1 1 1 10 12 1 1 1 1 10 12 9 12 1 10 12 1 1 1 1 1 1 1 1 1 1 10 12 10 12 10 7 1 12 1 1 10 10 12 1 1 1 10 10 12 1 1 1 1 1 10 12 10 12 1 1 10 12 1 9 10 12 1 1 10 12 1 1 1 1 1 1 10 12 10 10 12 1 1 1 1 10 12 1 1 10 12 10 1 1 10 12 9 12 1 1 1 9 12 1 10 12 1 1 11 12 1 9 10 12 1 1 10 12 1 1 9 10 12 1 1 1 1 1 1 1 10 12 1 10 12 1 1 1 10 12 1 10 12 5 0 1 9 12 10 10 5 0 10 12 1 1 10 12 1 5 0 1 1 9 12 1 9 100 1 9 12 5 0 9 3 1 1 1 9 10 9 12 9 12 1 1 1 1 10 12 10 10 12 1 10 12 1 1 1 1 1 1 10 12 1 100 1 9 100 1 10 12 1 1 7 1 10 1 1 11 5 0 9 9 12 1 9 10 12 1 10 12 1 10 12 1 1 10 12 1 9 5 0 1 1 1 1 1 1 9 12 1 100 1 9 12 1 9 12 1 1 9 12 1 1 11 100 1 10 12 1 1 10 12 1 1 9 100 1 11 11 12 1 9 12 1 1 9 12 1 1 10 12 1 9 12 1 1 1 1 1 1 1 1 1 1 10 12 1 9 12 1 1 10 12 1 1 10 12 10 12 9 12 1 10 12 1 10 10 12 1 10 12 1 9 12 1 10 12 1 1 1 1 1 1 100 1 9 12 1 10 12 1 10 12 1 1 10 10 10 100 1 12 1 1 1 1 1 5 0 5 0 1 10 9 9 12 1 9 12 1 1 1 1 1 100 10 12 1 10 12 1 9 12 10 9 12 1 10 10 12 1 1 1 1 1 9 12 1 5 0 10 12 1 10 10 9 10 12 1 1 10 12 1 1 5 0 10 12 1 1 1 10 12 1 10 12 1 10 12 10 10 12 1 1 10 12 1 10 5 0 1 10 12 10 12 1 10 12 5 0 1 10 12 1 10 12 1 100 1 10 8 1 10 12 1 1 10 12 1 8 1 10 12 1 8 1 10 12 1 8 1 10 12 1 10 12 1 8 1 10 12 1 8 1 10 12 1 8 1 8 1 8 1 8 1 8 1 8 1 8 1 8 1 8 1 8 1 8 1 10 12 10 12 1 8 1 8 1 10 12 1 8 1 8 1 8 1 8 1 8 1 8 1 8 1 10 18 8 1 8 1 8 1 10 18 8 1 8 1 8 1 10 18 8 1 8 1 8 1 10 1 1 1 1 1 10 9 12 1 10 12 1 1 1 10 10 9 12 1 1 1 10 100 1 12 1 15 8 1 8 1 1 100 1 100 1 1 1 1 1 1 1
staticfield org/eclipse/jdt/internal/compiler/lookup/BinaryTypeBinding TYPE_QUALIFIER_DEFAULT [C 20
staticfield org/eclipse/jdt/internal/compiler/lookup/BinaryTypeBinding NO_BINARY_METHODS [Lorg/eclipse/jdt/internal/compiler/env/IBinaryMethod; 0 [Lorg/eclipse/jdt/internal/compiler/env/IBinaryMethod;
staticfield org/eclipse/jdt/internal/compiler/lookup/BinaryTypeBinding FIELD_INITIALIZATION Lorg/eclipse/jdt/internal/compiler/lookup/BinaryTypeBinding$VariableBindingInitialization; org/eclipse/jdt/internal/compiler/lookup/BinaryTypeBinding$1
staticfield org/eclipse/jdt/internal/compiler/lookup/BinaryTypeBinding RECORD_INITIALIZATION Lorg/eclipse/jdt/internal/compiler/lookup/BinaryTypeBinding$VariableBindingInitialization; org/eclipse/jdt/internal/compiler/lookup/BinaryTypeBinding$2
ciInstanceKlass org/eclipse/jdt/internal/compiler/lookup/MissingTypeBinding 0 0 177 100 1 100 1 1 1 1 10 12 1 9 12 1 1 10 12 1 9 12 1 1 5 0 9 12 1 1 9 12 1 1 10 100 1 12 1 1 9 12 1 1 9 12 1 100 1 9 12 1 1 9 12 1 1 9 100 1 12 1 1 9 12 1 9 12 1 9 12 1 9 12 1 1 9 12 1 9 12 1 9 12 1 9 12 1 1 9 12 1 9 12 1 1 9 12 1 9 12 1 1 9 12 1 1 1 1 1 1 1 1 1 1 1 1 1 1 100 1 10 12 1 11 100 1 12 1 1 11 12 1 1 1 1 1 1 1 1 100 1 1 1 1 1 1 1 1 1 1 1 1 100 1 10 12 1 18 12 1 1 1 1 1 10 100 1 12 1 15 8 1 1 100 1 100 1 1
instanceKlass org/eclipse/jdt/internal/compiler/lookup/RawTypeBinding
ciInstanceKlass org/eclipse/jdt/internal/compiler/lookup/ParameterizedTypeBinding 1 1 1290 7 1 7 1 100 1 100 1 1 1 1 1 1 1 1 1 1 1 1 1 1 1 1 1 1 1 1 1 1 1 1 1 10 12 1 9 12 9 12 10 12 1 1 7 1 100 1 10 10 12 1 1 7 1 10 12 1 1 10 7 1 12 1 9 12 1 1 100 1 5 0 10 5 0 9 12 1 1 9 1 1 1 1 1 1 1 100 7 1 1 1 9 12 1 1 10 12 1 10 9 12 10 12 100 1 100 1 10 12 1 9 7 1 12 1 1 1 1 100 1 1 5 0 10 12 1 1 9 12 10 7 1 12 1 9 7 1 12 1 1 10 12 1 9 5 0 10 7 1 12 1 1 10 100 1 12 1 1 1 1 1 1 1 1 1 100 100 1 5 0 10 12 1 1 10 12 1 1 10 10 7 1 12 1 1 10 12 1 1 10 12 10 12 1 1 1 1 1 9 12 10 12 1 1 10 12 1 10 12 1 1 9 7 1 12 1 1 10 12 1 7 1 9 12 1 100 1 9 12 1 9 12 1 100 1 10 7 1 12 1 1 18 12 1 1 10 12 1 1 10 12 9 12 1 1 10 12 1 1 10 12 1 10 12 1 1 7 1 10 12 1 1 10 12 1 1 1 1 1 1 1 1 1 1 1 1 100 1 100 1 1 1 5 0 10 12 10 12 1 10 1 1 1 1 1 10 12 10 12 1 10 1 1 1 1 100 1 1 1 5 0 10 10 12 1 9 100 1 12 1 9 12 1 1 3 10 10 10 12 10 9 12 1 9 12 1 10 12 1 10 9 12 1 100 1 1 1 1 1 1 1 1 1 1 1 1 1 3 9 1 1 7 1 10 12 1 10 12 1 10 12 10 10 12 10 12 1 1 10 12 1 10 12 1 1 10 12 1 10 12 1 100 1 10 10 9 12 1 10 12 1 10 9 12 1 10 12 1 8 1 10 12 1 1 10 12 1 10 12 10 12 1 1 1 1 1 1 1 1 1 1 1 1 1 1 1 10 12 1 10 12 1 1 1 7 1 10 12 1 1 1 1 1 10 12 1 10 12 1 10 12 1 10 10 12 10 12 1 10 12 1 1 10 10 12 1 10 10 12 10 12 1 1 1 1 10 12 1 1 10 12 1 1 10 12 1 10 12 1 10 12 1 1 10 10 12 1 1 10 12 1 10 12 10 12 10 12 1 1 1 1 1 1 1 1 1 1 10 12 1 5 0 9 12 10 12 100 1 100 1 10 12 1 9 12 1 1 1 100 9 12 9 12 1 100 1 3 10 12 1 10 12 1 10 12 9 10 100 1 1 10 12 1 10 12 1 1 1 10 12 1 10 12 1 1 5 0 9 12 1 9 12 10 12 1 1 9 7 1 12 1 10 12 1 1 1 1 1 1 1 1 1 1 1 1 1 100 1 1 9 12 1 10 12 1 10 12 1 10 12 1 9 12 10 12 1 1 10 12 10 12 9 12 1 1 1 1 1 9 5 0 10 12 1 10 12 1 10 1 1 1 1 10 7 1 12 1 1 10 10 12 1 10 12 10 100 1 12 1 1 10 12 1 1 1 1 1 1 1 1 10 12 1 10 12 1 1 10 10 12 1 1 1 10 12 1 1 10 12 1 1 10 12 9 12 9 9 12 1 1 9 9 12 1 1 9 9 12 1 9 3 5 0 5 0 5 0 5 0 5 0 5 0 1 1 1 1 1 10 12 1 1 1 10 10 12 10 12 9 7 1 12 1 10 12 1 10 1 1 1 1 1 1 10 12 10 1 1 1 10 12 10 1 1 1 1 1 1 1 1 10 1 100 1 10 10 12 10 12 1 10 12 1 100 1 10 10 10 12 1 1 11 100 1 12 1 1 100 1 10 12 1 10 12 1 1 11 12 1 1 11 12 1 1 100 1 1 1 1 1 1 1 1 1 1 1 1 1 10 12 1 1 10 10 12 1 1 1 1 9 12 10 12 10 9 12 1 1 1 10 1 1 1 1 1 10 12 10 1 1 1 1 10 12 1 10 12 1 10 12 1 10 12 1 10 12 10 10 100 1 12 1 1 10 12 1 1 10 12 1 1 5 0 10 7 1 12 1 1 5 0 5 0 5 0 1 1 1 10 12 10 10 12 1 1 10 12 1 1 10 12 1 1 1 10 12 10 12 1 1 10 10 10 9 12 1 9 12 1 10 12 10 12 1 1 1 10 9 12 1 10 12 1 1 1 10 12 1 9 12 1 10 10 12 1 1 1 10 12 1 1 1 1 1 1 10 12 1 1 10 12 10 10 12 1 8 1 10 12 1 8 1 10 12 1 8 1 10 12 1 8 1 10 12 1 10 12 1 8 1 10 12 1 8 1 10 12 1 8 1 8 1 10 12 1 8 1 10 12 1 8 1 8 1 8 1 8 1 10 8 1 8 1 8 1 8 1 8 1 10 8 1 8 1 8 1 8 1 10 8 1 8 1 8 1 10 8 1 8 1 8 1 1 1 100 1 9 12 1 10 12 1 10 7 1 12 1 1 10 12 1 1 1 1 100 1 1 10 12 1 1 9 12 1 1 10 12 10 1 1 1 1 1 1 1 100 1 1 1 10 12 1 9 12 1 10 10 12 10 100 1 9 12 1 100 1 10 12 1 9 12 1 10 12 1 9 12 1 9 12 10 10 12 1 1 10 9 12 1 1 1 1 1 10 10 12 1 9 12 1 10 12 1 1 10 12 1 1 10 100 1 12 1 18 12 1 1 10 12 1 1 9 10 12 1 100 1 1 1 1 1 1 1 1 1 1 1 1 1 10 7 1 1 1 1 10 12 10 10 12 10 12 10 12 1 1 1 10 7 1 12 1 1 15 1 16 10 12 1 15 1 16 10 100 1 12 1 15 8 1 1 100 1 100 1 1 1 1 1
ciInstanceKlass org/eclipse/jdt/internal/compiler/lookup/AnnotatableTypeSystem 1 1 379 100 1 100 1 1 1 1 1 1 10 12 9 12 1 1 9 100 1 12 1 1 9 100 1 12 9 1 1 1 1 1 1 10 12 1 100 1 10 12 1 1 9 12 1 1 10 100 1 12 1 1 1 1 1 1 1 1 1 1 1 1 100 1 1 100 1 10 12 1 1 10 12 1 1 10 12 1 1 100 1 10 12 1 10 100 1 12 1 1 10 12 1 10 12 1 1 10 12 1 9 10 12 1 1 10 12 1 1 1 1 1 1 1 1 1 1 100 9 7 1 12 1 10 12 1 1 1 10 12 1 10 12 10 100 1 10 12 1 1 1 1 1 1 1 10 100 1 10 12 1 9 12 1 1 10 100 1 12 1 10 12 1 10 12 1 100 1 10 12 1 9 10 10 12 1 1 1 1 1 1 10 12 1 1 10 12 1 10 12 1 10 12 1 10 12 1 1 10 12 100 1 10 12 1 10 12 1 9 10 1 1 10 12 1 1 9 12 1 100 1 10 12 1 10 12 1 10 12 1 10 12 1 10 12 1 1 100 1 10 12 1 10 12 1 9 10 1 1 1 1 10 12 1 10 12 1 10 12 1 9 12 9 12 10 12 1 1 10 12 1 10 12 1 1 10 100 1 12 1 1 10 100 1 12 1 1 10 12 1 1 1 1 1 1 1 1 1 100 10 12 10 12 1 1 10 12 1 10 9 12 1 1 100 1 5 0 1 1 1 1 1 1 1 1 1 9 100 1 3 10 9 12 1 1 11 100 1 12 1 1 10 12 1 10 100 1 12 1 1 18 12 1 1 10 12 1 1 1 1 1 1 1 1 10 100 1 12 1 15 8 1 1 100 1 100 1 1 1
ciInstanceKlass org/eclipse/jdt/internal/compiler/lookup/RawTypeBinding 1 1 372 7 1 7 1 1 1 1 10 12 1 9 12 1 1 5 0 9 7 1 100 1 5 0 100 1 10 12 1 1 10 12 1 1 9 12 1 1 100 1 3 9 3 1 1 1 1 1 1 1 1 1 1 1 1 100 1 1 1 100 1 10 12 1 10 12 1 10 12 10 12 1 10 12 1 10 12 1 1 10 12 1 1 10 12 1 10 12 10 12 1 10 12 1 10 10 12 1 1 9 7 1 12 1 1 10 12 1 1 8 1 10 12 1 1 10 12 1 1 1 1 1 1 1 1 1 1 1 1 10 12 1 9 12 10 12 1 1 1 1 10 12 1 10 12 1 9 12 1 1 10 12 1 1 10 12 1 1 1 1 1 1 9 7 1 12 10 12 1 10 12 10 12 1 1 1 1 1 1 1 10 12 1 10 12 1 10 8 1 10 12 1 10 12 1 1 10 10 12 1 1 1 9 12 10 12 1 100 1 1 10 12 1 1 10 12 1 10 100 1 12 100 1 10 12 1 10 10 1 1 10 12 1 1 1 10 12 1 1 10 9 12 10 12 1 1 1 1 10 12 1 1 1 10 100 1 9 12 1 1 1 1 100 100 1 1 1 1 1 1 1 1 1 1 1 1 1 1 1 9 12 1 1 10 12 10 12 1 10 100 1 12 1 9 12 1 10 12 1 9 12 1 10 12 1 1 10 12 1 10 12 1 1 1 1 1 1 1 1 100 1 1 1 1 1 10 12 9 12 10 100 1 12 1 1 9 12 1 1 10 12 1 1 1 1 10 12 9 1 1 1 1 1 1 1 1 1 1 1 1 9 12 1 10 12 10 12 1 10 12 1 1
ciInstanceKlass org/eclipse/jdt/internal/compiler/lookup/ProblemPackageBinding 1 1 32 7 1 7 1 1 1 1 1 1 10 12 1 9 12 1 1 1 1 1 1 1 1 1 7 1 10 12 1 1 1 1
ciInstanceKlass org/eclipse/jdt/internal/compiler/lookup/UnresolvedAnnotationBinding 1 1 100 7 1 7 1 1 1 1 1 1 1 1 10 12 1 9 12 9 12 1 1 1 1 1 1 1 1 1 1 9 100 1 12 1 9 12 10 100 1 12 1 1 100 1 1 1 100 1 1 1 10 12 1 1 9 12 10 100 1 12 1 1 10 12 1 1 10 12 1 1 10 12 1 1 100 1 10 12 1 10 12 1 1 100 1 1 1 1 1 1 1 1 1 1 1 100 100 1 1 1
instanceKlass org/eclipse/jdt/internal/compiler/util/HashtableOfPackage
ciInstanceKlass org/eclipse/jdt/internal/compiler/util/CharDelegateMap 1 1 100 7 1 7 1 100 1 1 1 1 3 1 1 1 1 1 1 1 1 1 1 10 12 1 1 1 1 1 1 1 1 1 1 9 12 9 12 1 10 12 7 1 10 7 1 10 1 1 1 1 10 12 11 12 1 1 11 12 1 1 1 1 1 10 12 10 1 1 1 10 12 10 12 1 1 10 12 1 10 1 1 1 1 10 12 1 1 11 1 1 11 12 1 1 1 11 12 1 1 1
ciInstanceKlass org/eclipse/jdt/internal/compiler/util/HashtableOfPackage 1 1 24 7 1 7 1 1 1 1 10 12 1 1 1 1 1 1 1 10 1 1 1 1 1 1
ciInstanceKlass org/eclipse/jdt/internal/compiler/util/CharArrayMap 1 1 145 7 1 7 1 7 1 1 1 1 1 1 1 1 1 1 1 1 10 12 1 1 1 1 1 1 1 10 12 9 12 7 1 9 12 9 12 1 1 1 1 1 1 1 10 7 1 12 1 1 18 12 1 1 11 100 1 12 1 1 10 100 1 12 1 1 11 12 1 1 100 1 1 1 18 1 1 10 12 1 1 1 1 1 1 1 1 1 1 10 12 1 1 1 1 1 1 1 1 11 12 1 1 1 10 12 1 1 7 1 1 1 1 11 12 1 1 1 1 1 10 100 1 12 1 1 15 1 16 10 100 1 12 1 15 16 16 15 16 1 100 1 100 1 1
ciInstanceKlass org/eclipse/jdt/internal/compiler/util/HashtableOfModule 1 1 105 7 1 7 1 1 1 1 1 1 1 1 1 1 1 10 12 1 1 1 1 1 10 12 9 12 9 12 4 7 1 9 12 7 1 9 12 1 1 1 1 1 10 7 1 12 1 1 10 12 1 1 1 1 1 1 1 1 1 1 1 10 12 1 1 1 10 12 1 1 1 1 1 8 1 10 12 18 12 1 1 1 1 1 1 100 1 100 1 1 1 10 100 1 12 1 15 8 1 1 100 1 100 1 1
ciInstanceKlass org/eclipse/jdt/internal/compiler/lookup/LocalTypeBinding 0 0 406 100 1 100 1 1 1 1 1 1 1 1 1 1 1 1 1 1 9 12 1 1 1 1 100 9 100 1 12 1 1 9 100 1 12 1 10 100 1 12 1 1 10 12 1 9 12 1 100 1 9 12 1 1 100 1 5 0 5 0 9 12 9 12 9 10 12 1 9 12 10 12 1 1 9 100 1 12 1 100 1 10 12 1 1 1 1 1 1 1 1 1 1 1 1 1 1 100 1 100 1 100 1 10 12 1 9 12 1 1 1 10 12 1 1 100 1 10 12 100 1 9 12 1 10 100 1 12 1 1 10 12 1 1 1 1 1 1 1 9 12 10 12 9 12 1 1 9 12 10 12 1 9 12 1 1 9 100 1 12 1 5 0 9 12 1 1 9 100 1 12 1 1 9 100 1 12 1 1 100 1 1 1 1 10 12 10 12 1 10 10 12 1 1 100 1 10 10 12 1 1 10 12 1 10 100 1 12 1 1 10 12 1 10 12 1 9 12 1 10 12 1 10 12 1 1 10 12 1 1 1 1 1 1 1 1 1 1 1 9 12 10 12 10 12 1 1 10 100 1 12 1 1 1 1 10 12 9 12 1 1 1 10 12 1 10 12 9 12 1 10 12 10 12 10 12 1 1 10 10 1 9 100 1 12 1 10 12 9 12 1 10 12 1 10 12 1 10 12 10 12 1 10 12 1 1 9 12 1 1 10 12 1 10 100 1 1 1 1 100 1 10 12 10 1 5 0 10 12 1 1 1 9 12 1 1 10 100 1 12 1 1 1 1 1 10 12 9 12 10 1 1 10 12 1 10 12 1 18 12 1 1 10 12 18 10 12 18 12 1 18 1 9 12 10 100 1 12 1 1 1 1 100 1 1 1 10 100 1 12 1 15 8 1 8 1 8 1 8 1 1 100 1 100 1 1
ciInstanceKlass org/eclipse/jdt/internal/compiler/lookup/BinaryModuleBinding 1 1 373 7 1 7 1 1 1 1 1 1 1 1 1 1 1 1 1 11 7 1 12 1 1 100 1 10 12 1 1 7 1 10 12 1 1 1 1 1 1 1 1 11 12 1 1 10 12 1 9 7 1 12 1 9 12 1 1 9 12 1 1 10 7 1 12 1 1 10 12 1 1 11 12 1 1 9 12 1 1 1 11 12 1 9 12 1 1 100 1 9 12 1 1 11 12 1 1 11 12 1 1 9 12 1 9 12 1 9 12 1 11 7 1 10 12 1 1 11 12 1 10 7 1 12 1 1 11 12 1 1 9 12 11 12 1 9 12 11 12 1 1 9 12 11 12 1 1 9 12 9 12 1 1 9 7 1 12 1 1 10 12 1 100 1 5 0 9 12 1 11 12 1 1 10 100 1 12 1 1 10 12 1 1 1 1 1 1 1 1 1 1 100 10 12 1 100 1 11 100 1 12 1 100 1 10 12 1 1 10 12 1 1 100 1 10 12 1 1 9 12 1 1 1 1 1 1 1 1 1 1 100 100 100 1 1 9 12 1 1 10 12 1 1 10 12 1 9 12 1 10 12 7 1 11 7 1 10 7 1 12 1 1 10 12 1 1 9 7 1 12 1 1 9 12 1 11 12 1 10 12 1 1 10 12 1 1 1 1 1 100 1 1 10 9 7 1 12 1 1 10 12 1 1 10 12 1 1 1 9 12 1 100 1 10 12 1 1 10 12 1 9 12 1 10 12 1 10 12 1 1 9 12 1 1 10 12 1 1 100 1 10 12 11 100 1 11 12 1 11 100 1 12 1 1 1 1 100 1 10 12 1 1 1 1 1 1 1 1 100 1 1 1 1
ciInstanceKlass org/eclipse/jdt/internal/compiler/util/CharArrayHashMap 1 1 142 7 1 7 1 100 1 100 1 1 1 1 5 0 1 1 1 1 1 1 1 10 12 1 7 1 10 12 9 12 1 1 1 1 1 1 1 1 1 1 1 100 1 10 12 10 12 1 1 1 10 12 1 1 11 100 1 12 1 1 18 12 1 1 11 100 1 12 1 10 100 1 12 1 1 11 12 1 1 100 1 1 1 7 1 10 12 1 10 12 1 1 1 1 1 1 10 12 1 1 1 1 10 12 1 1 1 1 1 1 10 12 1 1 11 12 1 1 1 1 1 10 100 1 12 1 1 15 16 10 12 1 1 15 1 16 1 100 1 100 1 1
ciInstanceKlass org/eclipse/jdt/internal/compiler/util/CharArray 1 1 60 7 1 7 1 100 1 1 1 1 1 1 9 12 10 7 1 12 1 1 1 1 1 1 1 1 1 1 1 10 12 1 1 1 1 1 1 1 10 12 1 1 1 10 12 1 1 1 10 12 1 1 1 10 12 1 1 1 1 1
ciInstanceKlass org/eclipse/jdt/internal/compiler/lookup/SplitPackageBinding 1 1 366 7 1 7 1 1 1 1 1 1 1 1 1 1 1 1 1 1 1 9 12 1 1 1 1 10 12 1 1 10 12 1 1 10 12 1 1 10 12 1 1 1 1 1 1 1 1 1 1 1 1 1 1 1 11 7 1 12 1 1 11 7 1 12 1 1 11 12 1 1 9 12 11 7 1 12 1 1 11 1 1 1 1 1 1 1 1 7 1 100 9 7 1 12 1 1 10 12 1 1 9 12 1 1 9 12 1 9 12 1 1 10 12 1 7 1 10 12 9 12 9 12 11 100 1 12 1 1 1 1 11 12 1 1 7 1 11 12 1 10 12 1 1 9 12 1 10 1 1 1 1 10 12 1 1 9 12 1 1 10 7 1 12 1 1 9 10 12 10 12 1 1 10 12 1 1 10 10 12 1 1 1 1 1 1 100 10 7 1 12 1 1 7 1 10 10 12 1 1 10 12 1 1 11 11 12 1 10 12 1 1 1 1 1 1 11 12 1 1 7 1 1 1 10 12 1 1 1 1 1 9 10 12 1 1 10 12 1 1 9 12 1 1 100 1 5 0 10 12 1 1 10 1 1 1 1 1 1 1 1 100 9 1 10 12 1 1 11 12 1 11 12 1 1 1 10 12 1 1 10 12 1 1 1 1 10 12 10 12 1 100 1 9 100 1 100 1 10 12 1 1 1 1 1 1 1 1 10 12 1 1 10 12 1 9 9 12 1 1 9 7 1 12 1 1 1 1 1 1 1 1 100 1 10 12 10 12 1 8 1 10 12 1 1 8 1 10 12 1 1 10 12 1 8 1 8 1 10 1 1 1 1 100 1 1 1
ciInstanceKlass org/eclipse/jdt/internal/compiler/util/HashtableOfType 1 1 107 7 1 7 1 1 1 1 1 1 1 1 1 1 1 10 12 1 1 1 1 1 10 12 9 12 9 12 4 7 1 9 12 7 1 9 12 1 1 1 1 1 10 7 1 12 1 1 10 12 1 1 1 1 1 1 1 1 1 1 1 10 12 1 1 1 1 1 10 12 1 1 1 1 1 8 1 10 12 18 12 1 1 1 1 1 1 100 1 100 1 1 1 10 100 1 12 1 15 8 1 1 100 1 100 1 1
instanceKlass org/eclipse/jdt/internal/compiler/classfmt/AnnotationMethodInfo
instanceKlass org/eclipse/jdt/internal/compiler/classfmt/MethodInfoWithAnnotations
ciInstanceKlass org/eclipse/jdt/internal/compiler/classfmt/MethodInfo 1 1 412 7 1 7 1 100 1 100 1 1 1 1 1 1 1 1 1 1 1 1 1 1 1 1 1 1 1 8 1 10 7 1 12 1 1 9 12 1 1 1 1 10 12 1 1 10 12 1 1 9 12 1 1 9 12 1 10 12 1 1 9 7 1 12 1 10 7 1 12 1 1 10 12 1 1 9 12 1 9 12 9 12 1 10 12 1 1 9 12 1 9 12 1 10 12 1 1 9 12 1 9 12 1 10 12 1 1 9 12 1 7 1 10 7 1 12 1 1 100 1 10 12 1 9 12 100 1 10 12 1 100 1 10 12 1 7 1 10 12 1 1 1 1 1 1 1 1 1 1 1 1 1 1 1 1 1 1 1 1 1 1 1 1 1 1 1 100 100 100 100 100 7 1 1 9 12 1 10 12 1 9 12 1 1 1 10 12 9 12 1 9 12 9 12 100 1 5 0 100 1 5 0 1 1 1 1 1 10 9 1 1 1 10 12 1 1 1 1 10 12 1 9 12 1 1 1 10 12 1 10 12 1 10 12 1 10 12 1 1 1 1 1 1 1 10 12 1 1 1 1 1 9 12 10 12 1 1 1 1 9 12 10 12 1 1 9 12 10 7 1 12 1 1 9 12 1 10 12 1 1 1 1 1 1 1 1 9 12 1 1 1 10 12 10 12 10 12 10 12 10 12 1 1 1 10 7 1 12 1 1 10 12 1 9 12 1 9 12 1 1 1 1 100 9 12 1 3 9 12 1 9 12 1 3 9 12 1 1 1 1 1 100 1 10 12 10 12 1 10 12 1 1 10 100 1 12 1 1 10 100 1 12 1 10 12 1 1 10 12 1 10 100 1 12 1 1 9 12 1 10 12 1 1 9 12 1 10 12 1 1 1 1 9 7 1 12 1 1 1 1 1 10 12 1 1 10 12 1 1 1 1 1
staticfield org/eclipse/jdt/internal/compiler/classfmt/MethodInfo ARG [C 3
instanceKlass org/eclipse/jdt/internal/compiler/classfmt/MethodInfoWithParameterAnnotations
ciInstanceKlass org/eclipse/jdt/internal/compiler/classfmt/MethodInfoWithAnnotations 1 1 89 7 1 7 1 1 1 1 1 1 9 12 1 1 9 12 1 1 9 12 1 1 9 12 1 1 10 12 1 9 12 9 12 1 9 9 12 1 9 9 12 1 1 9 9 12 1 1 9 9 12 1 9 9 12 1 9 9 12 1 9 9 12 1 9 1 1 1 1 1 1 1 1 1 1 10 100 1 12 10 1 1 1 1 10 12 10 1 1
ciInstanceKlass  @bci org/eclipse/jdt/internal/compiler/lookup/ModuleBinding dependencyCollector ()Ljava/util/function/Supplier; 1 <appendix> member <vmtarget> ; 1 1 26 1 7 1 7 1 100 1 1 1 1 1 12 10 12 9 1 1 1 7 1 1 12 10 1 1
ciInstanceKlass org/eclipse/jdt/internal/compiler/env/ITypeAnnotationWalker 1 1 49 7 1 100 1 1 1 1 1 1 1 1 7 1 9 12 7 1 10 12 1 9 12 1 1 1 1 1 1 1 1 1 1 1 1 1 1 1 1 1 1 1 1 1 1 1 1 1 1
staticfield org/eclipse/jdt/internal/compiler/env/ITypeAnnotationWalker NO_ANNOTATIONS [Lorg/eclipse/jdt/internal/compiler/env/IBinaryAnnotation; 0 [Lorg/eclipse/jdt/internal/compiler/env/IBinaryAnnotation;
staticfield org/eclipse/jdt/internal/compiler/env/ITypeAnnotationWalker EMPTY_ANNOTATION_WALKER Lorg/eclipse/jdt/internal/compiler/env/ITypeAnnotationWalker; org/eclipse/jdt/internal/compiler/env/ITypeAnnotationWalker$1
ciInstanceKlass org/eclipse/jdt/internal/compiler/lookup/BinaryTypeBinding$ExternalAnnotationStatus 1 1 78 7 1 7 1 1 1 1 1 1 1 1 1 1 1 1 1 8 10 12 1 1 9 12 8 9 12 8 9 12 8 9 12 9 12 1 1 10 1 1 1 10 12 1 10 12 1 1 1 1 1 10 7 1 12 1 1 1 1 10 12 1 9 12 10 12 100 1 100 1 1 1 1 1 100 1 1 1
staticfield org/eclipse/jdt/internal/compiler/lookup/BinaryTypeBinding$ExternalAnnotationStatus FROM_SOURCE Lorg/eclipse/jdt/internal/compiler/lookup/BinaryTypeBinding$ExternalAnnotationStatus; org/eclipse/jdt/internal/compiler/lookup/BinaryTypeBinding$ExternalAnnotationStatus
staticfield org/eclipse/jdt/internal/compiler/lookup/BinaryTypeBinding$ExternalAnnotationStatus NOT_EEA_CONFIGURED Lorg/eclipse/jdt/internal/compiler/lookup/BinaryTypeBinding$ExternalAnnotationStatus; org/eclipse/jdt/internal/compiler/lookup/BinaryTypeBinding$ExternalAnnotationStatus
staticfield org/eclipse/jdt/internal/compiler/lookup/BinaryTypeBinding$ExternalAnnotationStatus NO_EEA_FILE Lorg/eclipse/jdt/internal/compiler/lookup/BinaryTypeBinding$ExternalAnnotationStatus; org/eclipse/jdt/internal/compiler/lookup/BinaryTypeBinding$ExternalAnnotationStatus
staticfield org/eclipse/jdt/internal/compiler/lookup/BinaryTypeBinding$ExternalAnnotationStatus TYPE_IS_ANNOTATED Lorg/eclipse/jdt/internal/compiler/lookup/BinaryTypeBinding$ExternalAnnotationStatus; org/eclipse/jdt/internal/compiler/lookup/BinaryTypeBinding$ExternalAnnotationStatus
staticfield org/eclipse/jdt/internal/compiler/lookup/BinaryTypeBinding$ExternalAnnotationStatus ENUM$VALUES [Lorg/eclipse/jdt/internal/compiler/lookup/BinaryTypeBinding$ExternalAnnotationStatus; 4 [Lorg/eclipse/jdt/internal/compiler/lookup/BinaryTypeBinding$ExternalAnnotationStatus;
ciInstanceKlass org/eclipse/jdt/internal/compiler/env/ITypeAnnotationWalker$1 1 1 57 7 1 7 1 100 1 1 1 1 10 12 1 1 1 1 1 1 1 1 1 1 1 1 1 1 1 1 1 1 1 1 1 1 1 1 1 1 1 1 1 1 1 1 1 1 9 12 1 1 1 1 1 1 1 1 1
ciInstanceKlass org/eclipse/jdt/internal/compiler/classfmt/JavaBinaryNames 1 1 22 100 1 100 1 1 1 1 10 12 1 1 1 1 1 1 1 1 1 1 1 1
ciInstanceKlass org/eclipse/jdt/internal/compiler/lookup/SignatureWrapper 1 1 115 7 1 7 1 1 1 1 1 1 1 1 1 1 1 1 10 12 1 1 1 1 1 10 12 1 9 12 9 12 9 12 9 12 9 12 1 1 1 1 1 1 10 7 1 12 1 1 1 1 1 1 1 1 1 10 12 1 1 10 12 10 12 1 1 10 12 1 1 1 1 1 1 1 1 1 1 1 1 1 1 1 1 1 1 100 1 10 12 18 12 1 1 18 12 1 1 1 1 10 100 1 12 1 15 8 1 8 1 1 100 1 100 1 1
instanceKlass org/eclipse/jdt/internal/compiler/lookup/AnnotationHolder$MethodHolder
ciInstanceKlass org/eclipse/jdt/internal/compiler/lookup/AnnotationHolder 1 1 65 7 1 7 1 1 1 1 1 1 10 12 1 1 1 1 1 1 100 1 10 12 1 100 1 10 12 1 10 10 12 1 1 1 1 1 1 1 1 1 1 1 1 1 1 1 9 12 1 1 1 1 1 9 100 1 12 1 1 1 1 1 1 1 1
instanceKlass org/eclipse/jdt/internal/compiler/classfmt/NonNullDefaultAwareTypeAnnotationWalker
ciInstanceKlass org/eclipse/jdt/internal/compiler/classfmt/TypeAnnotationWalker 1 1 145 100 1 100 1 100 1 1 1 1 1 1 1 1 1 1 5 0 10 12 1 1 1 1 1 10 12 1 1 10 12 1 9 12 9 12 9 12 1 1 9 12 1 1 1 1 1 1 1 100 1 10 12 1 1 1 1 11 100 1 12 1 1 10 12 1 1 1 1 1 1 11 12 1 1 1 1 1 1 1 1 1 1 11 12 1 1 1 1 1 11 12 1 1 1 1 1 11 12 1 1 11 12 1 1 11 12 1 1 1 1 100 1 1 10 12 1 1 1 1 1 100 1 11 12 1 1 9 12 1 1 10 100 1 12 1 1 1 1 1 1 1 100 1 1
ciInstanceKlass org/eclipse/jdt/internal/compiler/classfmt/NonNullDefaultAwareTypeAnnotationWalker 1 1 212 100 1 100 1 1 1 1 1 1 1 1 1 1 1 1 1 1 1 1 1 1 10 12 1 10 12 1 1 9 12 9 12 9 12 9 12 9 12 9 12 9 12 1 1 1 1 1 1 1 10 12 1 1 10 12 1 9 12 1 1 1 10 7 1 12 1 1 10 100 1 12 1 1 10 12 1 1 100 1 10 12 1 1 1 1 1 9 12 1 9 12 1 9 12 9 12 9 12 10 12 1 100 1 1 1 10 12 10 12 1 1 1 1 1 10 12 1 1 10 12 1 10 12 1 100 1 10 12 1 1 10 12 1 1 10 12 1 1 1 1 10 12 1 1 10 12 1 10 12 1 1 1 9 12 1 1 10 12 100 1 100 1 10 12 1 1 10 100 1 12 1 1 1 1 1 1 1 100 1 10 12 1 1 1 9 12 1 1 9 7 1 12 1 10 12 9 9 9 1 1 1 1 1 1 100 1 1 1 1 1 1
instanceKlass org/eclipse/jdt/internal/compiler/classfmt/AnnotationMethodInfoWithAnnotations
ciInstanceKlass org/eclipse/jdt/internal/compiler/classfmt/AnnotationMethodInfo 1 1 186 7 1 7 1 1 1 1 1 1 10 12 1 1 10 12 1 1 9 12 1 1 9 12 1 1 10 12 1 1 9 7 1 12 1 1 10 7 1 12 1 1 7 1 9 12 1 1 10 12 1 10 12 1 1 9 12 1 9 12 1 9 12 1 10 12 1 1 9 12 1 9 12 1 10 12 1 1 9 12 1 10 100 1 12 1 1 100 1 10 12 1 9 12 1 100 1 10 12 1 100 1 10 12 1 10 12 1 100 1 10 12 1 100 1 10 12 1 1 1 1 1 1 1 1 1 1 1 1 1 1 1 1 1 1 1 1 1 1 1 1 1 1 100 100 100 100 1 100 100 9 12 9 12 9 12 1 9 9 9 12 1 9 9 12 1 1 9 9 12 1 9 9 12 1 9 9 9 12 1 9 1 1 1 1 1
ciMethodData java/lang/Object <init> ()V 2 1615397 orig 80 1 0 0 0 0 0 0 0 0 0 0 0 0 0 0 0 0 0 0 0 0 0 0 0 0 0 0 0 0 0 0 0 0 0 0 0 0 0 0 0 0 0 0 0 0 0 0 0 0 0 0 0 0 0 0 0 0 0 0 0 0 0 0 0 0 0 0 0 0 0 0 0 0 0 0 0 0 0 0 0 data 4 0x0 0x9 0x1 0x0 oops 0 methods 0
ciMethodData java/util/AbstractCollection <init> ()V 2 195178 orig 80 0 0 0 0 0 0 0 0 0 0 0 0 0 0 0 0 0 0 0 0 0 0 0 0 0 0 0 0 0 0 0 0 0 0 0 0 0 0 0 0 0 0 0 0 0 0 0 0 0 0 0 0 0 0 0 0 0 0 0 0 0 0 0 0 0 0 0 0 0 0 0 0 0 0 0 0 0 0 0 0 data 7 0x10002 0x2fa6b 0x0 0x0 0x9 0x1 0x0 oops 0 methods 0
ciMethodData java/util/Arrays copyOf ([Ljava/lang/Object;I)[Ljava/lang/Object; 2 19725 orig 80 0 0 0 0 0 0 0 0 0 0 0 0 81 1 0 0 0 0 0 0 0 0 0 0 0 0 0 0 0 0 0 0 0 0 0 0 0 0 0 0 0 0 0 0 0 0 0 0 0 0 0 0 0 0 0 0 0 0 0 0 0 0 0 0 0 0 0 0 0 0 0 0 0 0 0 0 0 0 0 0 data 19 0x30005 0x4d0d 0x0 0x0 0x0 0x0 0x0 0x60002 0x4d0d 0x0 0x0 0x0 0x0 0x0 0x0 0x9 0x2 0xffffffffffffffff 0x0 oops 0 methods 0
ciMethodData jdk/internal/util/ArraysSupport newLength (III)I 2 8179 orig 80 0 0 0 0 0 0 0 0 0 0 0 0 81 1 0 0 0 0 0 0 0 0 0 0 0 0 0 0 0 0 0 0 0 0 0 0 0 0 0 0 0 0 0 0 0 0 0 0 0 0 0 0 0 0 0 0 0 0 0 0 0 0 0 0 0 0 0 0 0 0 0 0 0 0 0 0 0 0 0 0 data 23 0x30002 0x1ff3 0xa0007 0x0 0x40 0x1ff3 0x100007 0x0 0x20 0x1ff3 0x170002 0x0 0x0 0x0 0x0 0x0 0x0 0x0 0x9 0x3 0x0 0x0 0x0 oops 0 methods 0
ciMethodData java/util/ArrayList add (Ljava/lang/Object;)Z 2 57933 orig 80 0 0 0 0 0 0 0 0 0 0 0 0 0 0 0 0 0 0 0 0 0 0 0 0 0 0 0 0 0 0 0 0 0 0 0 0 0 0 0 0 0 0 0 0 0 0 0 0 0 0 0 0 0 0 0 0 0 0 0 0 0 0 0 0 0 0 0 0 0 0 0 0 0 0 0 0 0 0 0 0 data 17 0x140005 0xe24d 0x0 0x0 0x0 0x0 0x0 0x0 0x0 0x0 0x0 0x0 0x0 0x9 0x2 0xe 0x0 oops 0 methods 0
ciMethodData java/util/ArrayList add (Ljava/lang/Object;[Ljava/lang/Object;I)V 2 57933 orig 80 0 0 0 0 0 0 0 0 0 0 0 0 0 0 0 0 0 0 0 0 0 0 0 0 0 0 0 0 0 0 0 0 0 0 0 0 0 0 0 0 0 0 0 0 0 0 0 0 0 0 0 0 0 0 0 0 0 0 0 0 0 0 0 0 0 0 0 0 0 0 0 0 0 0 0 0 0 0 0 0 data 30 0x30007 0xa718 0x58 0x3b35 0x70005 0x3b35 0x0 0x0 0x0 0x0 0x0 0xe0104 0x0 0x0 0x151753bfe08 0x187d 0x1517e7b31b0 0x3 0x0 0x0 0x0 0x0 0x0 0x0 0x9 0x4 0xc 0x0 0xffffffffffffffff 0x0 oops 2 14 java/lang/Class 16 lombok/patcher/scripts/AddFieldScript methods 0
ciMethodData java/util/ArrayList grow ()[Ljava/lang/Object; 2 15294 orig 80 0 0 0 0 0 0 0 0 0 0 0 0 81 1 0 0 0 0 0 0 0 0 0 0 0 0 0 0 0 0 0 0 0 0 0 0 0 0 0 0 0 0 0 0 0 0 0 0 0 0 0 0 0 0 0 0 0 0 0 0 0 0 0 0 0 0 0 0 0 0 0 0 0 0 0 0 0 0 0 0 data 16 0x70005 0x3bbe 0x0 0x0 0x0 0x0 0x0 0x0 0x0 0x0 0x0 0x0 0x0 0x9 0x1 0xc oops 0 methods 0
ciMethodData java/util/ArrayList grow (I)[Ljava/lang/Object; 2 5482 orig 80 0 0 0 0 0 0 0 0 0 0 0 0 81 1 0 0 0 0 0 0 0 0 0 0 0 0 0 0 0 0 0 0 0 0 0 0 0 0 0 0 0 0 0 0 0 0 0 0 0 0 0 0 0 0 0 0 0 0 0 0 0 0 0 0 0 0 0 0 0 0 0 0 0 0 0 0 0 0 0 0 data 24 0x70007 0x29e 0x40 0x12cc 0x110007 0x12c8 0x40 0x4 0x1b0002 0x2a2 0x250002 0x2a2 0x310002 0x12c8 0x0 0x0 0x0 0x0 0x0 0x0 0x9 0x2 0xc 0x0 oops 0 methods 0
ciMethodData java/util/AbstractList <init> ()V 2 161608 orig 80 0 0 0 0 0 0 0 0 0 0 0 0 81 1 0 0 0 0 0 0 0 0 0 0 0 0 0 0 0 0 0 0 0 0 0 0 0 0 0 0 0 0 0 0 0 0 0 0 0 0 0 0 0 0 0 0 0 0 0 0 0 0 0 0 0 0 0 0 0 0 0 0 0 0 0 0 0 0 0 0 data 9 0x10002 0x27748 0x0 0x0 0x0 0x0 0x9 0x1 0x6 oops 0 methods 0
ciMethodData java/lang/ref/SoftReference get ()Ljava/lang/Object; 2 12503 orig 80 1 0 0 0 0 0 0 0 0 0 0 0 81 1 0 0 0 0 0 0 0 0 0 0 0 0 0 0 0 0 0 0 0 0 0 0 0 0 0 1 0 0 0 0 0 0 0 0 0 0 0 0 0 0 0 0 0 0 0 0 0 0 0 0 0 0 0 0 0 0 0 0 0 0 0 0 0 0 0 0 data 19 0x10002 0x30d7 0x8000000600060007 0x2 0x40 0x30d6 0x110007 0x2e34 0x20 0x2a2 0x0 0x0 0x0 0x0 0x0 0x0 0x9 0x1 0x0 oops 0 methods 0
ciMethodData java/lang/ref/Reference refersTo (Ljava/lang/Object;)Z 2 44581 orig 80 0 0 0 0 0 0 0 0 0 0 0 0 0 0 0 0 0 0 0 0 0 0 0 0 0 0 0 0 0 0 0 0 0 0 0 0 0 0 0 0 0 0 0 0 0 0 0 0 0 0 0 0 0 0 0 0 0 0 0 0 0 0 0 0 0 0 0 0 0 0 0 0 0 0 0 0 0 0 0 0 data 17 0x20005 0x12e4 0x0 0x1517b6408e0 0x7d1f 0x1517b644480 0x1e22 0x0 0x0 0x0 0x0 0x0 0x0 0x9 0x2 0xffffffffffffffff 0xffffffffffffffff oops 2 3 java/lang/ThreadLocal$ThreadLocalMap$Entry 5 java/util/WeakHashMap$Entry methods 0
ciMethodData java/lang/ref/Reference refersToImpl (Ljava/lang/Object;)Z 2 13091 orig 80 0 0 0 0 0 0 0 0 0 0 0 0 0 0 0 0 0 0 0 0 0 0 0 0 0 0 0 0 0 0 0 0 0 0 0 0 0 0 0 0 0 0 0 0 0 0 0 0 0 0 0 0 0 0 0 0 0 0 0 0 0 0 0 0 0 0 0 0 0 0 0 0 0 0 0 0 0 0 0 0 data 17 0x20005 0x3323 0x0 0x0 0x0 0x0 0x0 0x0 0x0 0x0 0x0 0x0 0x0 0x9 0x2 0x0 0x0 oops 0 methods 0
ciMethodData java/util/ArrayList toArray ([Ljava/lang/Object;)[Ljava/lang/Object; 2 5285 orig 80 2 0 0 0 0 0 0 0 0 0 0 0 0 0 0 0 0 0 0 0 1 0 1 0 0 0 0 0 0 0 0 0 0 0 0 0 0 0 0 0 0 0 0 0 0 0 0 0 0 0 0 0 0 0 0 0 0 0 0 0 0 0 0 0 0 0 0 0 0 0 0 0 0 0 0 0 0 0 0 0 data 36 0x60007 0x1190 0x68 0x315 0x120005 0x315 0x0 0x0 0x0 0x0 0x0 0x8000000400150002 0x316 0x8000000600240002 0x1191 0x2d0007 0x1190 0x58 0x1 0x360104 0x0 0x0 0x0 0x0 0x0 0x0 0x0 0x0 0x0 0x0 0x0 0x0 0x9 0x2 0x0 0xffffffffffffffff oops 0 methods 0
ciMethodData java/util/ArrayList <init> (I)V 2 5121 orig 80 0 0 0 0 0 0 0 0 0 0 0 0 0 0 0 0 0 0 0 0 0 0 0 0 0 0 0 0 0 0 0 0 0 0 0 0 0 0 0 0 0 0 0 0 0 0 0 0 0 0 0 0 0 0 0 0 0 0 0 0 0 0 0 0 0 0 0 0 0 0 0 0 0 0 0 0 0 0 0 0 data 51 0x10002 0x1401 0x50007 0x2a8 0x38 0x1159 0x100003 0x1159 0x118 0x140007 0x0 0x38 0x2a8 0x1e0003 0x2a8 0xe0 0x290002 0x0 0x2e0005 0x0 0x0 0x0 0x0 0x0 0x0 0x320005 0x0 0x0 0x0 0x0 0x0 0x0 0x350005 0x0 0x0 0x0 0x0 0x0 0x0 0x380002 0x0 0x0 0x0 0x0 0x0 0x0 0x0 0x9 0x2 0x0 0x0 oops 0 methods 0
ciMethodData java/lang/ThreadLocal getMap (Ljava/lang/Thread;)Ljava/lang/ThreadLocal$ThreadLocalMap; 2 8296 orig 80 0 0 0 0 0 0 0 0 0 0 0 0 81 1 0 0 0 0 0 0 0 0 0 0 0 0 0 0 0 0 0 0 0 0 0 0 0 0 0 0 0 0 0 0 0 0 0 0 0 0 0 0 0 0 0 0 0 0 0 0 0 0 0 0 0 0 0 0 0 0 0 0 0 0 0 0 0 0 0 0 data 6 0x0 0x0 0x9 0x2 0x0 0x0 oops 0 methods 0
ciMethodData java/lang/ThreadLocal get ()Ljava/lang/Object; 2 13652 orig 80 1 0 0 0 0 0 0 0 0 0 0 0 81 1 0 0 0 0 0 0 0 0 0 0 0 0 0 0 0 0 0 0 0 0 0 0 0 0 0 0 0 0 0 0 0 0 0 0 0 0 0 0 0 0 0 0 0 0 0 0 0 0 0 0 0 0 0 0 0 0 0 0 0 0 0 0 0 0 0 0 data 18 0x10002 0x3554 0x40005 0x3554 0x0 0x0 0x0 0x0 0x0 0x0 0x0 0x0 0x0 0x0 0x0 0x9 0x1 0xffffffffffffffff oops 0 methods 0
ciMethodData java/lang/ThreadLocal get (Ljava/lang/Thread;)Ljava/lang/Object; 2 5262 orig 80 1 0 0 0 0 0 0 0 0 0 0 0 81 1 0 0 0 0 0 0 0 0 0 0 0 0 0 0 0 0 0 0 0 0 0 0 0 0 0 0 0 0 0 0 0 0 0 0 0 0 0 0 0 0 0 0 0 0 0 0 0 0 0 0 0 0 0 0 0 0 0 0 0 0 0 0 0 0 0 0 data 39 0x20005 0xb 0x0 0x1517b63d848 0xea8 0x1517b640e68 0x5db 0x70007 0x4 0x78 0x148a 0xc0005 0x148a 0x0 0x0 0x0 0x0 0x0 0x110007 0x27 0x20 0x1463 0x1f0005 0x2b 0x0 0x0 0x0 0x0 0x0 0x0 0x0 0x0 0x0 0x0 0x0 0x9 0x2 0xffffffffffffffff 0xffffffffffffffff oops 2 3 java/lang/ThreadLocal 5 sun/nio/fs/NativeBuffers$1 methods 0
ciMethodData java/lang/ThreadLocal$ThreadLocalMap getEntry (Ljava/lang/ThreadLocal;)Ljava/lang/ThreadLocal$ThreadLocalMap$Entry; 2 5138 orig 80 0 0 0 0 0 0 0 0 0 0 0 0 0 0 0 0 0 0 0 0 0 0 0 0 0 0 0 0 0 0 0 0 0 0 0 0 0 0 0 0 0 0 0 0 0 0 0 0 0 0 0 0 0 0 0 0 0 0 0 0 0 0 0 0 0 0 0 0 0 0 0 0 0 0 0 0 0 0 0 0 data 32 0x150007 0x1d 0x78 0x13f5 0x1a0005 0x13f5 0x0 0x0 0x0 0x0 0x0 0x1d0007 0x92 0x20 0x1363 0x260005 0xaf 0x0 0x0 0x0 0x0 0x0 0x0 0x0 0x0 0x0 0x0 0x0 0x9 0x2 0x0 0x0 oops 0 methods 0
ciMethodData java/lang/ThreadLocal$ThreadLocalMap getEntryAfterMiss (Ljava/lang/ThreadLocal;ILjava/lang/ThreadLocal$ThreadLocalMap$Entry;)Ljava/lang/ThreadLocal$ThreadLocalMap$Entry; 2 4896 orig 80 0 0 0 0 0 0 0 0 0 0 0 0 81 1 0 0 0 0 0 0 0 0 0 0 0 0 0 0 0 0 0 0 0 0 0 0 0 0 0 0 0 0 0 0 0 0 0 0 0 0 0 0 0 0 0 0 0 0 0 0 0 0 0 0 0 0 0 0 0 0 0 0 0 0 0 0 0 0 0 0 data 53 0xc0007 0x352 0x148 0x2b9a 0x110005 0x2b9a 0x0 0x0 0x0 0x0 0x0 0x140007 0x1bcc 0x20 0xfce 0x1b0005 0x1bcc 0x0 0x0 0x0 0x0 0x0 0x1e0007 0x1bcc 0x70 0x0 0x230005 0x0 0x0 0x0 0x0 0x0 0x0 0x270003 0x0 0x28 0x2d0002 0x1bcc 0x360003 0x1bcc 0xfffffffffffffed0 0x0 0x0 0x0 0x0 0x0 0x0 0x9 0x4 0x6 0xffffffffffffffff 0x0 0xffffffffffffffff oops 0 methods 0
ciMethodData java/lang/ThreadLocal setInitialValue (Ljava/lang/Thread;)Ljava/lang/Object; 1 960 orig 80 0 0 0 0 0 0 0 0 0 0 0 0 81 1 0 0 0 0 0 0 0 0 0 0 0 0 0 0 0 0 0 0 0 0 0 0 0 0 0 0 0 0 0 0 0 0 0 0 0 0 0 0 0 0 0 0 0 0 0 0 0 0 0 0 0 0 0 0 0 0 0 0 0 0 0 0 0 0 0 0 data 71 0x10005 0x8e 0x0 0x1517b63d848 0x2fd 0x1517b640e68 0x35 0x70005 0x8d 0x0 0x1517b63d848 0x2fd 0x1517b640e68 0x35 0xc0007 0x3a 0x70 0x386 0x120005 0x385 0x0 0x0 0x0 0x0 0x0 0x150003 0x386 0x50 0x1b0005 0x2d 0x0 0x1517b63d848 0xc 0x1517b5234c8 0x1 0x230004 0xfffffffffffffc98 0x0 0x1517b63d848 0x114 0x1517b640e68 0x35 0x260007 0x368 0x68 0x58 0x2b0004 0x0 0x0 0x1517b640e68 0x35 0x1517b523578 0x23 0x320002 0x58 0x380007 0x3c0 0x30 0x0 0x3b0002 0x0 0x0 0x0 0x0 0x0 0x0 0x0 0x9 0x2 0xffffffffffffffff 0xffffffffffffffff oops 10 3 java/lang/ThreadLocal 5 sun/nio/fs/NativeBuffers$1 10 java/lang/ThreadLocal 12 sun/nio/fs/NativeBuffers$1 31 java/lang/ThreadLocal 33 sun/nio/ch/Invoker$1 38 java/lang/ThreadLocal 40 sun/nio/fs/NativeBuffers$1 49 sun/nio/fs/NativeBuffers$1 51 sun/nio/ch/Util$1 methods 0
ciMethod org/eclipse/jdt/core/compiler/CharOperation arrayConcat ([[C[C)[[C 540 0 430 0 -1
ciMethod org/eclipse/jdt/core/compiler/CharOperation equals ([[C[[C)Z 942 910 6037 0 -1
ciMethod org/eclipse/jdt/core/compiler/CharOperation equals ([C[C)Z 4140 0 68462 0 296
ciMethod org/eclipse/jdt/core/compiler/CharOperation equals ([C[CII)Z 320 0 1235 0 -1
ciMethod org/eclipse/jdt/core/compiler/CharOperation indexOf (C[CI)I 250 4158 3621 0 -1
ciMethod org/eclipse/jdt/core/compiler/CharOperation splitOn (C[CII)[[C 264 11900 1044 0 3328
ciMethod org/eclipse/jdt/core/compiler/CharOperation subarray ([[CII)[[C 662 0 349 0 -1
ciMethod org/eclipse/jdt/core/compiler/CharOperation subarray ([CII)[C 530 0 3415 0 -1
ciMethod org/eclipse/jdt/core/compiler/CharOperation toString ([[C)Ljava/lang/String; 448 0 201 0 -1
ciMethod org/eclipse/jdt/internal/compiler/lookup/TypeBinding <init> ()V 512 0 1893 0 0
ciMethod org/eclipse/jdt/internal/compiler/lookup/TypeBinding dimensions ()I 260 0 111 0 -1
ciMethod org/eclipse/jdt/internal/compiler/lookup/TypeBinding enclosingType ()Lorg/eclipse/jdt/internal/compiler/lookup/ReferenceBinding; 258 0 129 0 0
ciMethod org/eclipse/jdt/internal/compiler/lookup/TypeBinding erasure ()Lorg/eclipse/jdt/internal/compiler/lookup/TypeBinding; 512 0 1829 0 80
ciMethod org/eclipse/jdt/internal/compiler/lookup/TypeBinding isGenericType ()Z 0 0 1 0 -1
ciMethod org/eclipse/jdt/internal/compiler/lookup/TypeBinding isMemberType ()Z 532 0 1467 0 0
ciMethod org/eclipse/jdt/internal/compiler/lookup/TypeBinding isParameterizedType ()Z 256 0 128 0 -1
ciMethod org/eclipse/jdt/internal/compiler/lookup/TypeBinding hasNullTypeAnnotations ()Z 384 0 1124 0 -1
ciMethod org/eclipse/jdt/internal/compiler/lookup/TypeBinding isStatic ()Z 0 0 1 0 -1
ciMethod org/eclipse/jdt/internal/compiler/lookup/TypeBinding kind ()I 256 0 128 0 0
ciMethod org/eclipse/jdt/internal/compiler/lookup/TypeBinding leafComponentType ()Lorg/eclipse/jdt/internal/compiler/lookup/TypeBinding; 512 0 1887 0 -1
ciMethod org/eclipse/jdt/internal/compiler/lookup/TypeBinding unannotated ()Lorg/eclipse/jdt/internal/compiler/lookup/TypeBinding; 0 0 1 0 -1
ciMethod org/eclipse/jdt/internal/compiler/lookup/TypeBinding typeVariables ()[Lorg/eclipse/jdt/internal/compiler/lookup/TypeVariableBinding; 0 0 1 0 -1
ciMethod org/eclipse/jdt/internal/compiler/lookup/TypeBinding notEquals (Lorg/eclipse/jdt/internal/compiler/lookup/TypeBinding;Lorg/eclipse/jdt/internal/compiler/lookup/TypeBinding;)Z 518 0 7907 0 168
ciMethod org/eclipse/jdt/internal/compiler/lookup/TypeBinding isUnresolvedType ()Z 256 0 128 0 -1
ciMethod org/eclipse/jdt/internal/compiler/lookup/Binding <init> ()V 1006 0 9779 0 0
ciMethod org/eclipse/jdt/internal/compiler/lookup/Binding isValidBinding ()Z 92 0 17248 0 120
ciMethod org/eclipse/jdt/internal/compiler/lookup/Binding problemId ()I 318 0 185 0 -1
ciMethod org/eclipse/jdt/internal/compiler/lookup/ReferenceBinding <init> ()V 512 0 1806 0 0
ciMethod org/eclipse/jdt/internal/compiler/lookup/ReferenceBinding computeId ()V 512 0 588 0 -1
ciMethod org/eclipse/jdt/internal/compiler/lookup/ReferenceBinding depth ()I 0 0 1 0 -1
ciMethod org/eclipse/jdt/internal/compiler/lookup/ReferenceBinding getMemberType ([C)Lorg/eclipse/jdt/internal/compiler/lookup/ReferenceBinding; 512 0 19 0 -1
ciMethod org/eclipse/jdt/internal/compiler/lookup/ReferenceBinding isAnnotationType ()Z 198 0 309 0 -1
ciMethod org/eclipse/jdt/internal/compiler/lookup/ReferenceBinding isEnum ()Z 306 0 742 0 0
ciMethod org/eclipse/jdt/internal/compiler/lookup/ReferenceBinding isInterface ()Z 524 0 8308 0 96
ciMethod org/eclipse/jdt/internal/compiler/lookup/ReferenceBinding isStatic ()Z 180 0 9692 0 144
ciMethod org/eclipse/jdt/internal/compiler/lookup/ReferenceBinding isStrictfp ()Z 528 0 4634 0 -1
ciMethod org/eclipse/jdt/internal/compiler/lookup/ReferenceBinding storeAnnotationHolder (Lorg/eclipse/jdt/internal/compiler/lookup/Binding;Lorg/eclipse/jdt/internal/compiler/lookup/AnnotationHolder;)V 124 0 55 0 -1
ciMethod org/eclipse/jdt/internal/compiler/lookup/PackageBinding addPackage (Lorg/eclipse/jdt/internal/compiler/lookup/PackageBinding;Lorg/eclipse/jdt/internal/compiler/lookup/ModuleBinding;)Lorg/eclipse/jdt/internal/compiler/lookup/PackageBinding; 768 0 414 0 -1
ciMethod org/eclipse/jdt/internal/compiler/lookup/PackageBinding addType (Lorg/eclipse/jdt/internal/compiler/lookup/ReferenceBinding;)V 276 24 588 0 0
ciMethod org/eclipse/jdt/internal/compiler/lookup/PackageBinding clearMissingTagBit ()V 588 924 1002 0 -1
ciMethod org/eclipse/jdt/internal/compiler/lookup/PackageBinding getPackage0 ([C)Lorg/eclipse/jdt/internal/compiler/lookup/PackageBinding; 518 0 6480 0 -1
ciMethod org/eclipse/jdt/internal/compiler/lookup/PackageBinding getPackage0Any ([C)Lorg/eclipse/jdt/internal/compiler/lookup/PackageBinding; 518 0 8876 0 -1
ciMethod org/eclipse/jdt/internal/compiler/lookup/PackageBinding getType0 ([C)Lorg/eclipse/jdt/internal/compiler/lookup/ReferenceBinding; 520 0 12964 0 1400
ciMethod org/eclipse/jdt/internal/compiler/lookup/PackageBinding checkIfAnalysisAnnotationType (Lorg/eclipse/jdt/internal/compiler/lookup/ReferenceBinding;)V 0 0 1 0 -1
ciMethod org/eclipse/jdt/internal/compiler/lookup/PackageBinding getIncarnation (Lorg/eclipse/jdt/internal/compiler/lookup/ModuleBinding;)Lorg/eclipse/jdt/internal/compiler/lookup/PlainPackageBinding; 0 0 1 0 -1
ciMethod org/eclipse/jdt/internal/compiler/lookup/PackageBinding hasCompilationUnit (Z)Z 76 198 132 0 -1
ciMethod org/eclipse/jdt/internal/compiler/lookup/MethodBinding <init> (I[CLorg/eclipse/jdt/internal/compiler/lookup/TypeBinding;[Lorg/eclipse/jdt/internal/compiler/lookup/TypeBinding;[Lorg/eclipse/jdt/internal/compiler/lookup/ReferenceBinding;Lorg/eclipse/jdt/internal/compiler/lookup/ReferenceBinding;)V 522 0 4413 0 -1
ciMethod org/eclipse/jdt/internal/compiler/lookup/MethodBinding <init> (I[Lorg/eclipse/jdt/internal/compiler/lookup/TypeBinding;[Lorg/eclipse/jdt/internal/compiler/lookup/ReferenceBinding;Lorg/eclipse/jdt/internal/compiler/lookup/ReferenceBinding;)V 78 0 284 0 -1
ciMethod org/eclipse/jdt/internal/compiler/lookup/MethodBinding isAbstract ()Z 0 0 3537 0 -1
ciMethod org/eclipse/jdt/internal/compiler/lookup/MethodBinding isNative ()Z 448 0 1912 0 -1
ciMethod org/eclipse/jdt/internal/compiler/lookup/MethodBinding setTypeAnnotations ([Lorg/eclipse/jdt/internal/compiler/lookup/AnnotationBinding;)V 4 0 2 0 -1
ciMethod org/eclipse/jdt/internal/compiler/lookup/MethodBinding setAnnotations ([Lorg/eclipse/jdt/internal/compiler/lookup/AnnotationBinding;[[Lorg/eclipse/jdt/internal/compiler/lookup/AnnotationBinding;Ljava/lang/Object;Lorg/eclipse/jdt/internal/compiler/lookup/LookupEnvironment;)V 10 0 54 0 -1
ciMethod org/eclipse/jdt/internal/compiler/lookup/TypeVariableBinding <init> ([CLorg/eclipse/jdt/internal/compiler/lookup/Binding;ILorg/eclipse/jdt/internal/compiler/lookup/LookupEnvironment;)V 320 0 302 0 -1
ciMethod org/eclipse/jdt/internal/compiler/lookup/TypeVariableBinding resolve ()Lorg/eclipse/jdt/internal/compiler/lookup/ReferenceBinding; 54 0 132 0 -1
ciMethod org/eclipse/jdt/internal/compiler/lookup/TypeVariableBinding setTypeAnnotations ([Lorg/eclipse/jdt/internal/compiler/lookup/AnnotationBinding;Z)V 0 0 1 0 -1
ciMethod org/eclipse/jdt/internal/compiler/lookup/WildcardBinding resolve ()Lorg/eclipse/jdt/internal/compiler/lookup/ReferenceBinding; 6 0 24 0 -1
ciMethod org/eclipse/jdt/internal/compiler/lookup/ModuleBinding createDeclaredToplevelPackage ([C)Lorg/eclipse/jdt/internal/compiler/lookup/PlainPackageBinding; 0 0 1 0 -1
ciMethod org/eclipse/jdt/internal/compiler/lookup/ModuleBinding createDeclaredPackage ([[CLorg/eclipse/jdt/internal/compiler/lookup/PackageBinding;)Lorg/eclipse/jdt/internal/compiler/lookup/PlainPackageBinding; 6 0 9 0 -1
ciMethod org/eclipse/jdt/internal/compiler/lookup/ModuleBinding dependencyCollector ()Ljava/util/function/Supplier; 20 0 13 0 -1
ciMethod org/eclipse/jdt/internal/compiler/lookup/ModuleBinding getAllRequiredModules ()[Lorg/eclipse/jdt/internal/compiler/lookup/ModuleBinding; 514 0 809 0 0
ciMethod org/eclipse/jdt/internal/compiler/lookup/ModuleBinding getTopLevelPackage ([C)Lorg/eclipse/jdt/internal/compiler/lookup/PackageBinding; 512 0 611 0 -1
ciMethod org/eclipse/jdt/internal/compiler/lookup/ModuleBinding getVisiblePackage (Lorg/eclipse/jdt/internal/compiler/lookup/PackageBinding;[C)Lorg/eclipse/jdt/internal/compiler/lookup/PackageBinding; 946 20 1115 0 -1
ciMethod org/eclipse/jdt/internal/compiler/lookup/ModuleBinding getVisiblePackage ([[C)Lorg/eclipse/jdt/internal/compiler/lookup/PackageBinding; 278 644 215 0 -1
ciMethod org/eclipse/jdt/internal/compiler/lookup/ModuleBinding isUnnamed ()Z 256 0 128 0 0
ciMethod org/eclipse/jdt/internal/compiler/problem/ProblemReporter corruptedSignature (Lorg/eclipse/jdt/internal/compiler/lookup/TypeBinding;[CI)V 0 0 1 0 -1
ciMethod org/eclipse/jdt/internal/compiler/problem/ProblemReporter isClassPathCorrect ([[CLorg/eclipse/jdt/internal/compiler/ast/CompilationUnitDeclaration;Ljava/lang/Object;ZLorg/eclipse/jdt/internal/compiler/lookup/ReferenceBinding;)V 0 0 1 0 -1
ciMethod org/eclipse/jdt/internal/compiler/problem/ProblemReporter undefinedTypeVariableSignature ([CLorg/eclipse/jdt/internal/compiler/lookup/ReferenceBinding;)V 0 0 1 0 -1
ciMethod org/eclipse/jdt/internal/compiler/env/IModuleAwareNameEnvironment getUniqueModulesDeclaringPackage ([[C[C)[[C 268 114 235 0 -1
ciMethod org/eclipse/jdt/internal/compiler/env/IBinaryType enrichWithExternalAnnotationsFor (Lorg/eclipse/jdt/internal/compiler/env/ITypeAnnotationWalker;Ljava/lang/Object;Lorg/eclipse/jdt/internal/compiler/lookup/LookupEnvironment;)Lorg/eclipse/jdt/internal/compiler/env/ITypeAnnotationWalker; 0 0 1 0 -1
ciMethodData java/util/Arrays equals ([C[C)Z 2 5969 orig 80 0 0 0 0 0 0 0 0 0 0 0 0 81 1 0 0 0 0 0 0 0 0 0 0 0 0 0 0 0 0 0 0 0 0 0 0 0 0 0 0 0 0 0 0 0 0 0 0 0 0 0 0 0 0 0 0 0 0 0 0 0 0 0 0 0 0 0 0 0 0 0 0 0 0 0 0 0 0 0 0 data 35 0x20007 0x15a2 0x20 0x1af 0x80007 0x2 0x40 0x15a0 0xc0007 0x15a0 0x20 0x0 0x170007 0x825 0x20 0xd7b 0x1f0002 0x825 0x220007 0x13b 0x38 0x6ea 0x260003 0x6ea 0x18 0x0 0x0 0x0 0x0 0x0 0x0 0x9 0x2 0xffffffffffffffff 0xffffffffffffffff oops 0 methods 0
ciMethodData jdk/internal/util/ArraysSupport mismatch ([C[CI)I 2 1031 orig 80 0 0 0 0 0 0 0 0 0 0 0 0 81 1 0 0 0 0 0 0 0 0 0 0 0 0 0 0 0 0 0 0 0 0 0 0 0 0 0 0 0 0 0 0 0 0 0 0 0 0 0 0 0 0 0 0 0 0 0 0 0 0 0 0 0 0 0 0 0 0 0 0 0 0 0 0 0 0 0 0 data 36 0x40007 0x48 0x70 0x3bf 0xd0007 0x364 0x20 0x5b 0x200002 0x364 0x250007 0x33a 0x20 0x2a 0x320007 0x382 0x58 0xeb 0x3b0007 0xeb 0x20 0x0 0x430003 0xeb 0xffffffffffffffc0 0x0 0x0 0x0 0x0 0x0 0x0 0x9 0x3 0xffffffffffffffff 0xffffffffffffffff 0x0 oops 0 methods 0
ciMethodData jdk/internal/util/ArraysSupport vectorizedMismatch (Ljava/lang/Object;JLjava/lang/Object;JII)I 1 0 orig 80 0 0 0 0 0 0 0 0 0 0 0 0 0 0 0 0 0 0 0 0 0 0 0 0 0 0 0 0 0 0 0 0 0 0 0 0 0 0 0 0 0 0 0 0 0 0 0 0 0 0 0 0 0 0 0 0 0 0 0 0 0 0 0 0 0 0 0 0 0 0 0 0 0 0 0 0 0 0 0 0 data 101 0x120007 0x0 0x150 0x0 0x26000b 0x0 0x0 0x0 0x0 0x0 0x0 0x2 0x1 0x0 0x34000b 0x0 0x0 0x0 0x0 0x0 0x0 0x2 0x1 0x0 0x3e0007 0x0 0x78 0x0 0x4b0007 0x0 0x48 0x0 0x500002 0x0 0x5a0003 0x0 0x28 0x5f0002 0x0 0x770003 0x0 0xfffffffffffffec8 0x890007 0x0 0x158 0x0 0x9a0007 0x0 0x138 0x0 0xae000b 0x0 0x0 0x0 0x0 0x0 0x0 0x2 0x1 0x0 0xbc000b 0x0 0x0 0x0 0x0 0x0 0x0 0x2 0x1 0x0 0xc50007 0x0 0x78 0x0 0xd20007 0x0 0x48 0x0 0xd70002 0x0 0xe10003 0x0 0x28 0xe60002 0x0 0x0 0x0 0x0 0x0 0x0 0x0 0x9 0x8 0x0 0x0 0x0 0x0 0x0 0x0 0x0 0x0 oops 0 methods 0
ciMethod org/eclipse/jdt/internal/compiler/util/CharDeduplication getThreadLocalInstance ()Lorg/eclipse/jdt/internal/compiler/util/CharDeduplication; 4184 0 8974 0 408
ciMethod org/eclipse/jdt/internal/compiler/util/CharDeduplication <init> ()V 2 0 2 0 -1
ciMethod org/eclipse/jdt/internal/compiler/util/CharDeduplication intern ([C)[C 492 0 9072 0 472
ciMethod org/eclipse/jdt/internal/compiler/util/CharDeduplication sharedCopyOfRange ([CII)[C 4304 34224 9049 0 2672
ciMethod org/eclipse/jdt/internal/compiler/util/CharDeduplication hashCode ([CII)I 4130 36138 5233 0 -1
ciMethod org/eclipse/jdt/internal/compiler/util/CharDeduplication equals ([CII[C)Z 4110 31288 6436 0 -1
ciMethod org/eclipse/jdt/internal/compiler/classfmt/ClassFileReader enrichWithExternalAnnotationsFor (Lorg/eclipse/jdt/internal/compiler/env/ITypeAnnotationWalker;Ljava/lang/Object;Lorg/eclipse/jdt/internal/compiler/lookup/LookupEnvironment;)Lorg/eclipse/jdt/internal/compiler/env/ITypeAnnotationWalker; 386 0 2619 0 80
ciMethod org/eclipse/jdt/internal/compiler/classfmt/ClassFileStruct u2At (I)I 44506 0 112852 0 192
ciMethod org/eclipse/jdt/internal/compiler/classfmt/ClassFileStruct u4At (I)I 4614 0 2311 0 232
ciMethod org/eclipse/jdt/internal/compiler/classfmt/ClassFileStruct utf8At (II)[C 4330 79066 15934 0 1760
ciMethod org/eclipse/jdt/internal/compiler/env/IBinaryMethod getAnnotations ()[Lorg/eclipse/jdt/internal/compiler/env/IBinaryAnnotation; 0 0 1 0 -1
ciMethod org/eclipse/jdt/internal/compiler/env/IBinaryMethod getDefaultValue ()Ljava/lang/Object; 0 0 1 0 -1
ciMethod org/eclipse/jdt/internal/compiler/env/IBinaryMethod getExceptionTypeNames ()[[C 0 0 1 0 -1
ciMethod org/eclipse/jdt/internal/compiler/env/IBinaryMethod getGenericSignature ()[C 0 0 1 0 -1
ciMethod org/eclipse/jdt/internal/compiler/env/IBinaryMethod getMethodDescriptor ()[C 0 0 1 0 -1
ciMethod org/eclipse/jdt/internal/compiler/env/IBinaryMethod getParameterAnnotations (I[C)[Lorg/eclipse/jdt/internal/compiler/env/IBinaryAnnotation; 0 0 1 0 -1
ciMethod org/eclipse/jdt/internal/compiler/env/IBinaryMethod getSelector ()[C 0 0 1 0 -1
ciMethod org/eclipse/jdt/internal/compiler/env/IBinaryMethod getTagBits ()J 0 0 1 0 -1
ciMethod org/eclipse/jdt/internal/compiler/env/IBinaryMethod getTypeAnnotations ()[Lorg/eclipse/jdt/internal/compiler/env/IBinaryTypeAnnotation; 0 0 1 0 -1
ciMethod org/eclipse/jdt/internal/compiler/env/IBinaryMethod getModifiers ()I 0 0 1 0 -1
ciMethod org/eclipse/jdt/internal/compiler/env/IBinaryMethod isConstructor ()Z 0 0 1 0 -1
ciMethod org/eclipse/jdt/internal/compiler/env/IBinaryMethod getArgumentNames ()[[C 0 0 1 0 -1
ciMethod org/eclipse/jdt/internal/compiler/env/IBinaryAnnotation getTypeName ()[C 0 0 1 0 -1
ciMethodData org/eclipse/jdt/internal/compiler/classfmt/ClassFileStruct u2At (I)I 2 90599 orig 80 0 0 0 0 0 0 0 0 0 0 0 0 0 0 0 0 0 0 0 0 0 0 0 0 0 0 0 0 0 0 0 0 0 0 0 0 0 0 0 0 0 0 0 0 0 0 0 0 0 0 0 0 0 0 0 0 0 0 0 0 0 0 0 0 0 0 0 0 0 0 0 0 0 0 0 0 0 0 0 0 data 8 0x0 0x0 0x0 0x0 0x9 0x2 0x0 0x0 oops 0 methods 0
ciMethodData org/eclipse/jdt/internal/compiler/classfmt/ClassFileStruct utf8At (II)[C 2 13769 orig 80 2 0 0 0 0 0 0 0 0 0 0 0 0 0 0 0 0 0 0 0 0 0 0 0 0 0 0 0 0 0 0 0 0 0 1 0 0 0 0 1 0 0 0 0 0 0 0 0 0 0 0 0 0 0 0 0 0 0 0 0 0 0 0 0 0 0 0 0 0 0 0 0 0 0 0 0 0 0 0 0 data 35 0x120003 0x35ca 0x70 0x80000006002e0007 0x2ac5c 0x58 0x6 0x360007 0x2 0x38 0x4 0x650003 0x4 0x18 0x8f0007 0x2ac61 0xffffffffffffffa8 0x35cd 0x950007 0x35cb 0x30 0x2 0xa50002 0x2 0x0 0x0 0x0 0x0 0x0 0x0 0x9 0x3 0x0 0x0 0x0 oops 0 methods 0
ciMethodData org/eclipse/jdt/internal/compiler/util/CharDeduplication sharedCopyOfRange ([CII)[C 2 6897 orig 80 1 0 0 0 0 0 0 0 0 0 0 0 81 1 0 0 0 0 0 0 0 0 0 0 0 0 0 0 0 0 0 0 0 0 0 0 0 0 0 1 0 0 0 0 0 0 0 0 0 0 0 0 0 0 0 0 0 0 0 0 0 0 0 0 0 0 0 0 0 0 0 0 0 0 0 0 0 0 0 0 data 69 0x70008 0x6 0x1a2d 0x60 0x0 0x60 0xc4 0x40 0x270007 0x0 0x20 0xc4 0x390005 0x1a2d 0x0 0x0 0x0 0x0 0x0 0x4c0003 0x1a2d 0xa8 0x650007 0x3aac 0x38 0x93b6 0x6c0003 0x93b6 0x70 0x750005 0x3aac 0x0 0x0 0x0 0x0 0x0 0x780007 0x26e0 0x20 0x13cc 0x850007 0xce62 0xffffffffffffff70 0x661 0x8b0002 0x661 0x8000000600930007 0x656 0x20 0xc 0xba0004 0x0 0x0 0x151753d55b0 0x662 0x0 0x0 0x0 0x0 0x0 0x0 0x0 0x0 0x9 0x4 0x0 0x0 0x0 0x0 oops 1 53 [C methods 0
ciMethodData org/eclipse/jdt/core/compiler/CharOperation equals ([C[C)Z 2 66562 orig 80 0 0 0 0 0 0 0 0 0 0 0 0 0 0 0 0 0 0 0 0 0 0 0 0 0 0 0 0 0 0 0 0 0 0 0 0 0 0 0 0 0 0 0 0 0 0 0 0 0 0 0 0 0 0 0 0 0 0 0 0 0 0 0 0 0 0 0 0 0 0 0 0 0 0 0 0 0 0 0 0 data 12 0x20002 0x10402 0x0 0x0 0x0 0x0 0x0 0x0 0x9 0x2 0xffffffffffffffff 0xffffffffffffffff oops 0 methods 0
ciMethod org/eclipse/jdt/internal/compiler/classfmt/AnnotationInfo getTypeName ()[C 268 0 134 0 0
ciMethodData org/eclipse/jdt/internal/compiler/classfmt/ClassFileStruct u4At (I)I 1 4 orig 80 0 0 0 0 0 0 0 0 0 0 0 0 0 0 0 0 0 0 0 0 0 0 0 0 0 0 0 0 0 0 0 0 0 0 0 0 0 0 0 0 0 0 0 0 0 0 0 0 0 0 0 0 0 0 0 0 0 0 0 0 0 0 0 0 0 0 0 0 0 0 0 0 0 0 0 0 0 0 0 0 data 8 0x0 0x0 0x0 0x0 0x9 0x2 0x0 0x0 oops 0 methods 0
ciMethodData org/eclipse/jdt/internal/compiler/util/CharDeduplication intern ([C)[C 2 8912 orig 80 0 0 0 0 0 0 0 0 0 0 0 0 81 1 0 0 0 0 0 0 0 0 0 0 0 0 0 0 0 0 0 0 0 0 0 0 0 0 0 0 0 0 0 0 0 0 0 0 0 0 0 0 0 0 0 0 0 0 0 0 0 0 0 0 0 0 0 0 0 0 0 0 0 0 0 0 0 0 0 0 data 18 0x2 0x22d0 0x70005 0x0 0x0 0x15109c6f8a0 0x22d0 0x0 0x0 0x0 0x0 0x0 0x0 0x0 0x0 0x9 0x1 0xffffffffffffffff oops 1 5 org/eclipse/jdt/internal/compiler/util/CharDeduplication methods 0
ciMethodData org/eclipse/jdt/internal/compiler/util/CharDeduplication getThreadLocalInstance ()Lorg/eclipse/jdt/internal/compiler/util/CharDeduplication; 2 6882 orig 80 0 0 0 0 0 0 0 0 0 0 0 0 81 1 0 0 0 0 0 0 0 0 0 0 0 0 0 0 0 0 0 0 0 0 0 0 0 0 0 0 0 0 0 0 0 0 0 0 0 0 0 0 0 0 0 0 0 0 0 0 0 0 0 0 0 0 0 0 0 0 0 0 0 0 0 0 0 0 0 0 data 51 0x30005 0x0 0x0 0x1517b63e510 0x1ae2 0x0 0x0 0x60004 0x0 0x0 0x151753c0d58 0x1ae2 0x0 0x0 0x90005 0x0 0x0 0x151753c0d58 0x1ae2 0x0 0x0 0xc0004 0x0 0x0 0x15109c6f8a0 0x1ae2 0x0 0x0 0x110007 0x1ae2 0x78 0x0 0x180002 0x0 0x240002 0x0 0x270005 0x0 0x0 0x0 0x0 0x0 0x0 0x0 0x0 0x0 0x0 0x0 0x0 0x9 0x0 oops 4 3 java/lang/ThreadLocal$SuppliedThreadLocal 10 java/lang/ref/SoftReference 17 java/lang/ref/SoftReference 24 org/eclipse/jdt/internal/compiler/util/CharDeduplication methods 0
ciMethod org/eclipse/jdt/internal/compiler/lookup/LookupEnvironment getModule ([C)Lorg/eclipse/jdt/internal/compiler/lookup/ModuleBinding; 320 0 171 0 -1
ciMethod org/eclipse/jdt/internal/compiler/lookup/LookupEnvironment javaBaseModule ()Lorg/eclipse/jdt/internal/compiler/lookup/ModuleBinding; 306 0 2711 0 -1
ciMethod org/eclipse/jdt/internal/compiler/lookup/LookupEnvironment computePackageFrom ([[CZ)Lorg/eclipse/jdt/internal/compiler/lookup/PackageBinding; 106 144 485 0 0
ciMethod org/eclipse/jdt/internal/compiler/lookup/LookupEnvironment convertUnresolvedBinaryToRawType (Lorg/eclipse/jdt/internal/compiler/lookup/TypeBinding;)Lorg/eclipse/jdt/internal/compiler/lookup/TypeBinding; 512 0 5402 0 0
ciMethod org/eclipse/jdt/internal/compiler/lookup/LookupEnvironment createArrayType (Lorg/eclipse/jdt/internal/compiler/lookup/TypeBinding;I)Lorg/eclipse/jdt/internal/compiler/lookup/ArrayBinding; 2 0 1 0 -1
ciMethod org/eclipse/jdt/internal/compiler/lookup/LookupEnvironment createArrayType (Lorg/eclipse/jdt/internal/compiler/lookup/TypeBinding;I[Lorg/eclipse/jdt/internal/compiler/lookup/AnnotationBinding;)Lorg/eclipse/jdt/internal/compiler/lookup/ArrayBinding; 6 0 128 0 -1
ciMethod org/eclipse/jdt/internal/compiler/lookup/LookupEnvironment createMissingType (Lorg/eclipse/jdt/internal/compiler/lookup/PackageBinding;[[C)Lorg/eclipse/jdt/internal/compiler/lookup/MissingTypeBinding; 0 0 1 0 -1
ciMethod org/eclipse/jdt/internal/compiler/lookup/LookupEnvironment usesAnnotatedTypeSystem ()Z 0 0 1 0 -1
ciMethod org/eclipse/jdt/internal/compiler/lookup/LookupEnvironment createParameterizedType (Lorg/eclipse/jdt/internal/compiler/lookup/ReferenceBinding;[Lorg/eclipse/jdt/internal/compiler/lookup/TypeBinding;Lorg/eclipse/jdt/internal/compiler/lookup/ReferenceBinding;)Lorg/eclipse/jdt/internal/compiler/lookup/ParameterizedTypeBinding; 146 0 957 0 -1
ciMethod org/eclipse/jdt/internal/compiler/lookup/LookupEnvironment createAnnotatedType (Lorg/eclipse/jdt/internal/compiler/lookup/TypeBinding;[Lorg/eclipse/jdt/internal/compiler/lookup/AnnotationBinding;)Lorg/eclipse/jdt/internal/compiler/lookup/TypeBinding; 0 0 1 0 -1
ciMethod org/eclipse/jdt/internal/compiler/lookup/LookupEnvironment createRawType (Lorg/eclipse/jdt/internal/compiler/lookup/ReferenceBinding;Lorg/eclipse/jdt/internal/compiler/lookup/ReferenceBinding;)Lorg/eclipse/jdt/internal/compiler/lookup/RawTypeBinding; 0 0 24 0 0
ciMethod org/eclipse/jdt/internal/compiler/lookup/LookupEnvironment getCachedType ([[C)Lorg/eclipse/jdt/internal/compiler/lookup/ReferenceBinding; 518 2522 5550 0 0
ciMethod org/eclipse/jdt/internal/compiler/lookup/LookupEnvironment flaggedJavaBaseTypeErrors (Lorg/eclipse/jdt/internal/compiler/lookup/ReferenceBinding;[[C)Z 0 0 1 0 -1
ciMethod org/eclipse/jdt/internal/compiler/lookup/LookupEnvironment getCachedType0 ([[C)Lorg/eclipse/jdt/internal/compiler/lookup/ReferenceBinding; 574 292 10372 0 8624
ciMethod org/eclipse/jdt/internal/compiler/lookup/LookupEnvironment getAnalysisAnnotationBit ([[C)I 32 0 186 0 0
ciMethod org/eclipse/jdt/internal/compiler/lookup/LookupEnvironment usesNullTypeAnnotations ()Z 18 0 2602 0 -1
ciMethod org/eclipse/jdt/internal/compiler/lookup/LookupEnvironment getPackage0 ([C)Lorg/eclipse/jdt/internal/compiler/lookup/PackageBinding; 222 0 14190 0 -1
ciMethod org/eclipse/jdt/internal/compiler/lookup/LookupEnvironment getTypeArgumentsFromSignature (Lorg/eclipse/jdt/internal/compiler/lookup/SignatureWrapper;[Lorg/eclipse/jdt/internal/compiler/lookup/TypeVariableBinding;Lorg/eclipse/jdt/internal/compiler/lookup/ReferenceBinding;Lorg/eclipse/jdt/internal/compiler/lookup/ReferenceBinding;[[[CLorg/eclipse/jdt/internal/compiler/env/ITypeAnnotationWalker;)[Lorg/eclipse/jdt/internal/compiler/lookup/TypeBinding; 144 2 831 0 -1
ciMethod org/eclipse/jdt/internal/compiler/lookup/LookupEnvironment getTypeFromCompoundName ([[CZZ)Lorg/eclipse/jdt/internal/compiler/lookup/ReferenceBinding; 514 0 5456 0 0
ciMethod org/eclipse/jdt/internal/compiler/lookup/LookupEnvironment getTypeFromConstantPoolName ([CIIZ[[[CLorg/eclipse/jdt/internal/compiler/env/ITypeAnnotationWalker;)Lorg/eclipse/jdt/internal/compiler/lookup/ReferenceBinding; 510 0 5273 0 0
ciMethod org/eclipse/jdt/internal/compiler/lookup/LookupEnvironment getTypeFromConstantPoolName ([CIIZ[[[C)Lorg/eclipse/jdt/internal/compiler/lookup/ReferenceBinding; 266 0 4467 0 -1
ciMethod org/eclipse/jdt/internal/compiler/lookup/LookupEnvironment getTypeFromSignature ([CIIZLorg/eclipse/jdt/internal/compiler/lookup/TypeBinding;[[[CLorg/eclipse/jdt/internal/compiler/env/ITypeAnnotationWalker;)Lorg/eclipse/jdt/internal/compiler/lookup/TypeBinding; 558 66 7546 0 -1
ciMethod org/eclipse/jdt/internal/compiler/lookup/LookupEnvironment annotateType (Lorg/eclipse/jdt/internal/compiler/lookup/TypeBinding;Lorg/eclipse/jdt/internal/compiler/env/ITypeAnnotationWalker;[[[C)Lorg/eclipse/jdt/internal/compiler/lookup/TypeBinding; 28 0 831 0 -1
ciMethod org/eclipse/jdt/internal/compiler/lookup/LookupEnvironment countNonStaticNestingLevels (Lorg/eclipse/jdt/internal/compiler/lookup/TypeBinding;)I 0 0 1 0 -1
ciMethod org/eclipse/jdt/internal/compiler/lookup/LookupEnvironment getTypeFromTypeSignature (Lorg/eclipse/jdt/internal/compiler/lookup/SignatureWrapper;[Lorg/eclipse/jdt/internal/compiler/lookup/TypeVariableBinding;Lorg/eclipse/jdt/internal/compiler/lookup/ReferenceBinding;[[[CLorg/eclipse/jdt/internal/compiler/env/ITypeAnnotationWalker;)Lorg/eclipse/jdt/internal/compiler/lookup/TypeBinding; 114 24 2469 0 0
ciMethod org/eclipse/jdt/internal/compiler/lookup/LookupEnvironment getTypeFromTypeVariable (Lorg/eclipse/jdt/internal/compiler/lookup/TypeVariableBinding;I[[Lorg/eclipse/jdt/internal/compiler/lookup/AnnotationBinding;Lorg/eclipse/jdt/internal/compiler/env/ITypeAnnotationWalker;[[[C)Lorg/eclipse/jdt/internal/compiler/lookup/TypeBinding; 284 0 990 0 -1
ciMethod org/eclipse/jdt/internal/compiler/lookup/UnresolvedReferenceBinding <init> ([[CLorg/eclipse/jdt/internal/compiler/lookup/PackageBinding;Lorg/eclipse/jdt/internal/compiler/lookup/ReferenceBinding;)V 92 0 391 0 0
ciMethod org/eclipse/jdt/internal/compiler/lookup/UnresolvedReferenceBinding resolve (Lorg/eclipse/jdt/internal/compiler/lookup/LookupEnvironment;Z)Lorg/eclipse/jdt/internal/compiler/lookup/ReferenceBinding; 14 0 199 0 -1
ciMethod org/eclipse/jdt/internal/compiler/lookup/UnresolvedReferenceBinding setResolvedType (Lorg/eclipse/jdt/internal/compiler/lookup/ReferenceBinding;Lorg/eclipse/jdt/internal/compiler/lookup/LookupEnvironment;)V 118 198 188 0 -1
ciMethod org/eclipse/jdt/internal/compiler/lookup/BinaryTypeBinding convertMemberValue (Ljava/lang/Object;Lorg/eclipse/jdt/internal/compiler/lookup/LookupEnvironment;[[[CZ)Ljava/lang/Object; 18 0 42 0 -1
ciMethod org/eclipse/jdt/internal/compiler/lookup/BinaryTypeBinding createAnnotation (Lorg/eclipse/jdt/internal/compiler/env/IBinaryAnnotation;Lorg/eclipse/jdt/internal/compiler/lookup/LookupEnvironment;[[[C)Lorg/eclipse/jdt/internal/compiler/lookup/AnnotationBinding; 12 18 56 0 -1
ciMethod org/eclipse/jdt/internal/compiler/lookup/BinaryTypeBinding createAnnotations ([Lorg/eclipse/jdt/internal/compiler/env/IBinaryAnnotation;Lorg/eclipse/jdt/internal/compiler/lookup/LookupEnvironment;[[[C)[Lorg/eclipse/jdt/internal/compiler/lookup/AnnotationBinding; 50 10 1409 0 -1
ciMethod org/eclipse/jdt/internal/compiler/lookup/BinaryTypeBinding resolveType (Lorg/eclipse/jdt/internal/compiler/lookup/TypeBinding;Lorg/eclipse/jdt/internal/compiler/lookup/LookupEnvironment;Z)Lorg/eclipse/jdt/internal/compiler/lookup/TypeBinding; 268 0 4497 0 0
ciMethod org/eclipse/jdt/internal/compiler/lookup/BinaryTypeBinding getTypeAnnotationWalker ([Lorg/eclipse/jdt/internal/compiler/env/IBinaryTypeAnnotation;I)Lorg/eclipse/jdt/internal/compiler/env/ITypeAnnotationWalker; 404 0 3671 0 0
ciMethod org/eclipse/jdt/internal/compiler/lookup/BinaryTypeBinding getNullDefaultFrom ([Lorg/eclipse/jdt/internal/compiler/env/IBinaryAnnotation;)I 392 30 4467 0 0
ciMethod org/eclipse/jdt/internal/compiler/lookup/BinaryTypeBinding createMethod (Lorg/eclipse/jdt/internal/compiler/env/IBinaryMethod;Lorg/eclipse/jdt/internal/compiler/env/IBinaryType;J[[[C)Lorg/eclipse/jdt/internal/compiler/lookup/MethodBinding; 268 7800 2971 0 -1
ciMethod org/eclipse/jdt/internal/compiler/lookup/BinaryTypeBinding provideSyntheticEEA (Lorg/eclipse/jdt/internal/compiler/env/IBinaryMethod;Lorg/eclipse/jdt/internal/compiler/env/ITypeAnnotationWalker;)Lorg/eclipse/jdt/internal/compiler/env/ITypeAnnotationWalker; 0 0 1 0 -1
ciMethod org/eclipse/jdt/internal/compiler/lookup/BinaryTypeBinding createTypeVariables (Lorg/eclipse/jdt/internal/compiler/lookup/SignatureWrapper;Z[[[CLorg/eclipse/jdt/internal/compiler/env/ITypeAnnotationWalker;Z)[Lorg/eclipse/jdt/internal/compiler/lookup/TypeVariableBinding; 6 144 135 0 0
ciMethod org/eclipse/jdt/internal/compiler/lookup/BinaryTypeBinding enclosingType ()Lorg/eclipse/jdt/internal/compiler/lookup/ReferenceBinding; 512 0 5817 0 0
ciMethod org/eclipse/jdt/internal/compiler/lookup/BinaryTypeBinding initializeTypeVariable (Lorg/eclipse/jdt/internal/compiler/lookup/TypeVariableBinding;[Lorg/eclipse/jdt/internal/compiler/lookup/TypeVariableBinding;Lorg/eclipse/jdt/internal/compiler/lookup/SignatureWrapper;[[[CLorg/eclipse/jdt/internal/compiler/env/ITypeAnnotationWalker;)V 276 0 212 0 -1
ciMethod org/eclipse/jdt/internal/compiler/lookup/BinaryTypeBinding kind ()I 550 0 8914 0 136
ciMethod org/eclipse/jdt/internal/compiler/lookup/BinaryTypeBinding isPrototype ()Z 726 0 39257 0 112
ciMethod org/eclipse/jdt/internal/compiler/lookup/BinaryTypeBinding storedAnnotations (ZZ)Ljava/util/Map; 32 0 114 0 -1
ciMethod org/eclipse/jdt/internal/compiler/lookup/BinaryTypeBinding getNonNullByDefaultValue (Lorg/eclipse/jdt/internal/compiler/env/IBinaryAnnotation;Lorg/eclipse/jdt/internal/compiler/lookup/LookupEnvironment;)I 0 0 1 0 -1
ciMethod org/eclipse/jdt/internal/compiler/lookup/BinaryTypeBinding signature2qualifiedTypeName ([C)[[C 32 0 139 0 0
ciMethod org/eclipse/jdt/internal/compiler/lookup/BinaryTypeBinding getNullDefault ()I 0 0 1 0 -1
ciMethod org/eclipse/jdt/internal/compiler/lookup/ParameterizedTypeBinding genericType ()Lorg/eclipse/jdt/internal/compiler/lookup/ReferenceBinding; 4 0 465 0 -1
ciMethod org/eclipse/jdt/internal/compiler/lookup/ParameterizedTypeBinding resolve ()Lorg/eclipse/jdt/internal/compiler/lookup/ReferenceBinding; 40 30 88 0 -1
ciMethod org/eclipse/jdt/internal/compiler/lookup/ModuleBinding$UnNamedModule isUnnamed ()Z 262 0 131 0 0
ciMethod org/eclipse/jdt/internal/compiler/lookup/TypeSystem getArrayType (Lorg/eclipse/jdt/internal/compiler/lookup/TypeBinding;I[Lorg/eclipse/jdt/internal/compiler/lookup/AnnotationBinding;)Lorg/eclipse/jdt/internal/compiler/lookup/ArrayBinding; 526 0 458 0 -1
ciMethod org/eclipse/jdt/internal/compiler/lookup/TypeSystem getRawType (Lorg/eclipse/jdt/internal/compiler/lookup/ReferenceBinding;Lorg/eclipse/jdt/internal/compiler/lookup/ReferenceBinding;)Lorg/eclipse/jdt/internal/compiler/lookup/RawTypeBinding; 126 2456 24 0 -1
ciMethod org/eclipse/jdt/internal/compiler/lookup/TypeSystem getRawType (Lorg/eclipse/jdt/internal/compiler/lookup/ReferenceBinding;Lorg/eclipse/jdt/internal/compiler/lookup/ReferenceBinding;[Lorg/eclipse/jdt/internal/compiler/lookup/AnnotationBinding;)Lorg/eclipse/jdt/internal/compiler/lookup/RawTypeBinding; 0 0 1 0 -1
ciMethod org/eclipse/jdt/internal/compiler/lookup/TypeSystem fixTypeVariableDeclaringElement (Lorg/eclipse/jdt/internal/compiler/lookup/TypeVariableBinding;Lorg/eclipse/jdt/internal/compiler/lookup/Binding;)V 4 16 128 0 -1
ciMethod org/eclipse/jdt/internal/compiler/lookup/AnnotatableTypeSystem flattenedAnnotations ([[Lorg/eclipse/jdt/internal/compiler/lookup/AnnotationBinding;)[Lorg/eclipse/jdt/internal/compiler/lookup/AnnotationBinding; 102 0 395 0 -1
ciMethod org/eclipse/jdt/internal/compiler/util/CharDelegateMap get ([C)Ljava/lang/Object; 516 0 30944 0 -1
ciMethod org/eclipse/jdt/internal/compiler/util/CharDelegateMap put ([CLjava/lang/Object;)Ljava/lang/Object; 724 0 1161 0 -1
ciMethod org/eclipse/jdt/internal/compiler/util/CharArrayMap get ([C)Ljava/lang/Object; 322 534 5340 0 -1
ciMethod org/eclipse/jdt/internal/compiler/util/CharArrayHashMap get ([C)Ljava/lang/Object; 194 0 10706 0 -1
ciMethod org/eclipse/jdt/internal/compiler/util/CharArray <init> ([C)V 392 0 11413 0 -1
ciMethod org/eclipse/jdt/internal/compiler/lookup/SplitPackageBinding combineAll (Ljava/util/List;Lorg/eclipse/jdt/internal/compiler/lookup/ModuleBinding;)Lorg/eclipse/jdt/internal/compiler/lookup/PackageBinding; 78 578 80 0 -1
ciMethod org/eclipse/jdt/internal/compiler/util/HashtableOfType put ([CLorg/eclipse/jdt/internal/compiler/lookup/ReferenceBinding;)Lorg/eclipse/jdt/internal/compiler/lookup/ReferenceBinding; 234 26 458 0 -1
ciMethod org/eclipse/jdt/internal/compiler/util/HashtableOfType <init> (I)V 94 0 87 0 -1
ciMethod org/eclipse/jdt/internal/compiler/util/HashtableOfType get ([C)Lorg/eclipse/jdt/internal/compiler/lookup/ReferenceBinding; 62 0 7459 0 -1
ciMethod org/eclipse/jdt/internal/compiler/util/HashtableOfType getput ([CLorg/eclipse/jdt/internal/compiler/lookup/ReferenceBinding;)Lorg/eclipse/jdt/internal/compiler/lookup/ReferenceBinding; 512 258 588 0 -1
ciMethodData org/eclipse/jdt/internal/compiler/util/CharDelegateMap get ([C)Ljava/lang/Object; 2 30686 orig 80 0 0 0 0 0 0 0 0 0 0 0 0 0 0 0 0 0 0 0 0 0 0 0 0 0 0 0 0 0 0 0 0 0 0 0 0 0 0 0 0 0 0 0 0 0 0 0 0 0 0 0 0 0 0 0 0 0 0 0 0 0 0 0 0 0 0 0 0 0 0 0 0 0 0 0 0 0 0 0 0 data 28 0x40007 0x2971 0x58 0x4e6d 0xc0005 0x4e6d 0x0 0x0 0x0 0x0 0x0 0x150005 0x2971 0x0 0x0 0x0 0x0 0x0 0x0 0x0 0x0 0x0 0x0 0x0 0x9 0x2 0x0 0x0 oops 0 methods 0
ciMethodData org/eclipse/jdt/internal/compiler/util/CharArrayHashMap get ([C)Ljava/lang/Object; 2 10609 orig 80 0 0 0 0 0 0 0 0 0 0 0 0 81 1 0 0 0 0 0 0 0 0 0 0 0 0 0 0 0 0 0 0 0 0 0 0 0 0 0 0 0 0 0 0 0 0 0 0 0 0 0 0 0 0 0 0 0 0 0 0 0 0 0 0 0 0 0 0 0 0 0 0 0 0 0 0 0 0 0 0 data 19 0x90002 0x2971 0xc0005 0x0 0x0 0x151009946a0 0x2971 0x0 0x0 0x0 0x0 0x0 0x0 0x0 0x0 0x9 0x2 0x0 0x0 oops 1 5 java/util/HashMap methods 0
ciMethodData org/eclipse/jdt/internal/compiler/util/CharArray <init> ([C)V 2 11217 orig 80 0 0 0 0 0 0 0 0 0 0 0 0 81 1 0 0 0 0 0 0 0 0 0 0 0 0 0 0 0 0 0 0 0 0 0 0 0 0 0 0 0 0 0 0 0 0 0 0 0 0 0 0 0 0 0 0 0 0 0 0 0 0 0 0 0 0 0 0 0 0 0 0 0 0 0 0 0 0 0 0 data 10 0x10002 0x2bd1 0x0 0x0 0x0 0x0 0x9 0x2 0x6 0x0 oops 0 methods 0
ciMethodData org/eclipse/jdt/internal/compiler/lookup/MethodBinding isAbstract ()Z 2 3639 orig 80 0 0 0 0 0 0 0 0 0 0 0 0 81 1 0 0 0 0 0 0 0 0 0 0 0 0 0 0 0 0 0 0 0 0 0 0 0 0 0 0 0 0 0 0 0 0 0 0 0 0 0 0 0 0 0 0 0 0 0 0 0 0 0 0 0 0 0 0 0 0 0 0 0 0 0 0 0 0 0 0 data 11 0x80007 0xa46 0x20 0x3f1 0x0 0x0 0x0 0x0 0x9 0x1 0x0 oops 0 methods 0
ciMethodData org/eclipse/jdt/internal/compiler/lookup/PackageBinding getType0 ([C)Lorg/eclipse/jdt/internal/compiler/lookup/ReferenceBinding; 2 12781 orig 80 0 0 0 0 0 0 0 0 0 0 0 0 81 1 0 0 0 0 0 0 0 0 0 0 0 0 0 0 0 0 0 0 0 0 0 0 0 0 0 0 0 0 0 0 0 0 0 0 0 0 0 0 0 0 0 0 0 0 0 0 0 0 0 0 0 0 0 0 0 0 0 0 0 0 0 0 0 0 0 0 data 21 0x40007 0x2a61 0x20 0x78c 0xe0005 0x2a61 0x0 0x0 0x0 0x0 0x0 0x0 0x0 0x0 0x0 0x0 0x0 0x9 0x2 0x0 0xffffffffffffffff oops 0 methods 0
ciMethodData org/eclipse/jdt/internal/compiler/lookup/Binding isValidBinding ()Z 2 17202 orig 80 0 0 0 0 0 0 0 0 0 0 0 0 81 1 0 0 0 0 0 0 0 0 0 0 0 0 0 0 0 0 0 0 0 0 0 0 0 0 0 0 0 0 0 0 0 0 0 0 0 0 0 0 0 0 0 0 0 0 0 0 0 0 0 0 0 0 0 0 0 0 0 0 0 0 0 0 0 0 0 0 data 20 0x10005 0x3971 0x0 0x1517e618fc0 0x5ca 0x1517b1e7688 0x3f7 0x40007 0x155 0x20 0x41dd 0x0 0x0 0x0 0x0 0x0 0x0 0x9 0x1 0x0 oops 2 3 org/eclipse/jdt/internal/compiler/lookup/PlainPackageBinding 5 org/eclipse/jdt/internal/compiler/lookup/SplitPackageBinding methods 0
ciMethodData org/eclipse/jdt/internal/compiler/lookup/Binding <init> ()V 2 9276 orig 80 0 0 0 0 0 0 0 0 0 0 0 0 0 0 0 0 0 0 0 0 0 0 0 0 0 0 0 0 0 0 0 0 0 0 0 0 0 0 0 0 0 0 0 0 0 0 0 0 0 0 0 0 0 0 0 0 0 0 0 0 0 0 0 0 0 0 0 0 0 0 0 0 0 0 0 0 0 0 0 0 data 9 0x10002 0x243c 0x0 0x0 0x0 0x0 0x9 0x1 0xc oops 0 methods 0
ciMethodData org/eclipse/jdt/internal/compiler/lookup/LookupEnvironment getPackage0 ([C)Lorg/eclipse/jdt/internal/compiler/lookup/PackageBinding; 2 14147 orig 80 0 0 0 0 0 0 0 0 0 0 0 0 81 1 0 0 0 0 0 0 0 0 0 0 0 0 0 0 0 0 0 0 0 0 0 0 0 0 0 0 0 0 0 0 0 0 0 0 0 0 0 0 0 0 0 0 0 0 0 0 0 0 0 0 0 0 0 0 0 0 0 0 0 0 0 0 0 0 0 0 data 24 0x50005 0x0 0x0 0x1517eae4dd8 0x3743 0x0 0x0 0x80104 0x0 0x0 0x1517b1e7688 0x120d 0x1517e618fc0 0x1d8e 0x0 0x0 0x0 0x0 0x0 0x0 0x9 0x2 0x0 0x0 oops 3 3 org/eclipse/jdt/internal/compiler/util/HashtableOfPackage 10 org/eclipse/jdt/internal/compiler/lookup/SplitPackageBinding 12 org/eclipse/jdt/internal/compiler/lookup/PlainPackageBinding methods 0
ciMethod org/eclipse/jdt/internal/compiler/classfmt/MethodInfo getAnnotations ()[Lorg/eclipse/jdt/internal/compiler/env/IBinaryAnnotation; 268 0 134 0 0
ciMethod org/eclipse/jdt/internal/compiler/classfmt/MethodInfo getArgumentNames ()[[C 306 0 3054 0 0
ciMethod org/eclipse/jdt/internal/compiler/classfmt/MethodInfo getExceptionTypeNames ()[[C 358 0 3142 0 0
ciMethod org/eclipse/jdt/internal/compiler/classfmt/MethodInfo getGenericSignature ()[C 320 0 3142 0 0
ciMethod org/eclipse/jdt/internal/compiler/classfmt/MethodInfo getMethodDescriptor ()[C 300 0 2495 0 0
ciMethod org/eclipse/jdt/internal/compiler/classfmt/MethodInfo getModifiers ()I 628 0 6460 0 0
ciMethod org/eclipse/jdt/internal/compiler/classfmt/MethodInfo getParameterAnnotations (I[C)[Lorg/eclipse/jdt/internal/compiler/env/IBinaryAnnotation; 10 0 904 0 0
ciMethod org/eclipse/jdt/internal/compiler/classfmt/MethodInfo getTypeAnnotations ()[Lorg/eclipse/jdt/internal/compiler/env/IBinaryTypeAnnotation; 270 0 2590 0 0
ciMethod org/eclipse/jdt/internal/compiler/classfmt/MethodInfo getSelector ()[C 548 0 7265 0 2904
ciMethod org/eclipse/jdt/internal/compiler/classfmt/MethodInfo getTagBits ()J 262 0 131 0 -1
ciMethod org/eclipse/jdt/internal/compiler/classfmt/MethodInfo isConstructor ()Z 518 0 8186 0 0
ciMethod org/eclipse/jdt/internal/compiler/classfmt/MethodInfo readExceptionAttributes ()V 358 534 3283 0 0
ciMethod org/eclipse/jdt/internal/compiler/classfmt/MethodInfo readModifierRelatedAttributes ()V 488 588 3407 0 0
ciMethod org/eclipse/jdt/internal/compiler/classfmt/MethodInfo readCodeAttribute ()V 312 304 3195 0 0
ciMethod org/eclipse/jdt/internal/compiler/classfmt/MethodInfo decodeCodeAttribute (I)V 528 1412 2415 0 0
ciMethod org/eclipse/jdt/internal/compiler/classfmt/MethodInfo decodeLocalVariableAttribute (II)V 768 1640 2377 0 0
ciMethod org/eclipse/jdt/internal/compiler/classfmt/MethodInfoWithAnnotations getAnnotations ()[Lorg/eclipse/jdt/internal/compiler/env/IBinaryAnnotation; 300 0 150 0 -1
ciMethod org/eclipse/jdt/internal/compiler/env/ITypeAnnotationWalker toMethodReturn ()Lorg/eclipse/jdt/internal/compiler/env/ITypeAnnotationWalker; 0 0 1 0 -1
ciMethod org/eclipse/jdt/internal/compiler/env/ITypeAnnotationWalker toReceiver ()Lorg/eclipse/jdt/internal/compiler/env/ITypeAnnotationWalker; 0 0 1 0 -1
ciMethod org/eclipse/jdt/internal/compiler/env/ITypeAnnotationWalker toTypeParameter (ZI)Lorg/eclipse/jdt/internal/compiler/env/ITypeAnnotationWalker; 0 0 1 0 -1
ciMethod org/eclipse/jdt/internal/compiler/env/ITypeAnnotationWalker toTypeParameterBounds (ZI)Lorg/eclipse/jdt/internal/compiler/env/ITypeAnnotationWalker; 0 0 1 0 -1
ciMethod org/eclipse/jdt/internal/compiler/env/ITypeAnnotationWalker toMethodParameter (S)Lorg/eclipse/jdt/internal/compiler/env/ITypeAnnotationWalker; 0 0 1 0 -1
ciMethod org/eclipse/jdt/internal/compiler/env/ITypeAnnotationWalker toThrows (I)Lorg/eclipse/jdt/internal/compiler/env/ITypeAnnotationWalker; 0 0 1 0 -1
ciMethod org/eclipse/jdt/internal/compiler/env/ITypeAnnotationWalker toNextArrayDimension ()Lorg/eclipse/jdt/internal/compiler/env/ITypeAnnotationWalker; 0 0 1 0 -1
ciMethod org/eclipse/jdt/internal/compiler/env/ITypeAnnotationWalker toNextNestedType ()Lorg/eclipse/jdt/internal/compiler/env/ITypeAnnotationWalker; 0 0 1 0 -1
ciMethod org/eclipse/jdt/internal/compiler/env/ITypeAnnotationWalker getAnnotationsAtCursor (IZ)[Lorg/eclipse/jdt/internal/compiler/env/IBinaryAnnotation; 0 0 1 0 -1
ciMethod org/eclipse/jdt/internal/compiler/lookup/BinaryTypeBinding$ExternalAnnotationStatus isPotentiallyUnannotatedLib ()Z 462 0 329 0 -1
ciMethod org/eclipse/jdt/internal/compiler/env/ITypeAnnotationWalker$1 toThrows (I)Lorg/eclipse/jdt/internal/compiler/env/ITypeAnnotationWalker; 520 0 870 0 0
ciMethod org/eclipse/jdt/internal/compiler/env/ITypeAnnotationWalker$1 toMethodParameter (S)Lorg/eclipse/jdt/internal/compiler/env/ITypeAnnotationWalker; 526 0 1342 0 80
ciMethod org/eclipse/jdt/internal/compiler/env/ITypeAnnotationWalker$1 toMethodReturn ()Lorg/eclipse/jdt/internal/compiler/env/ITypeAnnotationWalker; 626 0 1379 0 80
ciMethod org/eclipse/jdt/internal/compiler/env/ITypeAnnotationWalker$1 toReceiver ()Lorg/eclipse/jdt/internal/compiler/env/ITypeAnnotationWalker; 654 0 1382 0 -1
ciMethod org/eclipse/jdt/internal/compiler/env/ITypeAnnotationWalker$1 getAnnotationsAtCursor (IZ)[Lorg/eclipse/jdt/internal/compiler/env/IBinaryAnnotation; 512 0 1298 0 -1
ciMethod org/eclipse/jdt/internal/compiler/classfmt/JavaBinaryNames isConstructor ([C)Z 532 0 8186 0 0
ciMethod org/eclipse/jdt/internal/compiler/lookup/SignatureWrapper <init> ([C)V 32 0 642 0 0
ciMethod org/eclipse/jdt/internal/compiler/lookup/SignatureWrapper <init> ([CZ)V 32 0 723 0 0
ciMethod org/eclipse/jdt/internal/compiler/lookup/SignatureWrapper atEnd ()Z 50 0 678 0 0
ciMethod org/eclipse/jdt/internal/compiler/lookup/SignatureWrapper computeEnd ()I 516 0 2975 0 -1
ciMethod org/eclipse/jdt/internal/compiler/lookup/SignatureWrapper nextWord ()[C 0 0 1 0 -1
ciMethod org/eclipse/jdt/internal/compiler/lookup/AnnotationHolder storeAnnotations ([Lorg/eclipse/jdt/internal/compiler/lookup/AnnotationBinding;[[Lorg/eclipse/jdt/internal/compiler/lookup/AnnotationBinding;Ljava/lang/Object;Lorg/eclipse/jdt/internal/compiler/lookup/LookupEnvironment;)Lorg/eclipse/jdt/internal/compiler/lookup/AnnotationHolder; 122 0 54 0 -1
ciMethodData org/eclipse/jdt/core/compiler/CharOperation splitOn (C[CII)[[C 2 912 orig 80 0 0 0 0 0 0 0 0 0 0 0 0 0 0 0 0 0 0 0 0 0 0 0 0 0 0 0 0 0 0 0 0 0 0 0 0 0 0 0 0 0 0 0 0 0 0 0 0 0 0 0 0 0 0 0 0 0 0 0 0 0 0 0 0 0 0 0 0 0 0 0 0 0 0 0 0 0 0 0 0 data 67 0x10007 0x390 0x38 0x0 0x50003 0x0 0x18 0xe0007 0x0 0x40 0x390 0x130007 0x390 0x20 0x0 0x200003 0x390 0x38 0x280007 0x4450 0x20 0x797 0x340007 0x4be7 0xffffffffffffffe0 0x390 0x470003 0x390 0x80 0x4f0007 0x4450 0x68 0x797 0x5d0004 0x0 0x0 0x151753d55b0 0x797 0x0 0x0 0x6f0002 0x797 0x7e0007 0x4be7 0xffffffffffffff98 0x390 0x8b0004 0x0 0x0 0x151753d55b0 0x390 0x0 0x0 0x990002 0x390 0x0 0x0 0x0 0x0 0x0 0x0 0x9 0x4 0x0 0x0 0x0 0x0 oops 2 36 [C 49 [C methods 0
ciMethodData org/eclipse/jdt/internal/compiler/lookup/LookupEnvironment getCachedType0 ([[C)Lorg/eclipse/jdt/internal/compiler/lookup/ReferenceBinding; 2 10085 orig 80 0 0 0 0 0 0 0 0 0 0 0 0 0 0 0 0 0 0 0 0 0 0 0 0 0 0 0 0 0 0 0 0 0 0 0 0 0 0 0 0 0 0 0 0 0 0 0 0 0 0 0 0 0 0 0 0 0 0 0 0 0 0 0 0 0 0 0 0 0 0 0 0 0 0 0 0 0 0 0 0 data 80 0x30007 0x2765 0x58 0x0 0xd0005 0x0 0x0 0x0 0x0 0x0 0x0 0x150005 0x0 0x0 0x1517fa14aa0 0x2765 0x0 0x0 0x1a0007 0x70a 0x40 0x205b 0x210007 0x205b 0x20 0x0 0x2b0005 0x0 0x0 0x1517b1e7688 0xf71 0x1517e618fc0 0x10ea 0x300007 0x244 0x40 0x1e17 0x370007 0x1e17 0x20 0x0 0x440003 0x1e17 0x90 0x4b0005 0x0 0x0 0x1517e618fc0 0x221a 0x0 0x0 0x500007 0x8da 0x40 0x1940 0x570007 0x191b 0x20 0x25 0x620007 0x221a 0xffffffffffffff88 0x1518 0x6c0005 0x0 0x0 0x1517e618fc0 0x1518 0x0 0x0 0x0 0x0 0x0 0x0 0x0 0x0 0x9 0x2 0x0 0x0 oops 5 14 org/eclipse/jdt/internal/compiler/lookup/LookupEnvironment 29 org/eclipse/jdt/internal/compiler/lookup/SplitPackageBinding 31 org/eclipse/jdt/internal/compiler/lookup/PlainPackageBinding 47 org/eclipse/jdt/internal/compiler/lookup/PlainPackageBinding 66 org/eclipse/jdt/internal/compiler/lookup/PlainPackageBinding methods 0
ciMethod org/eclipse/jdt/internal/compiler/classfmt/NonNullDefaultAwareTypeAnnotationWalker <init> ([Lorg/eclipse/jdt/internal/compiler/env/IBinaryTypeAnnotation;ILorg/eclipse/jdt/internal/compiler/lookup/LookupEnvironment;)V 0 0 1 0 -1
ciMethod org/eclipse/jdt/internal/compiler/classfmt/NonNullDefaultAwareTypeAnnotationWalker <init> (ILorg/eclipse/jdt/internal/compiler/lookup/LookupEnvironment;)V 0 0 1 0 -1
ciMethod org/eclipse/jdt/internal/compiler/classfmt/NonNullDefaultAwareTypeAnnotationWalker getNonNullAnnotation (Lorg/eclipse/jdt/internal/compiler/lookup/LookupEnvironment;)Lorg/eclipse/jdt/internal/compiler/env/IBinaryAnnotation; 0 0 1 0 -1
ciMethod org/eclipse/jdt/internal/compiler/classfmt/NonNullDefaultAwareTypeAnnotationWalker updateWalkerForParamNonNullDefault (Lorg/eclipse/jdt/internal/compiler/env/ITypeAnnotationWalker;ILorg/eclipse/jdt/internal/compiler/lookup/LookupEnvironment;)Lorg/eclipse/jdt/internal/compiler/env/ITypeAnnotationWalker; 18 0 905 0 0
ciMethodData org/eclipse/jdt/internal/compiler/lookup/BinaryTypeBinding isPrototype ()Z 2 38911 orig 80 0 0 0 0 0 0 0 0 0 0 0 0 0 0 0 0 0 0 0 0 0 0 0 0 0 0 0 0 0 0 0 0 0 0 0 0 0 0 0 0 0 0 0 0 0 0 0 0 0 0 0 0 0 0 0 0 0 0 0 0 0 0 0 0 0 0 0 0 0 0 0 0 0 0 0 0 0 0 0 0 data 13 0x50007 0x0 0x20 0x97ff 0x0 0x0 0x0 0x0 0x0 0x0 0x9 0x1 0x0 oops 0 methods 0
ciMethodData org/eclipse/jdt/internal/compiler/classfmt/MethodInfo getSelector ()[C 2 6991 orig 80 0 0 0 0 0 0 0 0 0 0 0 0 0 0 0 0 0 0 0 0 0 0 0 0 0 0 0 0 0 0 0 0 0 0 0 0 0 0 0 0 0 0 0 0 0 0 0 0 0 0 0 0 0 0 0 0 0 0 0 0 0 0 0 0 0 0 0 0 0 0 0 0 0 0 0 0 0 0 0 0 data 36 0x40007 0x1470 0xd8 0x6df 0xd0005 0xb 0x0 0x1517fa147e0 0x6b1 0x1517fa14890 0x23 0x200005 0xb 0x0 0x1517fa147e0 0x6b1 0x1517fa14890 0x23 0x230005 0xb 0x0 0x1517fa147e0 0x6b1 0x1517fa14890 0x23 0x260002 0x6df 0x0 0x0 0x0 0x0 0x0 0x0 0x9 0x1 0x0 oops 6 7 org/eclipse/jdt/internal/compiler/classfmt/MethodInfo 9 org/eclipse/jdt/internal/compiler/classfmt/MethodInfoWithAnnotations 14 org/eclipse/jdt/internal/compiler/classfmt/MethodInfo 16 org/eclipse/jdt/internal/compiler/classfmt/MethodInfoWithAnnotations 21 org/eclipse/jdt/internal/compiler/classfmt/MethodInfo 23 org/eclipse/jdt/internal/compiler/classfmt/MethodInfoWithAnnotations methods 0
ciMethodData org/eclipse/jdt/internal/compiler/lookup/BinaryTypeBinding kind ()I 2 8639 orig 80 0 0 0 0 0 0 0 0 0 0 0 0 0 0 0 0 0 0 0 0 0 0 0 0 0 0 0 0 0 0 0 0 0 0 0 0 0 0 0 0 0 0 0 0 0 0 0 0 0 0 0 0 0 0 0 0 0 0 0 0 0 0 0 0 0 0 0 0 0 0 0 0 0 0 0 0 0 0 0 0 data 31 0x10005 0x21bf 0x0 0x0 0x0 0x0 0x0 0x40007 0x21bf 0x58 0x0 0xb0005 0x0 0x0 0x0 0x0 0x0 0x0 0x160007 0x217b 0x20 0x44 0x0 0x0 0x0 0x0 0x0 0x0 0x9 0x1 0x0 oops 0 methods 0
ciMethodData org/eclipse/jdt/internal/compiler/lookup/TypeBinding isMemberType ()Z 2 1275 orig 80 0 0 0 0 0 0 0 0 0 0 0 0 0 0 0 0 0 0 0 0 0 0 0 0 0 0 0 0 0 0 0 0 0 0 0 0 0 0 0 0 0 0 0 0 0 0 0 0 0 0 0 0 0 0 0 0 0 0 0 0 0 0 0 0 0 0 0 0 0 0 0 0 0 0 0 0 0 0 0 0 data 11 0xa0007 0x4b9 0x20 0x42 0x0 0x0 0x0 0x0 0x9 0x1 0x0 oops 0 methods 0
ciMethodData org/eclipse/jdt/internal/compiler/lookup/MethodBinding <init> (I[Lorg/eclipse/jdt/internal/compiler/lookup/TypeBinding;[Lorg/eclipse/jdt/internal/compiler/lookup/ReferenceBinding;Lorg/eclipse/jdt/internal/compiler/lookup/ReferenceBinding;)V 1 248 orig 80 0 0 0 0 0 0 0 0 0 0 0 0 81 1 0 0 0 0 0 0 0 0 0 0 0 0 0 0 0 0 0 0 0 0 0 0 0 0 0 0 0 0 0 0 0 0 0 0 0 0 0 0 0 0 0 0 0 0 0 0 0 0 0 0 0 0 0 0 0 0 0 0 0 0 0 0 0 0 0 0 data 13 0xc0002 0xf8 0x0 0x0 0x0 0x0 0x9 0x5 0x7fc 0x0 0x0 0x0 0x0 oops 0 methods 0
ciMethodData org/eclipse/jdt/internal/compiler/lookup/ReferenceBinding isInterface ()Z 2 8046 orig 80 0 0 0 0 0 0 0 0 0 0 0 0 0 0 0 0 0 0 0 0 0 0 0 0 0 0 0 0 0 0 0 0 0 0 0 0 0 0 0 0 0 0 0 0 0 0 0 0 0 0 0 0 0 0 0 0 0 0 0 0 0 0 0 0 0 0 0 0 0 0 0 0 0 0 0 0 0 0 0 0 data 11 0x80007 0x148c 0x20 0xae2 0x0 0x0 0x0 0x0 0x9 0x1 0x0 oops 0 methods 0
ciMethodData org/eclipse/jdt/internal/compiler/lookup/MethodBinding <init> (I[CLorg/eclipse/jdt/internal/compiler/lookup/TypeBinding;[Lorg/eclipse/jdt/internal/compiler/lookup/TypeBinding;[Lorg/eclipse/jdt/internal/compiler/lookup/ReferenceBinding;Lorg/eclipse/jdt/internal/compiler/lookup/ReferenceBinding;)V 2 4410 orig 80 0 0 0 0 0 0 0 0 0 0 0 0 0 0 0 0 0 0 0 0 0 0 0 0 0 0 0 0 0 0 0 0 0 0 0 0 0 0 0 0 0 0 0 0 0 0 0 0 0 0 0 0 0 0 0 0 0 0 0 0 0 0 0 0 0 0 0 0 0 0 0 0 0 0 0 0 0 0 0 0 data 80 0x10002 0x113a 0x2b0007 0x225 0x40 0xf15 0x310007 0xaaa 0x38 0x46b 0x370003 0x690 0x18 0x420007 0x225 0x40 0xf15 0x480007 0x32e 0x38 0xbe7 0x4e0003 0xe0c 0x18 0x600007 0x0 0x128 0x113a 0x670005 0x113a 0x0 0x0 0x0 0x0 0x0 0x6a0007 0x113a 0xd0 0x0 0x6e0005 0x0 0x0 0x0 0x0 0x0 0x0 0x710007 0x0 0x78 0x0 0x750005 0x0 0x0 0x0 0x0 0x0 0x0 0x780007 0x0 0x20 0x0 0x0 0x0 0x0 0x0 0x0 0x0 0x0 0x0 0x0 0x0 0x9 0x7 0x7fc 0x0 0x0 0x0 0x0 0x0 0x0 oops 0 methods 0
ciMethodData org/eclipse/jdt/internal/compiler/lookup/MethodBinding isNative ()Z 2 1731 orig 80 0 0 0 0 0 0 0 0 0 0 0 0 81 1 0 0 0 0 0 0 0 0 0 0 0 0 0 0 0 0 0 0 0 0 0 0 0 0 0 0 0 0 0 0 0 0 0 0 0 0 0 0 0 0 0 0 0 0 0 0 0 0 0 0 0 0 0 0 0 0 0 0 0 0 0 0 0 0 0 0 data 11 0x80007 0x6c2 0x20 0x1 0x0 0x0 0x0 0x0 0x9 0x1 0x0 oops 0 methods 0
ciMethodData org/eclipse/jdt/internal/compiler/lookup/ReferenceBinding isAnnotationType ()Z 1 227 orig 80 0 0 0 0 0 0 0 0 0 0 0 0 81 1 0 0 0 0 0 0 0 0 0 0 0 0 0 0 0 0 0 0 0 0 0 0 0 0 0 0 0 0 0 0 0 0 0 0 0 0 0 0 0 0 0 0 0 0 0 0 0 0 0 0 0 0 0 0 0 0 0 0 0 0 0 0 0 0 0 0 data 11 0x80007 0xd5 0x20 0xe 0x0 0x0 0x0 0x0 0x9 0x1 0x0 oops 0 methods 0
ciMethodData org/eclipse/jdt/internal/compiler/lookup/ReferenceBinding isStatic ()Z 2 10032 orig 80 0 0 0 0 0 0 0 0 0 0 0 0 81 1 0 0 0 0 0 0 0 0 0 0 0 0 0 0 0 0 0 0 0 0 0 0 0 0 0 0 0 0 0 0 0 0 0 0 0 0 0 0 0 0 0 0 0 0 0 0 0 0 0 0 0 0 0 0 0 0 0 0 0 0 0 0 0 0 0 0 data 15 0x80007 0x71e 0x40 0x2012 0x150007 0x2012 0x20 0x0 0x0 0x0 0x0 0x0 0x9 0x1 0x0 oops 0 methods 0
ciMethodData org/eclipse/jdt/internal/compiler/classfmt/MethodInfo getModifiers ()I 2 6146 orig 80 0 0 0 0 0 0 0 0 0 0 0 0 0 0 0 0 0 0 0 0 0 0 0 0 0 0 0 0 0 0 0 0 0 0 0 0 0 0 0 0 0 0 0 0 0 0 0 0 0 0 0 0 0 0 0 0 0 0 0 0 0 0 0 0 0 0 0 0 0 0 0 0 0 0 0 0 0 0 0 0 data 20 0x50007 0xba7 0x58 0xc5b 0x90005 0xc5b 0x0 0x0 0x0 0x0 0x0 0x0 0x0 0x0 0x0 0x0 0x0 0x9 0x1 0x0 oops 0 methods 0
ciMethodData org/eclipse/jdt/internal/compiler/classfmt/MethodInfo readModifierRelatedAttributes ()V 2 3163 orig 80 0 0 0 0 0 0 0 0 0 0 0 0 81 1 0 0 0 0 0 0 0 0 0 0 0 0 0 0 0 0 0 0 0 0 0 0 0 0 0 0 0 0 0 0 0 0 0 0 0 0 0 0 0 0 0 0 0 0 0 0 0 0 0 0 0 0 0 0 0 0 0 0 0 0 0 0 0 0 0 0 data 107 0x20005 0x95 0x0 0x15100efb950 0xb 0x1517fa147e0 0xbbb 0x90005 0x95 0x0 0x15100efb950 0xb 0x1517fa147e0 0xbbb 0x130003 0xc5b 0x280 0x1c0005 0x15f 0x0 0x15100efb950 0xb 0x1517fa147e0 0xec3 0x310005 0x15f 0x0 0x15100efb950 0xb 0x1517fa147e0 0xec3 0x340005 0x15f 0x0 0x15100efb950 0xb 0x1517fa147e0 0xec3 0x3c0007 0x0 0x188 0x102d 0x430008 0xa 0xd90 0x168 0xb 0xf0 0x31 0x60 0x261 0xa8 0x0 0x138 0x710002 0x31 0x740007 0x0 0xf8 0x31 0x7d0003 0x31 0xd8 0x850002 0x261 0x880007 0x261 0xb0 0x0 0x910003 0x0 0x90 0x990002 0xb 0x9c0007 0x0 0x68 0xb 0xa50003 0xb 0x48 0xad0002 0x0 0xb00007 0x0 0x20 0x0 0xc00005 0x15f 0x0 0x15100efb950 0xb 0x1517fa147e0 0xec3 0xcc0007 0x102d 0xfffffffffffffd98 0xc5b 0x0 0x0 0x0 0x0 0x0 0x0 0x9 0x1 0x0 oops 12 3 org/eclipse/jdt/internal/compiler/classfmt/AnnotationMethodInfo 5 org/eclipse/jdt/internal/compiler/classfmt/MethodInfo 10 org/eclipse/jdt/internal/compiler/classfmt/AnnotationMethodInfo 12 org/eclipse/jdt/internal/compiler/classfmt/MethodInfo 20 org/eclipse/jdt/internal/compiler/classfmt/AnnotationMethodInfo 22 org/eclipse/jdt/internal/compiler/classfmt/MethodInfo 27 org/eclipse/jdt/internal/compiler/classfmt/AnnotationMethodInfo 29 org/eclipse/jdt/internal/compiler/classfmt/MethodInfo 34 org/eclipse/jdt/internal/compiler/classfmt/AnnotationMethodInfo 36 org/eclipse/jdt/internal/compiler/classfmt/MethodInfo 90 org/eclipse/jdt/internal/compiler/classfmt/AnnotationMethodInfo 92 org/eclipse/jdt/internal/compiler/classfmt/MethodInfo methods 0
ciMethodData org/eclipse/jdt/internal/compiler/classfmt/MethodInfo isConstructor ()Z 2 7927 orig 80 0 0 0 0 0 0 0 0 0 0 0 0 0 0 0 0 0 0 0 0 0 0 0 0 0 0 0 0 0 0 0 0 0 0 0 0 0 0 0 0 0 0 0 0 0 0 0 0 0 0 0 0 0 0 0 0 0 0 0 0 0 0 0 0 0 0 0 0 0 0 0 0 0 0 0 0 0 0 0 0 data 18 0x10005 0x21 0x0 0x1517fa147e0 0x1cf9 0x1517fa14890 0x1dd 0x40002 0x1ef7 0x0 0x0 0x0 0x0 0x0 0x0 0x9 0x1 0xffffffffffffffff oops 2 3 org/eclipse/jdt/internal/compiler/classfmt/MethodInfo 5 org/eclipse/jdt/internal/compiler/classfmt/MethodInfoWithAnnotations methods 0
ciMethodData org/eclipse/jdt/internal/compiler/classfmt/JavaBinaryNames isConstructor ([C)Z 2 7920 orig 80 0 0 0 0 0 0 0 0 0 0 0 0 81 1 0 0 0 0 0 0 0 0 0 0 0 0 0 0 0 0 0 0 0 0 0 0 0 0 0 0 0 0 0 0 0 0 0 0 0 0 0 0 0 0 0 0 0 0 0 0 0 0 0 0 0 0 0 0 0 0 0 0 0 0 0 0 0 0 0 0 data 15 0x50007 0x1cd1 0x40 0x21f 0xc0007 0x0 0x20 0x21f 0x0 0x0 0x0 0x0 0x9 0x1 0x0 oops 0 methods 0
ciMethodData org/eclipse/jdt/internal/compiler/lookup/LookupEnvironment getTypeFromSignature ([CIIZLorg/eclipse/jdt/internal/compiler/lookup/TypeBinding;[[[CLorg/eclipse/jdt/internal/compiler/env/ITypeAnnotationWalker;)Lorg/eclipse/jdt/internal/compiler/lookup/TypeBinding; 2 7484 orig 80 0 0 0 0 0 0 0 0 0 0 0 0 0 0 0 0 0 0 0 0 0 0 0 0 0 0 0 0 0 0 0 0 0 0 0 0 0 0 0 0 0 0 0 0 0 0 0 0 0 0 0 0 0 0 0 0 0 0 0 0 0 0 0 0 0 0 0 0 0 0 0 0 0 0 0 0 0 0 0 0 data 179 0x30003 0x1d3c 0x18 0x110007 0x10e 0x0 0x1d3c 0x190007 0x1c32 0x170 0x10a 0x210007 0x10a 0x150 0x0 0x270003 0x0 0x110 0x2e0005 0x0 0x0 0x0 0x0 0x0 0x0 0x360002 0x0 0x400007 0x0 0x78 0x0 0x450007 0x0 0x20 0x0 0x550004 0x0 0x0 0x0 0x0 0x0 0x0 0x580005 0x0 0x0 0x0 0x0 0x0 0x0 0x660007 0x0 0xffffffffffffff08 0x0 0x6b0007 0x1227 0x20 0xb15 0x780007 0x105a 0x1f8 0xce2 0x7e0008 0x14 0x0 0x188 0x74 0x128 0x4e 0xf8 0xab 0x110 0x46 0x140 0x5b1 0xb0 0x149 0x158 0xd 0x170 0x272 0xe0 0x1b6 0xc8 0xd50003 0x5b1 0x160 0xdd0003 0x1b6 0x148 0xe50003 0x272 0x130 0xed0003 0x4e 0x118 0xf50003 0xab 0x100 0xfd0003 0x74 0xe8 0x1050003 0x46 0xd0 0x10d0003 0x149 0xb8 0x1150003 0xd 0xa0 0x1200005 0x0 0x0 0x0 0x0 0x0 0x0 0x1230003 0x0 0x50 0x1300005 0x0 0x0 0x1517fa14aa0 0x105a 0x0 0x0 0x1370007 0x1a0b 0x50 0x331 0x13c0007 0x331 0x30 0x0 0x1430002 0x0 0x14f0007 0x1a0b 0x58 0x0 0x1590005 0x0 0x0 0x0 0x0 0x0 0x0 0x1600007 0x1901 0x68 0x10a 0x16d0002 0x10a 0x1700005 0x0 0x0 0x1517fa14e10 0x10a 0x0 0x0 0x0 0x0 0x0 0x0 0x0 0x0 0x0 0x0 0x9 0x8 0x0 0x0 0x0 0x0 0x0 0x0 0x0 0x0 oops 2 123 org/eclipse/jdt/internal/compiler/lookup/LookupEnvironment 157 org/eclipse/jdt/internal/compiler/lookup/TypeSystem methods 0
ciMethodData org/eclipse/jdt/internal/compiler/lookup/BinaryTypeBinding createAnnotations ([Lorg/eclipse/jdt/internal/compiler/env/IBinaryAnnotation;Lorg/eclipse/jdt/internal/compiler/lookup/LookupEnvironment;[[[C)[Lorg/eclipse/jdt/internal/compiler/lookup/AnnotationBinding; 2 1686 orig 80 0 0 0 0 0 0 0 0 0 0 0 0 81 1 0 0 0 0 0 0 0 0 0 0 0 0 0 0 0 0 0 0 0 0 0 0 0 0 0 0 0 0 0 0 0 0 0 0 0 0 0 0 0 0 0 0 0 0 0 0 0 0 0 0 0 0 0 0 0 0 0 0 0 0 0 0 0 0 0 0 data 41 0x10007 0x696 0x38 0x0 0x50003 0x0 0x18 0xc0007 0x32 0x38 0x664 0x120003 0x664 0x18 0x1e0003 0x696 0x60 0x2b0002 0x33 0x2e0004 0x0 0x0 0x1517f8fdeb8 0x33 0x0 0x0 0x350007 0x33 0xffffffffffffffb8 0x696 0x0 0x0 0x0 0x0 0x0 0x0 0x9 0x3 0x0 0xffffffffffffffff 0xffffffffffffffff oops 1 22 org/eclipse/jdt/internal/compiler/lookup/UnresolvedAnnotationBinding methods 0
ciMethodData org/eclipse/jdt/internal/compiler/lookup/BinaryTypeBinding createMethod (Lorg/eclipse/jdt/internal/compiler/env/IBinaryMethod;Lorg/eclipse/jdt/internal/compiler/env/IBinaryType;J[[[C)Lorg/eclipse/jdt/internal/compiler/lookup/MethodBinding; 2 2843 orig 80 2 0 0 0 0 0 0 0 0 0 0 0 0 0 0 0 0 0 0 0 0 0 0 0 0 0 0 0 0 0 0 0 0 1 0 0 0 0 0 0 0 0 0 0 0 0 0 0 0 0 0 0 0 0 0 0 0 0 0 0 0 0 0 0 0 0 0 0 0 0 0 0 0 0 0 0 0 0 0 0 data 885 0x10005 0xb18 0x0 0x0 0x0 0x0 0x0 0x40007 0xb18 0x30 0x0 0xb0002 0x0 0x100005 0xb 0x0 0x1517fa147e0 0xaab 0x1517fa14890 0x62 0x1c0005 0x0 0x0 0x1517fa12600 0xb18 0x0 0x0 0x1f0007 0x796 0x80 0x382 0x280007 0x2ba 0x60 0xc8 0x300007 0x3d 0x40 0x8b 0x370007 0x0 0x20 0x8b 0x580005 0xb 0x0 0x1517fa147e0 0xaab 0x1517fa14890 0x62 0x600005 0xb 0x0 0x1517fa147e0 0xaab 0x1517fa14890 0x62 0x690005 0xb 0x0 0x1517fa147e0 0xaab 0x1517fa14890 0x62 0x710005 0xb18 0x0 0x0 0x0 0x0 0x0 0x740005 0xb18 0x0 0x0 0x0 0x0 0x0 0x7a0005 0xb 0x0 0x1517fa147e0 0xaab 0x1517fa14890 0x62 0x830007 0x22c 0x7c0 0x8ec 0x870005 0xb 0x0 0x1517fa147e0 0x885 0x1517fa14890 0x5c 0x960005 0x0 0x0 0x1517fa14940 0x8ec 0x0 0x0 0xa30003 0x8ec 0x78 0xaa0007 0x8f 0x60 0x9e6 0xb40007 0x489 0x40 0x55d 0xc40007 0x6b50 0x0 0x55d 0xd40007 0xa75 0xffffffffffffffa0 0x8ec 0xdb0005 0xb 0x0 0x1517fa147e0 0x885 0x1517fa14890 0x5c 0xe00007 0x848 0x128 0xa4 0xe40005 0xa4 0x0 0x0 0x0 0x0 0x0 0xe70007 0xa4 0x78 0x0 0xeb0005 0x0 0x0 0x0 0x0 0x0 0x0 0xee0007 0x0 0x20 0x0 0xf50005 0x0 0x0 0x1517fa12600 0xa4 0x0 0x0 0xf80007 0xa4 0x20 0x0 0x1070007 0x2ce 0x240 0x61e 0x11b0007 0x61e 0x20 0x0 0x1310003 0x61e 0x1e0 0x1410007 0x8f 0x0 0x9e6 0x1480007 0x489 0x40 0x55d 0x1580007 0x6b50 0x0 0x55d 0x15f0007 0x0 0x168 0x9e6 0x1810005 0x0 0x0 0x1517fa149f0 0x9e6 0x0 0x0 0x1860005 0x0 0x0 0x1517fa14aa0 0x9e6 0x0 0x0 0x1890004 0x0 0x0 0x1517fa14b50 0x235 0x1517fa14c00 0x430 0x18c0007 0x9e6 0xa0 0x0 0x1a00005 0x0 0x0 0x0 0x0 0x0 0x0 0x1ab0002 0x0 0x1ae0004 0x0 0x0 0x0 0x0 0x0 0x0 0x1bc0007 0x9e6 0xfffffffffffffe38 0x61e 0x1c00005 0xb 0x0 0x1517fa147e0 0x885 0x1517fa14890 0x5c 0x1c90007 0x0 0x120 0x8ec 0x1d30007 0x638 0x100 0x2b4 0x1e00003 0x2b4 0xc0 0x1f90005 0x0 0x0 0x1517fa149f0 0x2ca 0x0 0x0 0x1fe0005 0x0 0x0 0x1517fa14aa0 0x2ca 0x0 0x0 0x2010004 0x0 0x0 0x1517fa14b50 0x1f5 0x1517fa12600 0xd5 0x2090007 0x2ca 0xffffffffffffff58 0x2b4 0x20d0005 0xb 0x0 0x1517fa147e0 0x885 0x1517fa14890 0x5c 0x2120007 0xa4 0x90 0x848 0x2260005 0x0 0x0 0x1517fa149f0 0x848 0x0 0x0 0x22b0005 0x0 0x0 0x1517fa14aa0 0x848 0x0 0x0 0x2320007 0x8ec 0x38 0x0 0x2360003 0x0 0x18 0x2400007 0x8ec 0x8c0 0x0 0x2450007 0x0 0x8a0 0x0 0x24c0007 0x0 0x38 0x0 0x2540003 0x0 0x860 0x26d0002 0x0 0x2740003 0x0 0x838 0x2810007 0x22c 0xb0 0x0 0x28c0005 0x0 0x0 0x0 0x0 0x0 0x0 0x2980007 0x0 0x58 0x0 0x29f0005 0x0 0x0 0x0 0x0 0x0 0x0 0x2b20002 0x22c 0x2c40007 0x1c7 0x58 0x65 0x2db0005 0x65 0x0 0x0 0x0 0x0 0x0 0x2f80007 0x0 0x310 0x22c 0x3130007 0x1b0 0x38 0x7c 0x3210003 0x7c 0x2d0 0x3290002 0x1b0 0x3310003 0x1b0 0x140 0x33b0005 0x0 0x0 0x1517fa147e0 0x377 0x1517fa14890 0x6 0x3470005 0x37d 0x0 0x0 0x0 0x0 0x0 0x34e0002 0x37d 0x3640005 0x0 0x0 0x1517fa149f0 0x37d 0x0 0x0 0x3690005 0x0 0x0 0x1517fa14aa0 0x37d 0x0 0x0 0x36c0005 0x0 0x0 0x151753c37d8 0x37d 0x0 0x0 0x3840007 0x37d 0xfffffffffffffed8 0x1b1 0x3940005 0x0 0x0 0x151753c37d8 0x1b1 0x0 0x0 0x3a40005 0x0 0x0 0x151753c37d8 0x1b1 0x0 0x0 0x3b20007 0x1b1 0xd8 0x0 0x3bf0003 0x0 0x98 0x3cd0005 0x0 0x0 0x0 0x0 0x0 0x0 0x3d80002 0x0 0x3db0004 0x0 0x0 0x0 0x0 0x0 0x0 0x3e30007 0x0 0xffffffffffffff80 0x0 0x3f30005 0x0 0x0 0x1517fa149f0 0x22d 0x0 0x0 0x3f80005 0x0 0x0 0x1517fa14aa0 0x22d 0x0 0x0 0x3ff0005 0x0 0x0 0x1517fa14cb0 0x22d 0x0 0x0 0x4020007 0x22d 0x1f8 0x0 0x4120007 0x0 0x1d8 0x0 0x41a0002 0x0 0x4410005 0x0 0x0 0x0 0x0 0x0 0x0 0x4460005 0x0 0x0 0x0 0x0 0x0 0x0 0x4490005 0x0 0x0 0x0 0x0 0x0 0x0 0x44f0005 0x0 0x0 0x0 0x0 0x0 0x0 0x4520007 0x0 0x40 0x0 0x4620007 0x0 0xffffffffffffff00 0x0 0x4670005 0x0 0x0 0x0 0x0 0x0 0x0 0x4730005 0x0 0x0 0x0 0x0 0x0 0x0 0x4770003 0x0 0x170 0x47b0005 0x0 0x0 0x1517fa147e0 0x226 0x1517fa14890 0x7 0x4840007 0x0 0x120 0x22c 0x48e0007 0x1d2 0x100 0x5a 0x49b0003 0x5a 0xc0 0x4b40005 0x0 0x0 0x1517fa149f0 0x6d 0x0 0x0 0x4b90005 0x0 0x0 0x1517fa14aa0 0x6d 0x0 0x0 0x4bc0004 0x0 0x0 0x1517fa14b50 0x50 0x1517fa12600 0x1d 0x4c40007 0x6d 0xffffffffffffff58 0x5a 0x4c80005 0xb 0x0 0x1517fa147e0 0xaaa 0x1517fa14890 0x63 0x4cd0007 0xa68 0x48 0xb0 0x4db0002 0xb0 0x4de0003 0xb0 0x60 0x4e80005 0xb 0x0 0x1517fa147e0 0xa09 0x1517fa14890 0x54 0x4f40002 0xa68 0x4fb0007 0xab5 0xd8 0x63 0x5090003 0x63 0x98 0x5150005 0x0 0x0 0x1517fa14d60 0x67 0x0 0x0 0x5210002 0x67 0x5240007 0x67 0x38 0x0 0x52e0003 0x0 0x38 0x5380007 0x67 0xffffffffffffff80 0x63 0x53d0005 0x0 0x0 0x1517fa149f0 0xb18 0x0 0x0 0x5470005 0x0 0x0 0x1517fa149f0 0xb18 0x0 0x0 0x5500007 0x0 0x88 0xb18 0x5560007 0xb18 0x68 0x0 0x5680002 0x0 0x56b0005 0x0 0x0 0x0 0x0 0x0 0x0 0x57b0007 0x0 0x108 0xb18 0x58c0007 0x0 0xe8 0xb18 0x5900004 0xfffffffffffff54b 0x0 0x1517fa147e0 0x168 0x1517fa14890 0x63 0x5930007 0xab5 0x90 0x63 0x5970005 0x0 0x0 0x1517fa14890 0x63 0x0 0x0 0x5a20007 0x33 0x38 0x30 0x5a60003 0x30 0x18 0x5b60007 0x0 0x40 0xb18 0x5bb0007 0xae8 0x2c0 0x30 0x5c00007 0x0 0x58 0x30 0x5c60005 0x0 0x0 0x1517fa12600 0x30 0x0 0x0 0x5cb0005 0x0 0x0 0x1517fa14890 0x30 0x0 0x0 0x5d30005 0x0 0x0 0x1517fa14890 0x30 0x0 0x0 0x5d80007 0x24 0xd8 0xc 0x5dd0005 0x0 0x0 0x1517fa149f0 0xc 0x0 0x0 0x5e70005 0x0 0x0 0x1517fa149f0 0xc 0x0 0x0 0x5f80002 0xc 0x5fb0005 0x0 0x0 0x1517fa12ad8 0xc 0x0 0x0 0x6080002 0x30 0x60e0005 0x0 0x0 0x1517fa12600 0x30 0x0 0x0 0x6110007 0x30 0x80 0x0 0x6150005 0x0 0x0 0x0 0x0 0x0 0x0 0x6210002 0x0 0x6240003 0x0 0x18 0x62c0005 0x0 0x0 0x1517fa12ad8 0x30 0x0 0x0 0x6310007 0x0 0x20 0xb18 0x6420005 0xb 0x0 0x1517fa147e0 0xaaa 0x1517fa14890 0x63 0x65d0003 0xb18 0x50 0x6720005 0x0 0x0 0x1517fa14e10 0x75 0x0 0x0 0x67c0007 0x75 0xffffffffffffffc8 0xb18 0x0 0x0 0x0 0x0 0x0 0x0 0x0 0x0 0x0 0x0 0x0 0x0 0x0 0x0 0x0 0x0 0x0 0x0 0x0 0x0 0x0 0x0 0x0 0x0 0x0 0x0 0x0 0x0 0x0 0x0 0x0 0x0 0x0 0x0 0x0 0x0 0x0 0x0 0x0 0x0 0x0 0x0 0x0 0x0 0x0 0x0 0x0 0x0 0x0 0x0 0x0 0x9 0x6 0x0 0x0 0x0 0x0 0x0 0x0 oops 68 16 org/eclipse/jdt/internal/compiler/classfmt/MethodInfo 18 org/eclipse/jdt/internal/compiler/classfmt/MethodInfoWithAnnotations 23 org/eclipse/jdt/internal/compiler/lookup/BinaryTypeBinding 46 org/eclipse/jdt/internal/compiler/classfmt/MethodInfo 48 org/eclipse/jdt/internal/compiler/classfmt/MethodInfoWithAnnotations 53 org/eclipse/jdt/internal/compiler/classfmt/MethodInfo 55 org/eclipse/jdt/internal/compiler/classfmt/MethodInfoWithAnnotations 60 org/eclipse/jdt/internal/compiler/classfmt/MethodInfo 62 org/eclipse/jdt/internal/compiler/classfmt/MethodInfoWithAnnotations 81 org/eclipse/jdt/internal/compiler/classfmt/MethodInfo 83 org/eclipse/jdt/internal/compiler/classfmt/MethodInfoWithAnnotations 92 org/eclipse/jdt/internal/compiler/classfmt/MethodInfo 94 org/eclipse/jdt/internal/compiler/classfmt/MethodInfoWithAnnotations 99 org/eclipse/jdt/internal/compiler/classfmt/ClassFileReader 125 org/eclipse/jdt/internal/compiler/classfmt/MethodInfo 127 org/eclipse/jdt/internal/compiler/classfmt/MethodInfoWithAnnotations 158 org/eclipse/jdt/internal/compiler/lookup/BinaryTypeBinding 196 org/eclipse/jdt/internal/compiler/env/ITypeAnnotationWalker$1 203 org/eclipse/jdt/internal/compiler/lookup/LookupEnvironment 210 org/eclipse/jdt/internal/compiler/lookup/UnresolvedReferenceBinding 212 org/eclipse/jdt/internal/compiler/lookup/BaseTypeBinding 241 org/eclipse/jdt/internal/compiler/classfmt/MethodInfo 243 org/eclipse/jdt/internal/compiler/classfmt/MethodInfoWithAnnotations 259 org/eclipse/jdt/internal/compiler/env/ITypeAnnotationWalker$1 266 org/eclipse/jdt/internal/compiler/lookup/LookupEnvironment 273 org/eclipse/jdt/internal/compiler/lookup/UnresolvedReferenceBinding 275 org/eclipse/jdt/internal/compiler/lookup/BinaryTypeBinding 284 org/eclipse/jdt/internal/compiler/classfmt/MethodInfo 286 org/eclipse/jdt/internal/compiler/classfmt/MethodInfoWithAnnotations 295 org/eclipse/jdt/internal/compiler/env/ITypeAnnotationWalker$1 302 org/eclipse/jdt/internal/compiler/lookup/LookupEnvironment 387 org/eclipse/jdt/internal/compiler/classfmt/MethodInfo 389 org/eclipse/jdt/internal/compiler/classfmt/MethodInfoWithAnnotations 403 org/eclipse/jdt/internal/compiler/env/ITypeAnnotationWalker$1 410 org/eclipse/jdt/internal/compiler/lookup/LookupEnvironment 417 java/util/ArrayList 428 java/util/ArrayList 435 java/util/ArrayList 469 org/eclipse/jdt/internal/compiler/env/ITypeAnnotationWalker$1 476 org/eclipse/jdt/internal/compiler/lookup/LookupEnvironment 483 org/eclipse/jdt/internal/compiler/lookup/SignatureWrapper 553 org/eclipse/jdt/internal/compiler/classfmt/MethodInfo 555 org/eclipse/jdt/internal/compiler/classfmt/MethodInfoWithAnnotations 571 org/eclipse/jdt/internal/compiler/env/ITypeAnnotationWalker$1 578 org/eclipse/jdt/internal/compiler/lookup/LookupEnvironment 585 org/eclipse/jdt/internal/compiler/lookup/UnresolvedReferenceBinding 587 org/eclipse/jdt/internal/compiler/lookup/BinaryTypeBinding 596 org/eclipse/jdt/internal/compiler/classfmt/MethodInfo 598 org/eclipse/jdt/internal/compiler/classfmt/MethodInfoWithAnnotations 612 org/eclipse/jdt/internal/compiler/classfmt/MethodInfo 614 org/eclipse/jdt/internal/compiler/classfmt/MethodInfoWithAnnotations 628 org/eclipse/jdt/internal/compiler/classfmt/AnnotationInfo 648 org/eclipse/jdt/internal/compiler/env/ITypeAnnotationWalker$1 655 org/eclipse/jdt/internal/compiler/env/ITypeAnnotationWalker$1 687 org/eclipse/jdt/internal/compiler/classfmt/MethodInfo 689 org/eclipse/jdt/internal/compiler/classfmt/MethodInfoWithAnnotations 698 org/eclipse/jdt/internal/compiler/classfmt/MethodInfoWithAnnotations 724 org/eclipse/jdt/internal/compiler/lookup/BinaryTypeBinding 731 org/eclipse/jdt/internal/compiler/classfmt/MethodInfoWithAnnotations 738 org/eclipse/jdt/internal/compiler/classfmt/MethodInfoWithAnnotations 749 org/eclipse/jdt/internal/compiler/env/ITypeAnnotationWalker$1 756 org/eclipse/jdt/internal/compiler/env/ITypeAnnotationWalker$1 765 org/eclipse/jdt/internal/compiler/lookup/MethodBinding 774 org/eclipse/jdt/internal/compiler/lookup/BinaryTypeBinding 797 org/eclipse/jdt/internal/compiler/lookup/MethodBinding 808 org/eclipse/jdt/internal/compiler/classfmt/MethodInfo 810 org/eclipse/jdt/internal/compiler/classfmt/MethodInfoWithAnnotations 818 org/eclipse/jdt/internal/compiler/lookup/TypeSystem methods 0
ciMethodData org/eclipse/jdt/internal/compiler/classfmt/MethodInfo getArgumentNames ()[[C 2 2901 orig 80 0 0 0 0 0 0 0 0 0 0 0 0 81 1 0 0 0 0 0 0 0 0 0 0 0 0 0 0 0 0 0 0 0 0 0 0 0 0 0 0 0 0 0 0 0 0 0 0 0 0 0 0 0 0 0 0 0 0 0 0 0 0 0 0 0 0 0 0 0 0 0 0 0 0 0 0 0 0 0 0 data 20 0x40007 0x0 0x58 0xb55 0x80005 0xb55 0x0 0x0 0x0 0x0 0x0 0x0 0x0 0x0 0x0 0x0 0x0 0x9 0x1 0x0 oops 0 methods 0
ciMethodData org/eclipse/jdt/internal/compiler/classfmt/MethodInfo readCodeAttribute ()V 2 3039 orig 80 0 0 0 0 0 0 0 0 0 0 0 0 81 1 0 0 0 0 0 0 0 0 0 0 0 0 0 0 0 0 0 0 0 0 0 0 0 0 0 0 0 0 0 0 0 0 0 0 0 0 0 0 0 0 0 0 0 0 0 0 0 0 0 0 0 0 0 0 0 0 0 0 0 0 0 0 0 0 0 0 data 77 0x30005 0xb 0x0 0x1517fa147e0 0xb42 0x1517fa14890 0x92 0xb0007 0xf0 0x1e0 0xaef 0x100003 0xaef 0x1a0 0x190005 0xb 0x0 0x1517fa147e0 0xa60 0x1517fa14890 0x9e 0x2e0005 0xb 0x0 0x1517fa147e0 0xa60 0x1517fa14890 0x9e 0x310005 0xb 0x0 0x1517fa147e0 0xa60 0x1517fa14890 0x9e 0x3b0002 0xb09 0x3e0007 0x223 0x98 0x8e6 0x430005 0x8e6 0x0 0x0 0x0 0x0 0x0 0x4a0007 0x26 0x40 0x8c0 0x520007 0x54b 0x20 0x375 0x640005 0x1f 0x0 0x15100efb950 0xb 0x1517fa147e0 0x1f9 0x6f0007 0xb09 0xfffffffffffffe78 0x209 0x0 0x0 0x0 0x0 0x0 0x0 0x0 0x9 0x1 0x0 oops 10 3 org/eclipse/jdt/internal/compiler/classfmt/MethodInfo 5 org/eclipse/jdt/internal/compiler/classfmt/MethodInfoWithAnnotations 17 org/eclipse/jdt/internal/compiler/classfmt/MethodInfo 19 org/eclipse/jdt/internal/compiler/classfmt/MethodInfoWithAnnotations 24 org/eclipse/jdt/internal/compiler/classfmt/MethodInfo 26 org/eclipse/jdt/internal/compiler/classfmt/MethodInfoWithAnnotations 31 org/eclipse/jdt/internal/compiler/classfmt/MethodInfo 33 org/eclipse/jdt/internal/compiler/classfmt/MethodInfoWithAnnotations 59 org/eclipse/jdt/internal/compiler/classfmt/AnnotationMethodInfo 61 org/eclipse/jdt/internal/compiler/classfmt/MethodInfo methods 0
ciMethodData org/eclipse/jdt/internal/compiler/classfmt/MethodInfo getTypeAnnotations ()[Lorg/eclipse/jdt/internal/compiler/env/IBinaryTypeAnnotation; 2 2455 orig 80 0 0 0 0 0 0 0 0 0 0 0 0 81 1 0 0 0 0 0 0 0 0 0 0 0 0 0 0 0 0 0 0 0 0 0 0 0 0 0 0 0 0 0 0 0 0 0 0 0 0 0 0 0 0 0 0 0 0 0 0 0 0 0 0 0 0 0 0 0 0 0 0 0 0 0 0 0 0 0 0 data 4 0x0 0x9 0x1 0x0 oops 0 methods 0
ciMethodData org/eclipse/jdt/internal/compiler/lookup/BinaryTypeBinding getNullDefaultFrom ([Lorg/eclipse/jdt/internal/compiler/env/IBinaryAnnotation;)I 2 4501 orig 80 0 0 0 0 0 0 0 0 0 0 0 0 81 1 0 0 0 0 0 0 0 0 0 0 0 0 0 0 0 0 0 0 0 0 0 0 0 0 0 0 0 0 0 0 0 0 0 0 0 0 0 0 0 0 0 0 0 0 0 0 0 0 0 0 0 0 0 0 0 0 0 0 0 0 0 0 0 0 0 0 data 43 0x30007 0x111d 0x108 0x78 0x100003 0x78 0xc8 0x1a0005 0x0 0x0 0x1517fa14d60 0x7c 0x0 0x0 0x1f0002 0x7c 0x2a0005 0x0 0x0 0x1517fa14aa0 0x7c 0x0 0x0 0x300007 0x7c 0x30 0x0 0x390002 0x0 0x450007 0x7c 0xffffffffffffff50 0x78 0x0 0x0 0x0 0x0 0x0 0x0 0x9 0x2 0x0 0x0 oops 2 10 org/eclipse/jdt/internal/compiler/classfmt/AnnotationInfo 19 org/eclipse/jdt/internal/compiler/lookup/LookupEnvironment methods 0
ciMethodData org/eclipse/jdt/internal/compiler/lookup/BinaryTypeBinding getTypeAnnotationWalker ([Lorg/eclipse/jdt/internal/compiler/env/IBinaryTypeAnnotation;I)Lorg/eclipse/jdt/internal/compiler/env/ITypeAnnotationWalker; 2 3587 orig 80 0 0 0 0 0 0 0 0 0 0 0 0 81 1 0 0 0 0 0 0 0 0 0 0 0 0 0 0 0 0 0 0 0 0 0 0 0 0 0 0 0 0 0 0 0 0 0 0 0 0 0 0 0 0 0 0 0 0 0 0 0 0 0 0 0 0 0 0 0 0 0 0 0 0 0 0 0 0 0 0 data 89 0x10005 0xe03 0x0 0x0 0x0 0x0 0x0 0x40007 0xe03 0x30 0x0 0xb0002 0x0 0x100007 0xe03 0x98 0x0 0x150007 0x0 0x78 0x0 0x1c0005 0x0 0x0 0x0 0x0 0x0 0x0 0x1f0007 0x0 0xc8 0x0 0x2c0007 0xe03 0xa8 0x0 0x300007 0x0 0x58 0x0 0x340005 0x0 0x0 0x0 0x0 0x0 0x0 0x3a0007 0x0 0x30 0x0 0x460002 0x0 0x580007 0x0 0xa8 0x0 0x5c0007 0x0 0x58 0x0 0x600005 0x0 0x0 0x0 0x0 0x0 0x0 0x660007 0x0 0x30 0x0 0x730002 0x0 0x7c0002 0x0 0x0 0x0 0x0 0x0 0x0 0x0 0x0 0x0 0x9 0x3 0x0 0x0 0x0 oops 0 methods 0
ciMethodData org/eclipse/jdt/internal/compiler/classfmt/MethodInfo getGenericSignature ()[C 2 2982 orig 80 0 0 0 0 0 0 0 0 0 0 0 0 81 1 0 0 0 0 0 0 0 0 0 0 0 0 0 0 0 0 0 0 0 0 0 0 0 0 0 0 0 0 0 0 0 0 0 0 0 0 0 0 0 0 0 0 0 0 0 0 0 0 0 0 0 0 0 0 0 0 0 0 0 0 0 0 0 0 0 0 data 33 0x50007 0x929 0xc0 0x27d 0xc0007 0x0 0xa0 0x27d 0x1e0005 0x0 0x0 0x1517fa147e0 0x276 0x1517fa14890 0x7 0x210005 0x0 0x0 0x1517fa147e0 0x276 0x1517fa14890 0x7 0x240002 0x27d 0x0 0x0 0x0 0x0 0x0 0x0 0x9 0x1 0x0 oops 4 11 org/eclipse/jdt/internal/compiler/classfmt/MethodInfo 13 org/eclipse/jdt/internal/compiler/classfmt/MethodInfoWithAnnotations 18 org/eclipse/jdt/internal/compiler/classfmt/MethodInfo 20 org/eclipse/jdt/internal/compiler/classfmt/MethodInfoWithAnnotations methods 0
ciMethodData org/eclipse/jdt/internal/compiler/classfmt/MethodInfo getMethodDescriptor ()[C 2 2345 orig 80 0 0 0 0 0 0 0 0 0 0 0 0 81 1 0 0 0 0 0 0 0 0 0 0 0 0 0 0 0 0 0 0 0 0 0 0 0 0 0 0 0 0 0 0 0 0 0 0 0 0 0 0 0 0 0 0 0 0 0 0 0 0 0 0 0 0 0 0 0 0 0 0 0 0 0 0 0 0 0 0 data 36 0x40007 0x0 0xd8 0x929 0xd0005 0xb 0x0 0x1517fa147e0 0x893 0x1517fa14890 0x8b 0x200005 0xb 0x0 0x1517fa147e0 0x893 0x1517fa14890 0x8b 0x230005 0xb 0x0 0x1517fa147e0 0x893 0x1517fa14890 0x8b 0x260002 0x929 0x0 0x0 0x0 0x0 0x0 0x0 0x9 0x1 0x0 oops 6 7 org/eclipse/jdt/internal/compiler/classfmt/MethodInfo 9 org/eclipse/jdt/internal/compiler/classfmt/MethodInfoWithAnnotations 14 org/eclipse/jdt/internal/compiler/classfmt/MethodInfo 16 org/eclipse/jdt/internal/compiler/classfmt/MethodInfoWithAnnotations 21 org/eclipse/jdt/internal/compiler/classfmt/MethodInfo 23 org/eclipse/jdt/internal/compiler/classfmt/MethodInfoWithAnnotations methods 0
ciMethodData org/eclipse/jdt/internal/compiler/classfmt/ClassFileReader enrichWithExternalAnnotationsFor (Lorg/eclipse/jdt/internal/compiler/env/ITypeAnnotationWalker;Ljava/lang/Object;Lorg/eclipse/jdt/internal/compiler/lookup/LookupEnvironment;)Lorg/eclipse/jdt/internal/compiler/env/ITypeAnnotationWalker; 2 2426 orig 80 0 0 0 0 0 0 0 0 0 0 0 0 81 1 0 0 0 0 0 0 0 0 0 0 0 0 0 0 0 0 0 0 0 0 0 0 0 0 0 0 0 0 0 0 0 0 0 0 0 0 0 0 0 0 0 0 0 0 0 0 0 0 0 0 0 0 0 0 0 0 0 0 0 0 0 0 0 0 0 0 data 7 0x0 0x9 0x4 0x0 0x0 0x0 0x0 oops 0 methods 0
ciMethodData org/eclipse/jdt/internal/compiler/lookup/TypeBinding notEquals (Lorg/eclipse/jdt/internal/compiler/lookup/TypeBinding;Lorg/eclipse/jdt/internal/compiler/lookup/TypeBinding;)Z 2 7648 orig 80 0 0 0 0 0 0 0 0 0 0 0 0 0 0 0 0 0 0 0 0 0 0 0 0 0 0 0 0 0 0 0 0 0 0 0 0 0 0 0 0 0 0 0 0 0 0 0 0 0 0 0 0 0 0 0 0 0 0 0 0 0 0 0 0 0 0 0 0 0 0 0 0 0 0 0 0 0 0 0 0 data 70 0x20007 0x2f5 0x20 0x1aeb 0x80007 0xd 0x40 0x2e8 0xc0007 0x28d 0x20 0x5b 0x170007 0x55 0x40 0x238 0x220007 0x238 0x20 0x0 0x280004 0xfffffffffffffd73 0x0 0x0 0x0 0x0 0x0 0x2b0007 0x28d 0x108 0x0 0x2f0004 0x0 0x0 0x0 0x0 0x0 0x0 0x320007 0x0 0xb0 0x0 0x360004 0x0 0x0 0x0 0x0 0x0 0x0 0x3d0004 0x0 0x0 0x0 0x0 0x0 0x0 0x430007 0x0 0x20 0x0 0x0 0x0 0x0 0x0 0x0 0x0 0x9 0x2 0x0 0x0 oops 0 methods 0
ciMethodData org/eclipse/jdt/internal/compiler/lookup/ReferenceBinding isEnum ()Z 1 595 orig 80 0 0 0 0 0 0 0 0 0 0 0 0 81 1 0 0 0 0 0 0 0 0 0 0 0 0 0 0 0 0 0 0 0 0 0 0 0 0 0 0 0 0 0 0 0 0 0 0 0 0 0 0 0 0 0 0 0 0 0 0 0 0 0 0 0 0 0 0 0 0 0 0 0 0 0 0 0 0 0 0 data 11 0x80007 0x252 0x20 0x1 0x0 0x0 0x0 0x0 0x9 0x1 0x0 oops 0 methods 0
ciMethodData org/eclipse/jdt/internal/compiler/env/ITypeAnnotationWalker$1 toMethodParameter (S)Lorg/eclipse/jdt/internal/compiler/env/ITypeAnnotationWalker; 2 1079 orig 80 0 0 0 0 0 0 0 0 0 0 0 0 0 0 0 0 0 0 0 0 0 0 0 0 0 0 0 0 0 0 0 0 0 0 0 0 0 0 0 0 0 0 0 0 0 0 0 0 0 0 0 0 0 0 0 0 0 0 0 0 0 0 0 0 0 0 0 0 0 0 0 0 0 0 0 0 0 0 0 0 data 6 0x0 0x0 0x9 0x2 0x0 0x0 oops 0 methods 0
ciMethodData org/eclipse/jdt/internal/compiler/classfmt/MethodInfo getParameterAnnotations (I[C)[Lorg/eclipse/jdt/internal/compiler/env/IBinaryAnnotation; 1 899 orig 80 0 0 0 0 0 0 0 0 0 0 0 0 81 1 0 0 0 0 0 0 0 0 0 0 0 0 0 0 0 0 0 0 0 0 0 0 0 0 0 0 0 0 0 0 0 0 0 0 0 0 0 0 0 0 0 0 0 0 0 0 0 0 0 0 0 0 0 0 0 0 0 0 0 0 0 0 0 0 0 0 data 6 0x0 0x9 0x3 0x0 0x0 0x0 oops 0 methods 0
ciMethodData org/eclipse/jdt/internal/compiler/classfmt/MethodInfo getExceptionTypeNames ()[[C 2 2963 orig 80 0 0 0 0 0 0 0 0 0 0 0 0 81 1 0 0 0 0 0 0 0 0 0 0 0 0 0 0 0 0 0 0 0 0 0 0 0 0 0 0 0 0 0 0 0 0 0 0 0 0 0 0 0 0 0 0 0 0 0 0 0 0 0 0 0 0 0 0 0 0 0 0 0 0 0 0 0 0 0 0 data 20 0x40007 0x0 0x58 0xb93 0x80005 0xb93 0x0 0x0 0x0 0x0 0x0 0x0 0x0 0x0 0x0 0x0 0x0 0x9 0x1 0x0 oops 0 methods 0
ciMethodData org/eclipse/jdt/internal/compiler/lookup/LookupEnvironment getCachedType ([[C)Lorg/eclipse/jdt/internal/compiler/lookup/ReferenceBinding; 2 5291 orig 80 0 0 0 0 0 0 0 0 0 0 0 0 0 0 0 0 0 0 0 0 0 0 0 0 0 0 0 0 0 0 0 0 0 0 0 0 0 0 0 0 0 0 0 0 0 0 0 0 0 0 0 0 0 0 0 0 0 0 0 0 0 0 0 0 0 0 0 0 0 0 0 0 0 0 0 0 0 0 0 0 data 89 0x20005 0x0 0x0 0x1517fa14aa0 0x14ab 0x0 0x0 0x70007 0xff9 0x240 0x4b2 0xe0007 0x0 0x220 0x4b2 0x150005 0x0 0x0 0x1517b1e27b0 0x273 0x1517b1e2860 0x23f 0x180007 0x23f 0x40 0x273 0x220007 0x273 0x38 0x0 0x2f0003 0x23f 0x50 0x360005 0x0 0x0 0x1517b1e27b0 0x273 0x0 0x0 0x440003 0x4b2 0x118 0x500007 0x12bc 0x38 0x16fa 0x530003 0x16fa 0xe0 0x5c0005 0x0 0x0 0x1517fa14aa0 0x12bc 0x0 0x0 0x610007 0xf65 0x90 0x357 0x650005 0x357 0x0 0x0 0x0 0x0 0x0 0x680007 0x0 0x38 0x357 0x6b0003 0x357 0x38 0x750007 0x29b6 0xffffffffffffff00 0x15b 0x0 0x0 0x0 0x0 0x0 0x0 0x9 0x2 0x0 0x0 oops 5 3 org/eclipse/jdt/internal/compiler/lookup/LookupEnvironment 18 org/eclipse/jdt/internal/compiler/lookup/BinaryModuleBinding 20 org/eclipse/jdt/internal/compiler/lookup/ModuleBinding$UnNamedModule 36 org/eclipse/jdt/internal/compiler/lookup/BinaryModuleBinding 53 org/eclipse/jdt/internal/compiler/lookup/LookupEnvironment methods 0
ciMethodData org/eclipse/jdt/internal/compiler/classfmt/MethodInfo readExceptionAttributes ()V 2 3104 orig 80 0 0 0 0 0 0 0 0 0 0 0 0 81 1 0 0 0 0 0 0 0 0 0 0 0 0 0 0 0 0 0 0 0 0 0 0 0 0 0 0 0 0 0 0 0 0 0 0 0 0 0 0 0 0 0 0 0 0 0 0 0 0 0 0 0 0 0 0 0 0 0 0 0 0 0 0 0 0 0 0 data 127 0x30005 0x91 0x0 0x1517fa147e0 0xb84 0x15100efb950 0xb 0xf0003 0xc20 0x300 0x180005 0x152 0x0 0x1517fa147e0 0xe3a 0x15100efb950 0xb 0x2d0005 0x152 0x0 0x1517fa147e0 0xe3a 0x15100efb950 0xb 0x300005 0x152 0x0 0x1517fa147e0 0xe3a 0x15100efb950 0xb 0x3a0002 0xf97 0x3d0007 0xc85 0x1f8 0x312 0x450005 0x0 0x0 0x1517fa147e0 0x307 0x1517fa14890 0xb 0x4f0007 0x312 0x38 0x0 0x560003 0x0 0x1b8 0x620003 0x312 0x130 0x700005 0x0 0x0 0x1517fa147e0 0x330 0x1517fa14890 0xc 0x7b0005 0x0 0x0 0x1517fa147e0 0x330 0x1517fa14890 0xc 0x930005 0x0 0x0 0x1517fa147e0 0x330 0x1517fa14890 0xc 0x960005 0x0 0x0 0x1517fa147e0 0x330 0x1517fa14890 0xc 0x990004 0x0 0x0 0x151753d55b0 0x33c 0x0 0x0 0xa40007 0x33c 0xfffffffffffffee8 0x312 0xa70003 0x312 0x50 0xb10005 0x147 0x0 0x1517fa147e0 0xb33 0x15100efb950 0xb 0xbd0007 0xf97 0xfffffffffffffd18 0xc20 0xc10007 0x312 0x38 0x90e 0xcb0003 0x90e 0x18 0x0 0x0 0x0 0x0 0x0 0x0 0x0 0x0 0x0 0x0 0x9 0x1 0x0 oops 21 3 org/eclipse/jdt/internal/compiler/classfmt/MethodInfo 5 org/eclipse/jdt/internal/compiler/classfmt/AnnotationMethodInfo 13 org/eclipse/jdt/internal/compiler/classfmt/MethodInfo 15 org/eclipse/jdt/internal/compiler/classfmt/AnnotationMethodInfo 20 org/eclipse/jdt/internal/compiler/classfmt/MethodInfo 22 org/eclipse/jdt/internal/compiler/classfmt/AnnotationMethodInfo 27 org/eclipse/jdt/internal/compiler/classfmt/MethodInfo 29 org/eclipse/jdt/internal/compiler/classfmt/AnnotationMethodInfo 40 org/eclipse/jdt/internal/compiler/classfmt/MethodInfo 42 org/eclipse/jdt/internal/compiler/classfmt/MethodInfoWithAnnotations 57 org/eclipse/jdt/internal/compiler/classfmt/MethodInfo 59 org/eclipse/jdt/internal/compiler/classfmt/MethodInfoWithAnnotations 64 org/eclipse/jdt/internal/compiler/classfmt/MethodInfo 66 org/eclipse/jdt/internal/compiler/classfmt/MethodInfoWithAnnotations 71 org/eclipse/jdt/internal/compiler/classfmt/MethodInfo 73 org/eclipse/jdt/internal/compiler/classfmt/MethodInfoWithAnnotations 78 org/eclipse/jdt/internal/compiler/classfmt/MethodInfo 80 org/eclipse/jdt/internal/compiler/classfmt/MethodInfoWithAnnotations 85 [C 99 org/eclipse/jdt/internal/compiler/classfmt/MethodInfo 101 org/eclipse/jdt/internal/compiler/classfmt/AnnotationMethodInfo methods 0
ciMethodData org/eclipse/jdt/internal/compiler/lookup/LookupEnvironment getTypeFromConstantPoolName ([CIIZ[[[CLorg/eclipse/jdt/internal/compiler/env/ITypeAnnotationWalker;)Lorg/eclipse/jdt/internal/compiler/lookup/ReferenceBinding; 2 5201 orig 80 0 0 0 0 0 0 0 0 0 0 0 0 81 1 0 0 0 0 0 0 0 0 0 0 0 0 0 0 0 0 0 0 0 0 0 0 0 0 0 0 0 0 0 0 0 0 0 0 0 0 0 0 0 0 0 0 0 0 0 0 0 0 0 0 0 0 0 0 0 0 0 0 0 0 0 0 0 0 0 0 data 66 0x20007 0x1049 0x20 0x408 0xd0002 0x1451 0x170007 0x1451 0xa0 0x0 0x250003 0x0 0x60 0x330002 0x0 0x360007 0x0 0x38 0x0 0x3c0003 0x0 0x38 0x460007 0x0 0xffffffffffffffb8 0x0 0x500005 0x1451 0x0 0x0 0x0 0x0 0x0 0x5a0007 0x1451 0x90 0x0 0x640005 0x0 0x0 0x0 0x0 0x0 0x0 0x670004 0x0 0x0 0x0 0x0 0x0 0x0 0x0 0x0 0x0 0x0 0x0 0x0 0x9 0x7 0xffffffffffffffff 0xffffffffffffffff 0x0 0x0 0x0 0xffffffffffffffff 0xffffffffffffffff oops 0 methods 0
ciMethodData org/eclipse/jdt/internal/compiler/lookup/LookupEnvironment convertUnresolvedBinaryToRawType (Lorg/eclipse/jdt/internal/compiler/lookup/TypeBinding;)Lorg/eclipse/jdt/internal/compiler/lookup/TypeBinding; 2 5146 orig 80 0 0 0 0 0 0 0 0 0 0 0 0 0 0 0 0 0 0 0 0 0 0 0 0 0 0 0 0 0 0 0 0 0 0 0 0 0 0 0 0 0 0 0 0 0 0 0 0 0 0 0 0 0 0 0 0 0 0 0 0 0 0 0 0 0 0 0 0 0 0 0 0 0 0 0 0 0 0 0 0 data 223 0x10005 0x12b 0x0 0x1517fa12600 0xacd 0x1517fa14b50 0x822 0x40008 0xe 0x12ef 0x108 0x0 0x80 0x12b 0x80 0x0 0x80 0x0 0x80 0x0 0x80 0x0 0x80 0x430005 0x0 0x0 0x0 0x0 0x0 0x0 0x480005 0x0 0x0 0x0 0x0 0x0 0x0 0x4c0003 0x0 0x38 0x540007 0x106b 0x20 0x284 0x5e0005 0x0 0x0 0x1517fa12600 0x849 0x1517fa14b50 0x822 0x610008 0x8 0x106a 0x128 0x0 0x50 0x0 0x68 0x1 0x50 0x890003 0x1 0xd8 0x8d0004 0x0 0x0 0x0 0x0 0x0 0x0 0x940005 0x0 0x0 0x0 0x0 0x0 0x0 0x970005 0x0 0x0 0x0 0x0 0x0 0x0 0x9c0003 0x0 0x18 0xa30005 0x0 0x0 0x1517fa12600 0x849 0x1517fa14b50 0x822 0xaa0007 0x11 0x118 0x105a 0xaf0007 0x1059 0xe0 0x1 0xb40005 0x0 0x0 0x1517fa12600 0x1 0x0 0x0 0xb70004 0x0 0x0 0x1517fa12600 0x1 0x0 0x0 0xbb0005 0x0 0x0 0x1517fa14aa0 0x1 0x0 0x0 0xbe0003 0x1 0x18 0xc40003 0x105a 0x210 0xc90007 0x0 0x78 0x11 0xcd0005 0x0 0x0 0x1517fa12600 0x11 0x0 0x0 0xd00007 0x0 0x20 0x11 0xd80005 0x0 0x0 0x0 0x0 0x0 0x0 0xdb0004 0x0 0x0 0x0 0x0 0x0 0x0 0xe40002 0x0 0xe70007 0x0 0x20 0x0 0xef0007 0x0 0xe0 0x0 0xf40005 0x0 0x0 0x0 0x0 0x0 0x0 0xf70004 0x0 0x0 0x0 0x0 0x0 0x0 0xfc0005 0x0 0x0 0x0 0x0 0x0 0x0 0x1010003 0x0 0x18 0x10a0002 0x105a 0x10d0007 0x1059 0x90 0x1 0x1110007 0x1 0x70 0x0 0x1180005 0x0 0x0 0x0 0x0 0x0 0x0 0x11b0003 0x0 0x18 0x0 0x0 0x0 0x0 0x0 0x0 0x9 0x2 0x0 0x0 oops 10 3 org/eclipse/jdt/internal/compiler/lookup/BinaryTypeBinding 5 org/eclipse/jdt/internal/compiler/lookup/UnresolvedReferenceBinding 47 org/eclipse/jdt/internal/compiler/lookup/BinaryTypeBinding 49 org/eclipse/jdt/internal/compiler/lookup/UnresolvedReferenceBinding 91 org/eclipse/jdt/internal/compiler/lookup/BinaryTypeBinding 93 org/eclipse/jdt/internal/compiler/lookup/UnresolvedReferenceBinding 106 org/eclipse/jdt/internal/compiler/lookup/BinaryTypeBinding 113 org/eclipse/jdt/internal/compiler/lookup/BinaryTypeBinding 120 org/eclipse/jdt/internal/compiler/lookup/LookupEnvironment 137 org/eclipse/jdt/internal/compiler/lookup/BinaryTypeBinding methods 0
ciMethodData org/eclipse/jdt/internal/compiler/lookup/LookupEnvironment getTypeFromCompoundName ([[CZZ)Lorg/eclipse/jdt/internal/compiler/lookup/ReferenceBinding; 2 5199 orig 80 0 0 0 0 0 0 0 0 0 0 0 0 0 0 0 0 0 0 0 0 0 0 0 0 0 0 0 0 0 0 0 0 0 0 0 0 0 0 0 0 0 0 0 0 0 0 0 0 0 0 0 0 0 0 0 0 0 0 0 0 0 0 0 0 0 0 0 0 0 0 0 0 0 0 0 0 0 0 0 0 data 113 0x20005 0x0 0x0 0x1517fa14aa0 0x144f 0x0 0x0 0x90007 0x12f5 0x138 0x15a 0xf0005 0x15a 0x0 0x0 0x0 0x0 0x0 0x180007 0x0 0x58 0x15a 0x230005 0x0 0x0 0x1517e618fc0 0x15a 0x0 0x0 0x2a0007 0x0 0x88 0x15a 0x380002 0x15a 0x3e0007 0x15a 0x20 0x0 0x520005 0x0 0x0 0x1517e618fc0 0x15a 0x0 0x0 0x5a0007 0x144f 0x120 0x0 0x5e0007 0x0 0xb0 0x0 0x650005 0x0 0x0 0x0 0x0 0x0 0x0 0x680007 0x0 0x58 0x0 0x800005 0x0 0x0 0x0 0x0 0x0 0x0 0x860005 0x0 0x0 0x0 0x0 0x0 0x0 0x8b0003 0x0 0xa8 0x8f0007 0x334 0x90 0x111b 0x950005 0x0 0x0 0x1517fa14aa0 0x111b 0x0 0x0 0x980004 0x0 0x0 0x1517fa14b50 0x822 0x1517fa12600 0x8f9 0x0 0x0 0x0 0x0 0x0 0x0 0x0 0x9 0x4 0x0 0x0 0x0 0x0 oops 6 3 org/eclipse/jdt/internal/compiler/lookup/LookupEnvironment 25 org/eclipse/jdt/internal/compiler/lookup/PlainPackageBinding 42 org/eclipse/jdt/internal/compiler/lookup/PlainPackageBinding 89 org/eclipse/jdt/internal/compiler/lookup/LookupEnvironment 96 org/eclipse/jdt/internal/compiler/lookup/UnresolvedReferenceBinding 98 org/eclipse/jdt/internal/compiler/lookup/BinaryTypeBinding methods 0
ciMethodData org/eclipse/jdt/internal/compiler/lookup/LookupEnvironment computePackageFrom ([[CZ)Lorg/eclipse/jdt/internal/compiler/lookup/PackageBinding; 1 432 orig 80 0 0 0 0 0 0 0 0 0 0 0 0 81 1 0 0 0 0 0 0 0 0 0 0 0 0 0 0 0 0 0 0 0 0 0 0 0 0 0 0 0 0 0 0 0 0 0 0 0 0 0 0 0 0 0 0 0 0 0 0 0 0 0 0 0 0 0 0 0 0 0 0 0 0 0 0 0 0 0 0 data 385 0x30007 0x1b0 0x20 0x0 0xf0005 0x0 0x0 0x1517fa14aa0 0x1b0 0x0 0x0 0x140007 0x2 0x40 0x1ae 0x1b0007 0x1ae 0x3f8 0x0 0x220007 0x0 0x308 0x2 0x290005 0x0 0x0 0x1517b1e27b0 0x2 0x0 0x0 0x2c0007 0x2 0x278 0x0 0x330004 0x0 0x0 0x0 0x0 0x0 0x0 0x3f0004 0x0 0x0 0x0 0x0 0x0 0x0 0x430005 0x0 0x0 0x0 0x0 0x0 0x0 0x4c0007 0x0 0x1e8 0x0 0x530002 0x0 0x630003 0x0 0xe0 0x730005 0x0 0x0 0x0 0x0 0x0 0x0 0x7a0007 0x0 0x90 0x0 0x840005 0x0 0x0 0x0 0x0 0x0 0x0 0x870005 0x0 0x0 0x0 0x0 0x0 0x0 0x940007 0x0 0xffffffffffffff38 0x0 0x990005 0x0 0x0 0x0 0x0 0x0 0x0 0x9e0007 0x0 0x80 0x0 0xa70002 0x0 0xab0003 0x0 0x50 0xb50005 0x0 0x0 0x1517b1e27b0 0x2 0x0 0x0 0xba0007 0x0 0x40 0x2 0xc10007 0x2 0x58 0x0 0xcb0005 0x0 0x0 0x0 0x0 0x0 0x0 0xd00007 0x2 0x20 0x0 0xe70005 0x0 0x0 0x1517eae4dd8 0x2 0x0 0x0 0xf40003 0x1b0 0x450 0x1000005 0x0 0x0 0x1517e618fc0 0x20c 0x1517b1e7688 0x3a 0x1050007 0xb 0x40 0x23b 0x10c0007 0x23b 0x3e0 0x0 0x1130007 0x0 0x2e0 0xb 0x11a0005 0x0 0x0 0x1517b1e2860 0x4 0x1517b1e27b0 0x7 0x11d0007 0x7 0x250 0x4 0x1290002 0x4 0x1320004 0x0 0x0 0x1517de10c98 0x4 0x0 0x0 0x13a0005 0x0 0x0 0x1517de10c98 0x4 0x0 0x0 0x1450002 0x4 0x14c0007 0x0 0x1d8 0x4 0x15a0003 0x4 0xe0 0x16a0005 0x0 0x0 0x1517fa14aa0 0x5 0x0 0x0 0x1710007 0x0 0x90 0x5 0x17a0005 0x0 0x0 0x1517b1e27b0 0x4 0x1517b1e2860 0x1 0x17d0005 0x0 0x0 0x151753c37d8 0x5 0x0 0x0 0x18a0007 0x5 0xffffffffffffff38 0x4 0x18f0005 0x0 0x0 0x151753c37d8 0x4 0x0 0x0 0x1940007 0x0 0x80 0x4 0x19d0002 0x4 0x1a10003 0x4 0x50 0x1ae0005 0x0 0x0 0x1517b1e27b0 0x7 0x0 0x0 0x1b30007 0x0 0x40 0xb 0x1ba0007 0xb 0x68 0x0 0x1c70002 0x0 0x1cc0005 0x0 0x0 0x0 0x0 0x0 0x0 0x1d10007 0xb 0x20 0x0 0x1e70005 0x0 0x0 0x1517b1e7688 0x7 0x1517e618fc0 0x4 0x1f20007 0x246 0xfffffffffffffbc8 0x1b0 0x1f60004 0xfffffffffffffe55 0x0 0x1517e618fc0 0x10f 0x1517b1e7688 0x5 0x1f90007 0x1ab 0x220 0x5 0x2000004 0x0 0x0 0x1517b1e7688 0x5 0x0 0x0 0x2060005 0x0 0x0 0x1517de10d48 0x5 0x0 0x0 0x20d0003 0x5 0x118 0x2120005 0x0 0x0 0x1517de10df8 0xc 0x0 0x0 0x2170004 0x0 0x0 0x1517e618fc0 0xc 0x0 0x0 0x21f0005 0x0 0x0 0x1517e618fc0 0xc 0x0 0x0 0x2220007 0x7 0x58 0x5 0x2270007 0x5 0x38 0x0 0x22d0003 0x0 0x70 0x2360005 0x0 0x0 0x1517de10df8 0x11 0x0 0x0 0x23b0007 0xc 0xfffffffffffffec8 0x5 0x2400007 0x0 0x20 0x5 0x0 0x0 0x0 0x0 0x0 0x0 0x0 0x0 0x0 0x0 0x0 0x0 0x0 0x0 0x0 0x0 0x0 0x0 0x0 0x0 0x0 0x9 0x3 0x0 0x0 0x0 oops 26 7 org/eclipse/jdt/internal/compiler/lookup/LookupEnvironment 26 org/eclipse/jdt/internal/compiler/lookup/BinaryModuleBinding 112 org/eclipse/jdt/internal/compiler/lookup/BinaryModuleBinding 138 org/eclipse/jdt/internal/compiler/util/HashtableOfPackage 148 org/eclipse/jdt/internal/compiler/lookup/PlainPackageBinding 150 org/eclipse/jdt/internal/compiler/lookup/SplitPackageBinding 167 org/eclipse/jdt/internal/compiler/lookup/ModuleBinding$UnNamedModule 169 org/eclipse/jdt/internal/compiler/lookup/BinaryModuleBinding 180 org/eclipse/jdt/internal/core/builder/NameEnvironment 187 org/eclipse/jdt/internal/core/builder/NameEnvironment 203 org/eclipse/jdt/internal/compiler/lookup/LookupEnvironment 214 org/eclipse/jdt/internal/compiler/lookup/BinaryModuleBinding 216 org/eclipse/jdt/internal/compiler/lookup/ModuleBinding$UnNamedModule 221 java/util/ArrayList 232 java/util/ArrayList 248 org/eclipse/jdt/internal/compiler/lookup/BinaryModuleBinding 276 org/eclipse/jdt/internal/compiler/lookup/SplitPackageBinding 278 org/eclipse/jdt/internal/compiler/lookup/PlainPackageBinding 287 org/eclipse/jdt/internal/compiler/lookup/PlainPackageBinding 289 org/eclipse/jdt/internal/compiler/lookup/SplitPackageBinding 298 org/eclipse/jdt/internal/compiler/lookup/SplitPackageBinding 305 java/util/LinkedHashSet 315 java/util/LinkedHashMap$LinkedKeyIterator 322 org/eclipse/jdt/internal/compiler/lookup/PlainPackageBinding 329 org/eclipse/jdt/internal/compiler/lookup/PlainPackageBinding 347 java/util/LinkedHashMap$LinkedKeyIterator methods 0
ciMethodData org/eclipse/jdt/internal/compiler/lookup/SignatureWrapper <init> ([C)V 1 707 orig 80 0 0 0 0 0 0 0 0 0 0 0 0 81 1 0 0 0 0 0 0 0 0 0 0 0 0 0 0 0 0 0 0 0 0 0 0 0 0 0 0 0 0 0 0 0 0 0 0 0 0 0 0 0 0 0 0 0 0 0 0 0 0 0 0 0 0 0 0 0 0 0 0 0 0 0 0 0 0 0 0 data 8 0x30002 0x2c3 0x0 0x0 0x9 0x2 0x0 0x0 oops 0 methods 0
ciMethodData org/eclipse/jdt/internal/compiler/lookup/SignatureWrapper <init> ([CZ)V 1 707 orig 80 0 0 0 0 0 0 0 0 0 0 0 0 81 1 0 0 0 0 0 0 0 0 0 0 0 0 0 0 0 0 0 0 0 0 0 0 0 0 0 0 0 0 0 0 0 0 0 0 0 0 0 0 0 0 0 0 0 0 0 0 0 0 0 0 0 0 0 0 0 0 0 0 0 0 0 0 0 0 0 0 data 11 0x10002 0x2c3 0x0 0x0 0x0 0x0 0x9 0x3 0x1e 0x0 0x0 oops 0 methods 0
ciMethodData org/eclipse/jdt/internal/compiler/lookup/LookupEnvironment createRawType (Lorg/eclipse/jdt/internal/compiler/lookup/ReferenceBinding;Lorg/eclipse/jdt/internal/compiler/lookup/ReferenceBinding;)Lorg/eclipse/jdt/internal/compiler/lookup/RawTypeBinding; 1 24 orig 80 0 0 0 0 0 0 0 0 0 0 0 0 81 1 0 0 0 0 0 0 0 0 0 0 0 0 0 0 0 0 0 0 0 0 0 0 0 0 0 0 0 0 0 0 0 0 0 0 0 0 0 0 0 0 0 0 0 0 0 0 0 0 0 0 0 0 0 0 0 0 0 0 0 0 0 0 0 0 0 0 data 43 0x90007 0x18 0xc8 0x0 0x110005 0x0 0x0 0x0 0x0 0x0 0x0 0x140004 0x0 0x0 0x0 0x0 0x0 0x0 0x190005 0x0 0x0 0x0 0x0 0x0 0x0 0x230005 0x0 0x0 0x1517fa14e10 0x18 0x0 0x0 0x0 0x0 0x0 0x0 0x0 0x0 0x9 0x3 0x0 0xffffffffffffffff 0xffffffffffffffff oops 1 28 org/eclipse/jdt/internal/compiler/lookup/TypeSystem methods 0
ciMethodData org/eclipse/jdt/internal/compiler/lookup/UnresolvedReferenceBinding <init> ([[CLorg/eclipse/jdt/internal/compiler/lookup/PackageBinding;Lorg/eclipse/jdt/internal/compiler/lookup/ReferenceBinding;)V 1 345 orig 80 0 0 0 0 0 0 0 0 0 0 0 0 81 1 0 0 0 0 0 0 0 0 0 0 0 0 0 0 0 0 0 0 0 0 0 0 0 0 0 0 0 0 0 0 0 0 0 0 0 0 0 0 0 0 0 0 0 0 0 0 0 0 0 0 0 0 0 0 0 0 0 0 0 0 0 0 0 0 0 0 data 21 0x10002 0x159 0x280005 0x0 0x0 0x1517fa14b50 0x159 0x0 0x0 0x0 0x0 0x0 0x0 0x0 0x0 0x9 0x4 0x0 0x0 0x0 0x0 oops 1 5 org/eclipse/jdt/internal/compiler/lookup/UnresolvedReferenceBinding methods 0
ciMethodData org/eclipse/jdt/internal/compiler/lookup/BinaryTypeBinding createTypeVariables (Lorg/eclipse/jdt/internal/compiler/lookup/SignatureWrapper;Z[[[CLorg/eclipse/jdt/internal/compiler/env/ITypeAnnotationWalker;Z)[Lorg/eclipse/jdt/internal/compiler/lookup/TypeVariableBinding; 2 169 orig 80 0 0 0 0 0 0 0 0 0 0 0 0 81 1 0 0 0 0 0 0 0 0 0 0 0 0 0 0 0 0 0 0 0 0 0 0 0 0 0 0 0 0 0 0 0 0 0 0 0 0 0 0 0 0 0 0 0 0 0 0 0 0 0 0 0 0 0 0 0 0 0 0 0 0 0 0 0 0 0 0 data 178 0x10005 0xa9 0x0 0x0 0x0 0x0 0x0 0x40007 0xa9 0x30 0x0 0xb0002 0x0 0x250002 0xa9 0x330003 0xa9 0x2c0 0x3b0008 0xa 0x1064 0x128 0xdf 0xb0 0xd 0x60 0x0 0x128 0xb6 0x78 0x5b0003 0xd 0x248 0x630007 0xd 0x230 0xa9 0x660003 0xa9 0x230 0x6b0007 0xe 0x1f8 0xd1 0x740007 0x0 0x1d8 0xd1 0x800007 0x0 0x1b8 0xd1 0x860003 0xd1 0x198 0x8b0007 0xf93 0x180 0xd1 0x970002 0xd1 0xa20002 0xd1 0xb40002 0xd1 0xc20005 0x0 0x0 0x1517fa149f0 0xd1 0x0 0x0 0xc90005 0x0 0x0 0x1517fa149f0 0xd1 0x0 0x0 0xd30002 0xd1 0xda0007 0x0 0x78 0xd1 0xe20007 0xd1 0x58 0x0 0xf30005 0x0 0x0 0x0 0x0 0x0 0x0 0xfa0005 0x0 0x0 0x151753c37d8 0xd1 0x0 0x0 0x1050007 0x1206 0xfffffffffffffd58 0x0 0x1120005 0x0 0x0 0x151753c37d8 0xa9 0x0 0x0 0x1170007 0x8a 0x20 0x1f 0x1230003 0xa9 0x138 0x1360005 0x0 0x0 0x1517fa149f0 0xd1 0x0 0x0 0x13b0005 0xd1 0x0 0x0 0x0 0x0 0x0 0x1420005 0xd1 0x0 0x0 0x0 0x0 0x0 0x1450007 0x0 0x78 0xd1 0x14d0005 0x0 0x0 0x15175655dc8 0xd1 0x0 0x0 0x1500007 0xd1 0x20 0x0 0x1610007 0xd1 0xfffffffffffffee0 0xa9 0x0 0x0 0x0 0x0 0x0 0x0 0x0 0x0 0x0 0x9 0x6 0x0 0x0 0x0 0x0 0x0 0x0 oops 6 68 org/eclipse/jdt/internal/compiler/env/ITypeAnnotationWalker$1 75 org/eclipse/jdt/internal/compiler/env/ITypeAnnotationWalker$1 99 java/util/ArrayList 110 java/util/ArrayList 124 org/eclipse/jdt/internal/compiler/env/ITypeAnnotationWalker$1 149 org/eclipse/jdt/internal/compiler/lookup/TypeVariableBinding methods 0
ciMethodData org/eclipse/jdt/internal/compiler/lookup/PackageBinding addType (Lorg/eclipse/jdt/internal/compiler/lookup/ReferenceBinding;)V 1 450 orig 80 0 0 0 0 0 0 0 0 0 0 0 0 81 1 0 0 0 0 0 0 0 0 0 0 0 0 0 0 0 0 0 0 0 0 0 0 0 0 0 0 0 0 0 0 0 0 0 0 0 0 0 0 0 0 0 0 0 0 0 0 0 0 0 0 0 0 0 0 0 0 0 0 0 0 0 0 0 0 0 0 data 223 0xa0007 0x0 0x58 0x1c2 0xe0005 0x0 0x0 0x1517e618fc0 0x1c2 0x0 0x0 0x150007 0x1a2 0x30 0x20 0x1f0002 0x20 0x380005 0x1c2 0x0 0x0 0x0 0x0 0x0 0x3d0007 0x16b 0x140 0x57 0x410005 0x0 0x0 0x1517fa14b50 0x57 0x0 0x0 0x440007 0x0 0xe8 0x57 0x480005 0x0 0x0 0x1517fa12600 0x57 0x0 0x0 0x4b0007 0x0 0x90 0x57 0x4f0004 0x0 0x0 0x1517fa14b50 0x57 0x0 0x0 0x570005 0x0 0x0 0x1517fa14b50 0x57 0x0 0x0 0x640007 0x0 0x40 0x1c2 0x710007 0x1c2 0x108 0x0 0x750005 0x0 0x0 0x0 0x0 0x0 0x0 0x780007 0x0 0x78 0x0 0x7c0004 0x0 0x0 0x0 0x0 0x0 0x0 0x7f0007 0x0 0x58 0x0 0x840005 0x0 0x0 0x0 0x0 0x0 0x0 0x880005 0x0 0x0 0x1517fa14b50 0x158 0x1517fa12600 0x6a 0x8b0007 0x158 0x328 0x6a 0x920007 0x3c 0x308 0x2e 0x990005 0x0 0x0 0x151753c37d8 0x2e 0x0 0x0 0x9e0003 0x2e 0x258 0xa30005 0x0 0x0 0x15109b17398 0xcc 0x0 0x0 0xa80004 0x0 0x0 0x1517b1e7688 0xcc 0x0 0x0 0xb20007 0xc1 0x1d0 0xb 0xbb0005 0xb 0x0 0x0 0x0 0x0 0x0 0xc20007 0xb 0x178 0x0 0xc70005 0x0 0x0 0x0 0x0 0x0 0x0 0xca0007 0x0 0x120 0x0 0xce0005 0x0 0x0 0x0 0x0 0x0 0x0 0xd10007 0x0 0xc8 0x0 0xd60004 0x0 0x0 0x0 0x0 0x0 0x0 0xde0005 0x0 0x0 0x0 0x0 0x0 0x0 0xe80005 0x0 0x0 0x0 0x0 0x0 0x0 0xee0005 0x0 0x0 0x15109b17398 0xfa 0x0 0x0 0xf30007 0xcc 0xfffffffffffffd88 0x2e 0x0 0x0 0x0 0x0 0x0 0x0 0x0 0x0 0x0 0x0 0x9 0x2 0x0 0x0 oops 11 7 org/eclipse/jdt/internal/compiler/lookup/PlainPackageBinding 31 org/eclipse/jdt/internal/compiler/lookup/UnresolvedReferenceBinding 42 org/eclipse/jdt/internal/compiler/lookup/BinaryTypeBinding 53 org/eclipse/jdt/internal/compiler/lookup/UnresolvedReferenceBinding 60 org/eclipse/jdt/internal/compiler/lookup/UnresolvedReferenceBinding 104 org/eclipse/jdt/internal/compiler/lookup/UnresolvedReferenceBinding 106 org/eclipse/jdt/internal/compiler/lookup/BinaryTypeBinding 119 java/util/ArrayList 129 java/util/ArrayList$Itr 136 org/eclipse/jdt/internal/compiler/lookup/SplitPackageBinding 201 java/util/ArrayList$Itr methods 0
ciMethodData org/eclipse/jdt/internal/compiler/classfmt/NonNullDefaultAwareTypeAnnotationWalker updateWalkerForParamNonNullDefault (Lorg/eclipse/jdt/internal/compiler/env/ITypeAnnotationWalker;ILorg/eclipse/jdt/internal/compiler/lookup/LookupEnvironment;)Lorg/eclipse/jdt/internal/compiler/env/ITypeAnnotationWalker; 2 1016 orig 80 0 0 0 0 0 0 0 0 0 0 0 0 81 1 0 0 0 0 0 0 0 0 0 0 0 0 0 0 0 0 0 0 0 0 0 0 0 0 0 0 0 0 0 0 0 0 0 0 0 0 0 0 0 0 0 0 0 0 0 0 0 0 0 0 0 0 0 0 0 0 0 0 0 0 0 0 0 0 0 0 data 96 0x70007 0x3f8 0x298 0x0 0xb0007 0x0 0x278 0x0 0x100007 0x0 0xc0 0x0 0x140004 0x0 0x0 0x0 0x0 0x0 0x0 0x170007 0x0 0x68 0x0 0x1b0004 0x0 0x0 0x0 0x0 0x0 0x0 0x2f0002 0x0 0x360004 0x0 0x0 0x0 0x0 0x0 0x0 0x390007 0x0 0x150 0x0 0x3d0004 0x0 0x0 0x0 0x0 0x0 0x0 0x420004 0x0 0x0 0x0 0x0 0x0 0x0 0x450007 0x0 0xa0 0x0 0x490004 0x0 0x0 0x0 0x0 0x0 0x0 0x530007 0x0 0x30 0x0 0x5c0002 0x0 0x670003 0x0 0x28 0x6b0002 0x0 0x870002 0x0 0x910002 0x0 0x0 0x0 0x0 0x0 0x0 0x0 0x0 0x0 0x9 0x3 0x0 0x0 0x0 oops 0 methods 0
ciMethodData org/eclipse/jdt/internal/compiler/lookup/LookupEnvironment getTypeFromTypeSignature (Lorg/eclipse/jdt/internal/compiler/lookup/SignatureWrapper;[Lorg/eclipse/jdt/internal/compiler/lookup/TypeVariableBinding;Lorg/eclipse/jdt/internal/compiler/lookup/ReferenceBinding;[[[CLorg/eclipse/jdt/internal/compiler/env/ITypeAnnotationWalker;)Lorg/eclipse/jdt/internal/compiler/lookup/TypeBinding; 2 2813 orig 80 0 0 0 0 0 0 0 0 0 0 0 0 81 1 0 0 0 0 0 0 0 0 0 0 0 0 0 0 0 0 0 0 0 0 0 0 0 0 0 0 0 0 0 0 0 0 0 0 0 0 0 0 0 0 0 0 0 0 0 0 0 0 0 0 0 0 0 0 0 0 0 0 0 0 0 0 0 0 0 0 data 466 0x30003 0xafd 0x18 0x1e0007 0x5f 0x0 0xafd 0x260007 0xa9e 0x170 0x5f 0x2e0007 0x5f 0x150 0x0 0x340003 0x0 0x110 0x3b0005 0x0 0x0 0x0 0x0 0x0 0x0 0x430002 0x0 0x4d0007 0x0 0x78 0x0 0x520007 0x0 0x20 0x0 0x620004 0x0 0x0 0x0 0x0 0x0 0x0 0x650005 0x0 0x0 0x0 0x0 0x0 0x0 0x730007 0x0 0xffffffffffffff08 0x0 0x810007 0x72a 0x318 0x3d3 0x8d0005 0x0 0x0 0x1517fa14cb0 0x3d3 0x0 0x0 0x960003 0x3d3 0x80 0xa80002 0x285 0xab0007 0x7a 0x58 0x20b 0xbb0005 0x20b 0x0 0x0 0x0 0x0 0x0 0xc40007 0x285 0xffffffffffffff98 0x1c8 0xcb0004 0x0 0x0 0x1517fa12600 0x1c8 0x0 0x0 0xce0007 0x0 0x70 0x1c8 0xd20004 0x0 0x0 0x1517fa12600 0x1c8 0x0 0x0 0xda0003 0x1c8 0x50 0xde0005 0x0 0x0 0x0 0x0 0x0 0x0 0xe80003 0x1c8 0x80 0xfb0002 0x231 0xfe0007 0x69 0x58 0x1c8 0x10f0005 0x1c8 0x0 0x0 0x0 0x0 0x0 0x1180007 0x231 0xffffffffffffff98 0x0 0x11c0005 0x0 0x0 0x0 0x0 0x0 0x0 0x1210007 0x0 0xfffffffffffffe48 0x0 0x1300002 0x0 0x1350005 0x0 0x0 0x0 0x0 0x0 0x0 0x1440005 0x0 0x0 0x1517fa14cb0 0x72a 0x0 0x0 0x14f0007 0x3fd 0x38 0x32d 0x1530003 0x32d 0x18 0x15f0005 0x0 0x0 0x1517fa14aa0 0x72a 0x0 0x0 0x1660007 0x32d 0xa0 0x3fd 0x16b0007 0xe 0x38 0x3ef 0x1700003 0x3ef 0x60 0x17a0002 0xe 0x17d0005 0x0 0x0 0x1517fa14aa0 0xe 0x0 0x0 0x1830004 0x0 0x0 0x1517fa14b50 0x1ab 0x1517fa12600 0x182 0x18d0007 0x32d 0x118 0x0 0x1920004 0x0 0x0 0x0 0x0 0x0 0x0 0x1950007 0x0 0xc0 0x0 0x19a0005 0x0 0x0 0x0 0x0 0x0 0x0 0x19d0007 0x0 0x68 0x0 0x1a40002 0x0 0x1a70004 0x0 0x0 0x0 0x0 0x0 0x0 0x1ae0005 0x0 0x0 0x1517fa14b50 0x1ab 0x1517fa12600 0x182 0x1bc0007 0x32d 0x120 0x0 0x1c10005 0x0 0x0 0x0 0x0 0x0 0x0 0x1c40007 0x0 0xc8 0x0 0x1ca0005 0x0 0x0 0x0 0x0 0x0 0x0 0x1d20003 0x0 0x50 0x1d70005 0x0 0x0 0x0 0x0 0x0 0x0 0x1e50007 0x0 0xffffffffffffffc8 0x0 0x1f20005 0x32d 0x0 0x0 0x0 0x0 0x0 0x1fe0005 0x0 0x0 0x1517fa14aa0 0x32d 0x0 0x0 0x2070003 0x32d 0x3b8 0x21b0005 0x0 0x0 0x0 0x0 0x0 0x0 0x2240002 0x0 0x2270004 0x0 0x0 0x0 0x0 0x0 0x0 0x2300005 0x0 0x0 0x0 0x0 0x0 0x0 0x2370007 0x0 0x58 0x0 0x2460005 0x0 0x0 0x0 0x0 0x0 0x0 0x24b0005 0x0 0x0 0x0 0x0 0x0 0x0 0x24e0007 0x0 0x38 0x0 0x2550003 0x0 0x50 0x25a0005 0x0 0x0 0x0 0x0 0x0 0x0 0x26c0007 0x0 0x70 0x0 0x2830005 0x0 0x0 0x0 0x0 0x0 0x0 0x2880003 0x0 0x18 0x2900007 0x0 0xd0 0x0 0x2950005 0x0 0x0 0x0 0x0 0x0 0x0 0x2980007 0x0 0x120 0x0 0x29d0005 0x0 0x0 0x0 0x0 0x0 0x0 0x2a00007 0x0 0xc8 0x0 0x2a50005 0x0 0x0 0x0 0x0 0x0 0x0 0x2a80007 0x0 0x20 0x0 0x2b60005 0x0 0x0 0x0 0x0 0x0 0x0 0x2bb0003 0x0 0x18 0x2d10007 0x0 0xfffffffffffffc60 0x32d 0x2e50005 0x32d 0x0 0x0 0x0 0x0 0x0 0x2ec0007 0x32 0x38 0x2fb 0x2f10003 0x2fb 0x60 0x2fb0002 0x32 0x2fe0005 0x0 0x0 0x1517fa14aa0 0x32 0x0 0x0 0x0 0x0 0x0 0x0 0x0 0x0 0x0 0x0 0x0 0x0 0x0 0x0 0x0 0x0 0x0 0x0 0x0 0x0 0x0 0x0 0x9 0x6 0x0 0x0 0x0 0x0 0x0 0x0 oops 12 60 org/eclipse/jdt/internal/compiler/lookup/SignatureWrapper 87 org/eclipse/jdt/internal/compiler/lookup/BinaryTypeBinding 98 org/eclipse/jdt/internal/compiler/lookup/BinaryTypeBinding 155 org/eclipse/jdt/internal/compiler/lookup/SignatureWrapper 169 org/eclipse/jdt/internal/compiler/lookup/LookupEnvironment 189 org/eclipse/jdt/internal/compiler/lookup/LookupEnvironment 196 org/eclipse/jdt/internal/compiler/lookup/UnresolvedReferenceBinding 198 org/eclipse/jdt/internal/compiler/lookup/BinaryTypeBinding 238 org/eclipse/jdt/internal/compiler/lookup/UnresolvedReferenceBinding 240 org/eclipse/jdt/internal/compiler/lookup/BinaryTypeBinding 288 org/eclipse/jdt/internal/compiler/lookup/LookupEnvironment 434 org/eclipse/jdt/internal/compiler/lookup/LookupEnvironment methods 0
ciMethodData org/eclipse/jdt/internal/compiler/lookup/SignatureWrapper atEnd ()Z 1 727 orig 80 0 0 0 0 0 0 0 0 0 0 0 0 81 1 0 0 0 0 0 0 0 0 0 0 0 0 0 0 0 0 0 0 0 0 0 0 0 0 0 0 0 0 0 0 0 0 0 0 0 0 0 0 0 0 0 0 0 0 0 0 0 0 0 0 0 0 0 0 0 0 0 0 0 0 0 0 0 0 0 0 data 15 0x40007 0x0 0x40 0x2d7 0x100007 0x2a2 0x20 0x35 0x0 0x0 0x0 0x0 0x9 0x1 0x0 oops 0 methods 0
ciMethodData org/eclipse/jdt/internal/compiler/lookup/BinaryTypeBinding storedAnnotations (ZZ)Ljava/util/Map; 1 98 orig 80 0 0 0 0 0 0 0 0 0 0 0 0 81 1 0 0 0 0 0 0 0 0 0 0 0 0 0 0 0 0 0 0 0 0 0 0 0 0 0 0 0 0 0 0 0 0 0 0 0 0 0 0 0 0 0 0 0 0 0 0 0 0 0 0 0 0 0 0 0 0 0 0 0 0 0 0 0 0 0 0 data 47 0x10005 0x62 0x0 0x0 0x0 0x0 0x0 0x40007 0x62 0x58 0x0 0xd0005 0x0 0x0 0x0 0x0 0x0 0x0 0x120007 0x0 0x90 0x62 0x190007 0x55 0x70 0xd 0x260007 0x0 0x40 0xd 0x2a0007 0xd 0x20 0x0 0x340002 0xd 0x0 0x0 0x0 0x0 0x0 0x0 0x9 0x3 0x30000 0x0 0x0 oops 0 methods 0
ciMethodData org/eclipse/jdt/internal/compiler/env/ITypeAnnotationWalker$1 getAnnotationsAtCursor (IZ)[Lorg/eclipse/jdt/internal/compiler/env/IBinaryAnnotation; 2 1042 orig 80 0 0 0 0 0 0 0 0 0 0 0 0 0 0 0 0 0 0 0 0 0 0 0 0 0 0 0 0 0 0 0 0 0 0 0 0 0 0 0 0 0 0 0 0 0 0 0 0 0 0 0 0 0 0 0 0 0 0 0 0 0 0 0 0 0 0 0 0 0 0 0 0 0 0 0 0 0 0 0 0 data 7 0x0 0x0 0x9 0x3 0x0 0x0 0x0 oops 0 methods 0
ciMethodData org/eclipse/jdt/internal/compiler/lookup/MethodBinding setAnnotations ([Lorg/eclipse/jdt/internal/compiler/lookup/AnnotationBinding;[[Lorg/eclipse/jdt/internal/compiler/lookup/AnnotationBinding;Ljava/lang/Object;Lorg/eclipse/jdt/internal/compiler/lookup/LookupEnvironment;)V 1 49 orig 80 0 0 0 0 0 0 0 0 0 0 0 0 81 1 0 0 0 0 0 0 0 0 0 0 0 0 0 0 0 0 0 0 0 0 0 0 0 0 0 0 0 0 0 0 0 0 0 0 0 0 0 0 0 0 0 0 0 0 0 0 0 0 0 0 0 0 0 0 0 0 0 0 0 0 0 0 0 0 0 0 data 22 0xa0002 0x31 0xd0005 0x0 0x0 0x1517fa12600 0x31 0x0 0x0 0x0 0x0 0x0 0x0 0x0 0x0 0x9 0x5 0xffffffffffffffff 0xffffffffffffffff 0xffffffffffffffff 0xffffffffffffffff 0xffffffffffffffff oops 1 5 org/eclipse/jdt/internal/compiler/lookup/BinaryTypeBinding methods 0
ciMethodData org/eclipse/jdt/internal/compiler/lookup/TypeSystem fixTypeVariableDeclaringElement (Lorg/eclipse/jdt/internal/compiler/lookup/TypeVariableBinding;Lorg/eclipse/jdt/internal/compiler/lookup/Binding;)V 1 166 orig 80 0 0 0 0 0 0 0 0 0 0 0 0 81 1 0 0 0 0 0 0 0 0 0 0 0 0 0 0 0 0 0 0 0 0 0 0 0 0 0 0 0 0 0 0 0 0 0 0 0 0 0 0 0 0 0 0 0 0 0 0 0 0 0 0 0 0 0 0 0 0 0 0 0 0 0 0 0 0 0 0 data 47 0xa0007 0x0 0x120 0xa6 0x130007 0x0 0x100 0xa6 0x250003 0xa6 0xa8 0x310104 0xffffffffffffffc7 0x0 0x15175655dc8 0xa6 0x1517eaf7bf0 0x11 0x340007 0x1f2 0x58 0xa6 0x390004 0x0 0x0 0x15175655dc8 0xa6 0x0 0x0 0x470007 0x298 0xffffffffffffff70 0xa6 0x4a0003 0xa6 0x18 0x0 0x0 0x0 0x0 0x0 0x0 0x9 0x3 0x0 0x400 0x0 oops 3 14 org/eclipse/jdt/internal/compiler/lookup/TypeVariableBinding 16 org/eclipse/jdt/internal/compiler/lookup/ArrayBinding 25 org/eclipse/jdt/internal/compiler/lookup/TypeVariableBinding methods 0
ciMethodData org/eclipse/jdt/internal/compiler/classfmt/MethodInfo decodeCodeAttribute (I)V 2 2151 orig 80 0 0 0 0 0 0 0 0 0 0 0 0 81 1 0 0 0 0 0 0 0 0 0 0 0 0 0 0 0 0 0 0 0 0 0 0 0 0 0 0 0 0 0 0 0 0 0 0 0 0 0 0 0 0 0 0 0 0 0 0 0 0 0 0 0 0 0 0 0 0 0 0 0 0 0 0 0 0 0 0 data 90 0x70005 0x0 0x0 0x1517fa147e0 0x7e9 0x1517fa14890 0x7e 0x130005 0x0 0x0 0x1517fa147e0 0x7e9 0x1517fa14890 0x7e 0x1d0007 0x7b0 0x58 0xb7 0x230003 0xb7 0x18 0x300007 0x1a5 0x0 0xb7 0x350005 0x0 0x0 0x1517fa147e0 0x7e9 0x1517fa14890 0x7e 0x400003 0x867 0x160 0x490005 0x0 0x0 0x1517fa147e0 0x15ea 0x1517fa14890 0x139 0x5e0005 0x0 0x0 0x1517fa147e0 0x15ea 0x1517fa14890 0x139 0x610005 0x0 0x0 0x1517fa147e0 0x15ea 0x1517fa14890 0x139 0x6b0002 0x1723 0x6e0007 0xee1 0x58 0x842 0x740005 0x842 0x0 0x0 0x0 0x0 0x0 0x7e0005 0x0 0x0 0x1517fa147e0 0x15ea 0x1517fa14890 0x139 0x8b0007 0x1723 0xfffffffffffffeb8 0x867 0x0 0x0 0x0 0x0 0x0 0x0 0x9 0x2 0x0 0x0 oops 14 3 org/eclipse/jdt/internal/compiler/classfmt/MethodInfo 5 org/eclipse/jdt/internal/compiler/classfmt/MethodInfoWithAnnotations 10 org/eclipse/jdt/internal/compiler/classfmt/MethodInfo 12 org/eclipse/jdt/internal/compiler/classfmt/MethodInfoWithAnnotations 28 org/eclipse/jdt/internal/compiler/classfmt/MethodInfo 30 org/eclipse/jdt/internal/compiler/classfmt/MethodInfoWithAnnotations 38 org/eclipse/jdt/internal/compiler/classfmt/MethodInfo 40 org/eclipse/jdt/internal/compiler/classfmt/MethodInfoWithAnnotations 45 org/eclipse/jdt/internal/compiler/classfmt/MethodInfo 47 org/eclipse/jdt/internal/compiler/classfmt/MethodInfoWithAnnotations 52 org/eclipse/jdt/internal/compiler/classfmt/MethodInfo 54 org/eclipse/jdt/internal/compiler/classfmt/MethodInfoWithAnnotations 72 org/eclipse/jdt/internal/compiler/classfmt/MethodInfo 74 org/eclipse/jdt/internal/compiler/classfmt/MethodInfoWithAnnotations methods 0
ciMethodData org/eclipse/jdt/internal/compiler/lookup/BinaryTypeBinding signature2qualifiedTypeName ([C)[[C 1 123 orig 80 0 0 0 0 0 0 0 0 0 0 0 0 81 1 0 0 0 0 0 0 0 0 0 0 0 0 0 0 0 0 0 0 0 0 0 0 0 0 0 0 0 0 0 0 0 0 0 0 0 0 0 0 0 0 0 0 0 0 0 0 0 0 0 0 0 0 0 0 0 0 0 0 0 0 0 0 0 0 0 0 data 11 0x80002 0x7b 0x0 0x0 0x0 0x0 0x0 0x0 0x9 0x1 0x0 oops 0 methods 0
ciMethodData org/eclipse/jdt/internal/compiler/lookup/LookupEnvironment getAnalysisAnnotationBit ([[C)I 1 170 orig 80 0 0 0 0 0 0 0 0 0 0 0 0 81 1 0 0 0 0 0 0 0 0 0 0 0 0 0 0 0 0 0 0 0 0 0 0 0 0 0 0 0 0 0 0 0 0 0 0 0 0 0 0 0 0 0 0 0 0 0 0 0 0 0 0 0 0 0 0 0 0 0 0 0 0 0 0 0 0 0 0 data 159 0x40007 0xa9 0x368 0x1 0xc0002 0x1 0x1d0002 0x1 0x220002 0x1 0x250005 0x0 0x0 0x151009946a0 0x1 0x0 0x0 0x360002 0x1 0x3b0002 0x1 0x3e0005 0x0 0x0 0x151009946a0 0x1 0x0 0x0 0x4f0002 0x1 0x550002 0x1 0x580005 0x0 0x0 0x151009946a0 0x1 0x0 0x0 0x690002 0x1 0x6f0002 0x1 0x720005 0x0 0x0 0x151009946a0 0x1 0x0 0x0 0x830002 0x1 0x890002 0x1 0x8c0005 0x0 0x0 0x151009946a0 0x1 0x0 0x0 0xa10003 0x1 0x60 0xb00002 0x0 0xb30005 0x0 0x0 0x0 0x0 0x0 0x0 0xbf0007 0x0 0xffffffffffffffb8 0x1 0xd10003 0x1 0x60 0xe00002 0x0 0xe30005 0x0 0x0 0x0 0x0 0x0 0x0 0xef0007 0x0 0xffffffffffffffb8 0x1 0x1010003 0x1 0x60 0x1110002 0x0 0x1140005 0x0 0x0 0x0 0x0 0x0 0x0 0x1200007 0x0 0xffffffffffffffb8 0x1 0x1240002 0xaa 0x12d0005 0x0 0x0 0x151009946a0 0xaa 0x0 0x0 0x1320104 0x0 0x0 0x0 0x0 0x0 0x0 0x1370007 0x0 0x38 0xaa 0x13b0003 0xaa 0x50 0x13f0005 0x0 0x0 0x0 0x0 0x0 0x0 0x0 0x0 0x0 0x0 0x0 0x0 0x0 0x0 0x0 0x0 0x0 0x0 0x0 0x0 0x0 0x0 0x9 0x2 0x0 0x0 oops 6 13 java/util/HashMap 24 java/util/HashMap 35 java/util/HashMap 46 java/util/HashMap 57 java/util/HashMap 114 java/util/HashMap methods 0
ciMethodData org/eclipse/jdt/internal/compiler/env/ITypeAnnotationWalker$1 toReceiver ()Lorg/eclipse/jdt/internal/compiler/env/ITypeAnnotationWalker; 2 1055 orig 80 0 0 0 0 0 0 0 0 0 0 0 0 0 0 0 0 0 0 0 0 0 0 0 0 0 0 0 0 0 0 0 0 0 0 0 0 0 0 0 0 0 0 0 0 0 0 0 0 0 0 0 0 0 0 0 0 0 0 0 0 0 0 0 0 0 0 0 0 0 0 0 0 0 0 0 0 0 0 0 0 data 5 0x0 0x0 0x9 0x1 0x0 oops 0 methods 0
ciMethodData org/eclipse/jdt/internal/compiler/env/ITypeAnnotationWalker$1 toMethodReturn ()Lorg/eclipse/jdt/internal/compiler/env/ITypeAnnotationWalker; 2 1066 orig 80 0 0 0 0 0 0 0 0 0 0 0 0 0 0 0 0 0 0 0 0 0 0 0 0 0 0 0 0 0 0 0 0 0 0 0 0 0 0 0 0 0 0 0 0 0 0 0 0 0 0 0 0 0 0 0 0 0 0 0 0 0 0 0 0 0 0 0 0 0 0 0 0 0 0 0 0 0 0 0 0 data 5 0x0 0x0 0x9 0x1 0x0 oops 0 methods 0
ciMethodData org/eclipse/jdt/internal/compiler/lookup/TypeBinding <init> ()V 2 1638 orig 80 0 0 0 0 0 0 0 0 0 0 0 0 0 0 0 0 0 0 0 0 0 0 0 0 0 0 0 0 0 0 0 0 0 0 0 0 0 0 0 0 0 0 0 0 0 0 0 0 0 0 0 0 0 0 0 0 0 0 0 0 0 0 0 0 0 0 0 0 0 0 0 0 0 0 0 0 0 0 0 0 data 9 0x10002 0x666 0x0 0x0 0x0 0x0 0x9 0x1 0x0 oops 0 methods 0
ciMethodData org/eclipse/jdt/internal/compiler/lookup/ReferenceBinding <init> ()V 2 1550 orig 80 0 0 0 0 0 0 0 0 0 0 0 0 0 0 0 0 0 0 0 0 0 0 0 0 0 0 0 0 0 0 0 0 0 0 0 0 0 0 0 0 0 0 0 0 0 0 0 0 0 0 0 0 0 0 0 0 0 0 0 0 0 0 0 0 0 0 0 0 0 0 0 0 0 0 0 0 0 0 0 0 data 7 0x10002 0x60e 0x0 0x0 0x9 0x1 0x0 oops 0 methods 0
ciMethodData org/eclipse/jdt/internal/compiler/lookup/BinaryTypeBinding resolveType (Lorg/eclipse/jdt/internal/compiler/lookup/TypeBinding;Lorg/eclipse/jdt/internal/compiler/lookup/LookupEnvironment;Z)Lorg/eclipse/jdt/internal/compiler/lookup/TypeBinding; 2 4452 orig 80 0 0 0 0 0 0 0 0 0 0 0 0 81 1 0 0 0 0 0 0 0 0 0 0 0 0 0 0 0 0 0 0 0 0 0 0 0 0 0 0 0 0 0 0 0 0 0 0 0 0 0 0 0 0 0 0 0 0 0 0 0 0 0 0 0 0 0 0 0 0 0 0 0 0 0 0 0 0 0 0 data 168 0x10005 0x2e0 0x0 0x1517fa12600 0xdb8 0x1517fa14c00 0xcc 0x40008 0xe 0x1012 0x388 0x21 0x178 0x57 0x80 0x18 0x108 0x54 0x330 0x6e 0x2a8 0x0 0x108 0x410004 0x0 0x0 0x1517b77cee8 0x57 0x0 0x0 0x440005 0x0 0x0 0x1517b77cee8 0x57 0x0 0x0 0x480003 0x57 0x3b8 0x4c0004 0x0 0x0 0x1517f85bfa0 0x18 0x0 0x0 0x4f0005 0x0 0x0 0x1517f85bfa0 0x18 0x0 0x0 0x540004 0x0 0x0 0x1517eaf7bf0 0x21 0x0 0x0 0x620002 0x21 0x680005 0xb 0x0 0x15175655dc8 0x8 0x1517fa12600 0xe 0x6b0007 0x21 0x2b0 0x0 0x6f0005 0x0 0x0 0x0 0x0 0x0 0x0 0x720007 0x0 0x258 0x0 0x790007 0x0 0x20 0x0 0x9a0003 0x0 0x218 0x9e0004 0x0 0x0 0x15175655dc8 0x6e 0x0 0x0 0xa10005 0x0 0x0 0x15175655dc8 0x6e 0x0 0x0 0xa50003 0x6e 0x190 0xa90007 0x54 0x178 0x0 0xae0005 0x0 0x0 0x0 0x0 0x0 0x0 0xb30004 0xfffffffffffff0b2 0x0 0x1517fa12600 0x28 0x1517fa14c00 0x17 0xb60007 0xf4e 0x90 0xc4 0xba0004 0x0 0x0 0x1517fa14b50 0xc4 0x0 0x0 0xbf0005 0x0 0x0 0x1517fa14b50 0xc4 0x0 0x0 0xc40007 0xcea 0x58 0x264 0xc90005 0x0 0x0 0x1517fa14aa0 0x264 0x0 0x0 0x0 0x0 0x0 0x0 0x0 0x0 0x0 0x9 0x3 0x0 0x0 0x0 oops 16 3 org/eclipse/jdt/internal/compiler/lookup/BinaryTypeBinding 5 org/eclipse/jdt/internal/compiler/lookup/BaseTypeBinding 26 org/eclipse/jdt/internal/compiler/lookup/ParameterizedTypeBinding 33 org/eclipse/jdt/internal/compiler/lookup/ParameterizedTypeBinding 43 org/eclipse/jdt/internal/compiler/lookup/WildcardBinding 50 org/eclipse/jdt/internal/compiler/lookup/WildcardBinding 57 org/eclipse/jdt/internal/compiler/lookup/ArrayBinding 66 org/eclipse/jdt/internal/compiler/lookup/TypeVariableBinding 68 org/eclipse/jdt/internal/compiler/lookup/BinaryTypeBinding 95 org/eclipse/jdt/internal/compiler/lookup/TypeVariableBinding 102 org/eclipse/jdt/internal/compiler/lookup/TypeVariableBinding 123 org/eclipse/jdt/internal/compiler/lookup/BinaryTypeBinding 125 org/eclipse/jdt/internal/compiler/lookup/BaseTypeBinding 134 org/eclipse/jdt/internal/compiler/lookup/UnresolvedReferenceBinding 141 org/eclipse/jdt/internal/compiler/lookup/UnresolvedReferenceBinding 152 org/eclipse/jdt/internal/compiler/lookup/LookupEnvironment methods 0
ciMethodData org/eclipse/jdt/internal/compiler/lookup/BinaryTypeBinding enclosingType ()Lorg/eclipse/jdt/internal/compiler/lookup/ReferenceBinding; 2 5561 orig 80 0 0 0 0 0 0 0 0 0 0 0 0 0 0 0 0 0 0 0 0 0 0 0 0 0 0 0 0 0 0 0 0 0 0 0 0 0 0 0 0 0 0 0 0 0 0 0 0 0 0 0 0 0 0 0 0 0 0 0 0 0 0 0 0 0 0 0 0 0 0 0 0 0 0 0 0 0 0 0 0 data 22 0xa0007 0x4 0x20 0x15b5 0x1c0002 0x4 0x1f0004 0x0 0x0 0x1517fa12600 0x4 0x0 0x0 0x0 0x0 0x0 0x0 0x0 0x0 0x9 0x1 0x0 oops 1 9 org/eclipse/jdt/internal/compiler/lookup/BinaryTypeBinding methods 0
ciMethodData org/eclipse/jdt/internal/compiler/classfmt/MethodInfo decodeLocalVariableAttribute (II)V 2 2010 orig 80 0 0 0 0 0 0 0 0 0 0 0 0 0 0 0 0 0 0 0 0 0 0 0 0 0 0 0 0 0 0 0 0 0 0 0 0 0 0 0 0 0 0 0 0 0 0 0 0 0 0 0 0 0 0 0 0 0 0 0 0 0 0 0 0 0 0 0 0 0 0 0 0 0 0 0 0 0 0 0 0 data 82 0x70005 0x0 0x0 0x1517fa147e0 0x75e 0x1517fa14890 0x7c 0xe0007 0x0 0x200 0x7da 0x210003 0x7da 0x190 0x260005 0x0 0x0 0x1517fa147e0 0xeea 0x1517fa14890 0xe6 0x2d0007 0x300 0x160 0xcd0 0x340005 0x0 0x0 0x1517fa147e0 0xc0c 0x1517fa14890 0xc4 0x510005 0x0 0x0 0x1517fa147e0 0xc0c 0x1517fa14890 0xc4 0x540005 0x0 0x0 0x1517fa147e0 0xc0c 0x1517fa14890 0xc4 0x5e0002 0xcd0 0x610007 0x4c8 0x68 0x808 0x6d0002 0x808 0x700004 0x0 0x0 0x151753d55b0 0x808 0x0 0x0 0x7b0007 0xfd0 0xfffffffffffffe88 0x4da 0x830007 0x10e 0x30 0x6cc 0x940002 0x6cc 0x0 0x0 0x0 0x0 0x0 0x0 0x9 0x3 0x0 0x0 0x0 oops 11 3 org/eclipse/jdt/internal/compiler/classfmt/MethodInfo 5 org/eclipse/jdt/internal/compiler/classfmt/MethodInfoWithAnnotations 17 org/eclipse/jdt/internal/compiler/classfmt/MethodInfo 19 org/eclipse/jdt/internal/compiler/classfmt/MethodInfoWithAnnotations 28 org/eclipse/jdt/internal/compiler/classfmt/MethodInfo 30 org/eclipse/jdt/internal/compiler/classfmt/MethodInfoWithAnnotations 35 org/eclipse/jdt/internal/compiler/classfmt/MethodInfo 37 org/eclipse/jdt/internal/compiler/classfmt/MethodInfoWithAnnotations 42 org/eclipse/jdt/internal/compiler/classfmt/MethodInfo 44 org/eclipse/jdt/internal/compiler/classfmt/MethodInfoWithAnnotations 57 [C methods 0
ciMethodData org/eclipse/jdt/internal/compiler/lookup/ReferenceBinding computeId ()V 1 339 orig 80 0 0 0 0 0 0 0 0 0 0 0 0 0 0 0 0 0 0 0 0 0 0 0 0 0 0 0 0 0 0 0 0 0 0 0 0 0 0 0 0 0 0 0 0 0 0 0 0 0 0 0 0 0 0 0 0 0 0 0 0 0 0 0 0 0 0 0 0 0 0 0 0 0 0 0 0 0 0 0 0 data 1195 0x50008 0xc 0x0 0x1fc8 0xd3 0x70 0x7b 0x11d8 0x5 0x1780 0x0 0x1d40 0x0 0x1f38 0x310008 0xc 0x0 0x1d0 0xa 0x70 0xb9 0xa0 0x0 0xd0 0x0 0x1d0 0x10 0x170 0x5b0002 0xa 0x5e0007 0xa 0x20 0x0 0x6c0002 0xb9 0x6f0007 0xb9 0x120 0x0 0x760008 0x6 0x0 0xa0 0x0 0x40 0x0 0x70 0x970002 0x0 0x9a0007 0x0 0x20 0x0 0xab0002 0x0 0xae0007 0x0 0x20 0x0 0xbc0008 0x4 0x0 0x60 0x10 0x30 0xd70002 0x10 0xda0007 0x10 0x20 0x0 0xef0007 0xb9 0x20 0x0 0xfc0007 0xb9 0x20 0x0 0x1090002 0xb9 0x10c0007 0x3b 0x3c0 0x7e 0x1120008 0x6 0x2e 0x3a0 0x17 0x40 0x39 0x210 0x1300002 0x17 0x1330007 0x0 0x1c0 0x17 0x1390008 0xe 0xd 0x1a0 0x3 0x80 0x0 0xb0 0x1 0xe0 0x2 0x110 0x4 0x140 0x0 0x170 0x17a0002 0x3 0x17d0007 0x1 0x20 0x2 0x1910002 0x0 0x1940007 0x0 0x20 0x0 0x1a40002 0x1 0x1a70007 0x1 0x20 0x0 0x1b70002 0x2 0x1ba0007 0x2 0x20 0x0 0x1ca0002 0x4 0x1cd0007 0x2 0x20 0x2 0x1dd0002 0x0 0x1e00007 0x0 0x20 0x0 0x1ef0002 0x39 0x1f20007 0x0 0x180 0x39 0x1f80008 0xc 0x26 0x160 0x1 0x70 0x1 0xa0 0xb 0xd0 0x5 0x100 0x1 0x130 0x2320002 0x1 0x2350007 0x1 0x20 0x0 0x2510002 0x1 0x2540007 0x0 0x20 0x1 0x2640002 0xb 0x2670007 0xb 0x20 0x0 0x2830002 0x5 0x2860007 0x3 0x20 0x2 0x2a20002 0x1 0x2a50007 0x1 0x20 0x0 0x2b40008 0x2e 0x0 0xb70 0x5 0x180 0x0 0x220 0x9 0x2e0 0x2 0x408 0x1 0x4d8 0x1 0x5e8 0x0 0xb70 0x0 0xb70 0x7 0x660 0x0 0xb70 0x0 0xb70 0x1 0x740 0x4 0xb70 0x6 0x770 0x1 0x7a0 0x2 0xb70 0x0 0xb70 0x6 0x850 0x9 0x8c8 0x5 0xb10 0x0 0xb70 0x0 0xb40 0x31e0008 0x6 0x3 0xa0 0x2 0x40 0x0 0x70 0x33a0002 0x2 0x33d0007 0x0 0x20 0x2 0x3570002 0x0 0x35a0007 0x0 0x20 0x0 0x3670008 0xa 0x0 0xc0 0x0 0x60 0x0 0xc0 0x0 0xc0 0x0 0x90 0x38a0002 0x0 0x38d0007 0x0 0x20 0x0 0x39d0002 0x0 0x3a00007 0x0 0x20 0x0 0x3ad0008 0x8 0x7 0x128 0x1 0x50 0x1 0x80 0x0 0xf8 0x3d60002 0x1 0x3d90007 0x0 0x20 0x1 0x3e90002 0x1 0x3ec0007 0x0 0x38 0x1 0x3f50003 0x1 0x48 0x3fe0002 0x0 0x4010007 0x0 0x20 0x0 0x4110002 0x0 0x4140007 0x0 0x20 0x0 0x4210008 0xc 0x0 0xd0 0x2 0x70 0x0 0xd0 0x0 0xd0 0x0 0xd0 0x0 0xa0 0x44a0002 0x2 0x44d0007 0x0 0x20 0x2 0x45d0002 0x0 0x4600007 0x0 0x20 0x0 0x46d0008 0xe 0x0 0x110 0x0 0x80 0x0 0xb0 0x0 0x110 0x0 0x110 0x0 0x110 0x1 0xe0 0x49a0002 0x0 0x49d0007 0x0 0x20 0x0 0x4ad0002 0x0 0x4b00007 0x0 0x20 0x0 0x4c00002 0x1 0x4c30007 0x0 0x20 0x1 0x4d40002 0x1 0x4d70007 0x0 0x38 0x1 0x4e00003 0x1 0x48 0x4e90002 0x0 0x4ec0007 0x0 0x20 0x0 0x4f80008 0x8 0x4 0xe0 0x2 0x50 0x0 0x80 0x1 0xb0 0x5220002 0x2 0x5250007 0x0 0x20 0x2 0x5350002 0x0 0x5380007 0x0 0x20 0x0 0x5480002 0x1 0x54b0007 0x0 0x20 0x1 0x55c0002 0x1 0x55f0007 0x0 0x20 0x1 0x56f0002 0x6 0x5720007 0x6 0x20 0x0 0x57e0008 0x8 0x0 0xb0 0x0 0x50 0x0 0xb0 0x1 0x80 0x59e0002 0x0 0x5a10007 0x0 0x20 0x0 0x5b00002 0x1 0x5b30007 0x0 0x20 0x1 0x5c40002 0x6 0x5c70007 0x4 0x20 0x2 0x5d60002 0x6 0x5d90007 0x6 0x10e8 0x0 0x5e20003 0x0 0x10c8 0x5e70008 0x1a 0x2 0x248 0x0 0xe0 0x1 0x110 0x0 0x248 0x0 0x248 0x1 0x248 0x1 0x248 0x0 0x188 0x0 0x1b8 0x2 0x1e8 0x0 0x248 0x1 0x248 0x1 0x218 0x62a0002 0x0 0x62d0007 0x0 0x20 0x0 0x63d0002 0x1 0x6400007 0x1 0x38 0x0 0x6490003 0x0 0x48 0x6520002 0x1 0x6550007 0x0 0x20 0x1 0x6650002 0x0 0x6680007 0x0 0x20 0x0 0x6780002 0x0 0x67b0007 0x0 0x20 0x0 0x68b0002 0x2 0x68e0007 0x1 0x20 0x1 0x69e0002 0x1 0x6a10007 0x0 0x20 0x1 0x6b20002 0x5 0x6b50007 0x4 0x20 0x1 0x6c50002 0x0 0x6c80007 0x0 0x20 0x0 0x6d20003 0x6 0xe08 0x6dc0002 0x7b 0x6df0007 0x7b 0x20 0x0 0x6f20002 0x7b 0x6f50007 0x68 0x20 0x13 0x7020007 0x68 0x20 0x0 0x70f0007 0x68 0x20 0x0 0x71c0007 0x68 0x20 0x0 0x7230008 0x8 0x3e 0x4d0 0x0 0x50 0x18 0x310 0x12 0x3c0 0x7480002 0x0 0x74b0007 0x0 0x2b0 0x0 0x7510008 0xe 0x0 0x290 0x0 0x80 0x0 0xb0 0x0 0xe0 0x0 0x110 0x0 0x140 0x0 0x260 0x7920002 0x0 0x7950007 0x0 0x20 0x0 0x7a50002 0x0 0x7a80007 0x0 0x20 0x0 0x7b80002 0x0 0x7bb0007 0x0 0x20 0x0 0x7cb0002 0x0 0x7ce0007 0x0 0x20 0x0 0x7da0008 0x10 0x0 0x120 0x0 0x90 0x0 0xc0 0x0 0x120 0x0 0x120 0x0 0x120 0x0 0x120 0x0 0xf0 0x80a0002 0x0 0x80d0007 0x0 0x20 0x0 0x81d0002 0x0 0x8200007 0x0 0x20 0x0 0x8300002 0x0 0x8330007 0x0 0x20 0x0 0x8440002 0x0 0x8470007 0x0 0x20 0x0 0x8560002 0x18 0x8590007 0x0 0xa0 0x18 0x85e0007 0x18 0x20 0x0 0x8650008 0x4 0xf 0x60 0x9 0x30 0x87e0002 0x9 0x8810007 0x9 0x20 0x0 0x8900002 0x12 0x8930007 0x4 0x100 0xe 0x8990008 0x8 0xb 0xe0 0x1 0x50 0x1 0x80 0x1 0xb0 0x8c20002 0x1 0x8c50007 0x1 0x20 0x0 0x8d50002 0x1 0x8d80007 0x1 0x20 0x0 0x8e80002 0x1 0x8eb0007 0x1 0x20 0x0 0x8f60003 0x3e 0x860 0x9030008 0x8 0x3 0x5a8 0x0 0x548 0x2 0x50 0x0 0x220 0x92d0002 0x2 0x9300007 0x2 0x20 0x0 0x93d0007 0x2 0x20 0x0 0x9450002 0x2 0x9480007 0x2 0x170 0x0 0x9540007 0x0 0x20 0x0 0x95b0008 0x4 0x0 0x130 0x0 0x30 0x9700002 0x0 0x9730007 0x0 0xf0 0x0 0x97f0007 0x0 0x20 0x0 0x9860008 0x4 0x0 0xb0 0x0 0x30 0x9a10007 0x0 0x20 0x0 0x9ab0002 0x0 0x9ae0007 0x0 0x50 0x0 0x9b70002 0x0 0x9ba0007 0x0 0x20 0x0 0x9d00002 0x0 0x9d30007 0x0 0x20 0x0 0x9e00007 0x0 0x20 0x0 0x9e70008 0x8 0x0 0x2d8 0x0 0x1d0 0x0 0x50 0x0 0x2a8 0xa0c0002 0x0 0xa0f0007 0x0 0x170 0x0 0xa1b0007 0x0 0x20 0x0 0xa220008 0x4 0x0 0x130 0x0 0x30 0xa380002 0x0 0xa3b0007 0x0 0xf0 0x0 0xa470007 0x0 0x20 0x0 0xa4e0008 0x4 0x0 0xb0 0x0 0x30 0xa690007 0x0 0x20 0x0 0xa730002 0x0 0xa760007 0x0 0x50 0x0 0xa7f0002 0x0 0xa820007 0x0 0x20 0x0 0xa930002 0x0 0xa960007 0x0 0xc8 0x0 0xaa20002 0x0 0xaa50007 0x0 0x98 0x0 0xaaf0002 0x0 0xab20007 0x0 0x38 0x0 0xabb0003 0x0 0x48 0xac50002 0x0 0xac80007 0x0 0x20 0x0 0xad90002 0x0 0xadc0007 0x0 0x20 0x0 0xaf00002 0x0 0xaf30007 0x0 0x20 0x0 0xafe0002 0x0 0xb010007 0x0 0x20 0x0 0xb0b0003 0x3 0x2a0 0xb170002 0x0 0xb1a0007 0x0 0x278 0x0 0xb260002 0x0 0xb290007 0x0 0x80 0x0 0xb350002 0x0 0xb380007 0x0 0x50 0x0 0xb420002 0x0 0xb450007 0x0 0x20 0x0 0xb580002 0x0 0xb5b0007 0x0 0x80 0x0 0xb670002 0x0 0xb6a0007 0x0 0x50 0x0 0xb740002 0x0 0xb770007 0x0 0x20 0x0 0xb8a0002 0x0 0xb8d0007 0x0 0x50 0x0 0xb990002 0x0 0xb9c0007 0x0 0x20 0x0 0xba70002 0x0 0xbaa0007 0x0 0xc8 0x0 0xbb80003 0x0 0xa8 0xbc40002 0x0 0xbc70007 0x0 0x50 0x0 0xbd40002 0x0 0xbd70007 0x0 0x20 0x0 0xbe20002 0x0 0xbe50007 0x0 0x20 0x0 0x0 0x0 0x0 0x0 0x0 0x0 0x0 0x0 0x0 0x0 0x0 0x0 0x0 0x0 0x0 0x0 0x0 0x0 0x0 0x0 0x0 0x0 0x0 0x0 0x0 0x0 0x0 0x0 0x0 0x0 0x0 0x0 0x0 0x0 0x0 0x0 0x0 0x0 0x0 0x0 0x0 0x0 0x0 0x0 0x0 0x0 0x0 0x0 0x0 0x0 0x0 0x0 0x0 0x0 0x0 0x0 0x0 0x0 0x0 0x0 0x0 0x0 0x0 0x0 0x0 0x0 0x0 0x0 0x0 0x0 0x0 0x0 0x0 0x0 0x0 0x0 0x0 0x0 0x0 0x0 0x0 0x0 0x0 0x0 0x0 0x0 0x0 0x0 0x0 0x0 0x0 0x0 0x0 0x0 0x0 0x0 0x0 0x0 0x0 0x0 0x0 0x0 0x0 0x0 0x0 0x0 0x0 0x0 0x0 0x0 0x0 0x0 0x0 0x0 0x0 0x0 0x0 0x0 0x0 0x0 0x0 0x0 0x0 0x0 0x0 0x0 0x0 0x0 0x0 0x0 0x0 0x0 0x0 0x0 0x0 0x0 0x0 0x0 0x0 0x0 0x0 0x0 0x0 0x0 0x0 0x0 0x0 0x0 0x0 0x0 0x0 0x0 0x0 0x0 0x0 0x0 0x0 0x0 0x0 0x0 0x0 0x0 0x0 0x0 0x0 0x0 0x0 0x0 0x0 0x0 0x0 0x0 0x0 0x0 0x0 0x9 0x1 0x0 oops 0 methods 0
ciMethodData org/eclipse/jdt/internal/compiler/lookup/ModuleBinding getAllRequiredModules ()[Lorg/eclipse/jdt/internal/compiler/lookup/ModuleBinding; 1 559 orig 80 0 0 0 0 0 0 0 0 0 0 0 0 0 0 0 0 0 0 0 0 0 0 0 0 0 0 0 0 0 0 0 0 0 0 0 0 0 0 0 0 0 0 0 0 0 0 0 0 0 0 0 0 0 0 0 0 0 0 0 0 0 0 0 0 0 0 0 0 0 0 0 0 0 0 0 0 0 0 0 0 data 108 0x40007 0x3 0x20 0x22c 0xd0005 0x0 0x0 0x1517b1e27b0 0x3 0x0 0x0 0x100005 0x0 0x0 0x1517b521f20 0x3 0x0 0x0 0x150004 0x0 0x0 0x1517b521fd0 0x3 0x0 0x0 0x1b0005 0x0 0x0 0x1517b521fd0 0x3 0x0 0x0 0x200007 0x3 0x20 0x0 0x2b0005 0x0 0x0 0x1517fa14aa0 0x3 0x0 0x0 0x360002 0x3 0x390007 0x0 0x98 0x3 0x3d0007 0x0 0x78 0x3 0x480007 0x0 0x58 0x3 0x4d0005 0x0 0x0 0x1517b521fd0 0x3 0x0 0x0 0x550005 0x0 0x0 0x1517b521fd0 0x3 0x0 0x0 0x5a0007 0x0 0xe0 0x3 0x5f0005 0x0 0x0 0x1517b521fd0 0x3 0x0 0x0 0x670005 0x0 0x0 0x1517b521fd0 0x3 0x0 0x0 0x6c0004 0x0 0x0 0x1517b1e0a90 0x3 0x0 0x0 0x6f0003 0x3 0x18 0x0 0x0 0x0 0x0 0x0 0x0 0x9 0x1 0x0 oops 10 7 org/eclipse/jdt/internal/compiler/lookup/BinaryModuleBinding 14  @bci org/eclipse/jdt/internal/compiler/lookup/ModuleBinding dependencyCollector ()Ljava/util/function/Supplier; 1 <appendix> member <vmtarget> ; 21 java/util/HashSet 28 java/util/HashSet 39 org/eclipse/jdt/internal/compiler/lookup/LookupEnvironment 60 java/util/HashSet 67 java/util/HashSet 78 java/util/HashSet 85 java/util/HashSet 92 [Lorg/eclipse/jdt/internal/compiler/lookup/ModuleBinding; methods 0
ciMethodData org/eclipse/jdt/internal/compiler/lookup/ModuleBinding dependencyCollector ()Ljava/util/function/Supplier; 1 3 orig 80 0 0 0 0 0 0 0 0 0 0 0 0 81 1 0 0 0 0 0 0 0 0 0 0 0 0 0 0 0 0 0 0 0 0 0 0 0 0 0 0 0 0 0 0 0 0 0 0 0 0 0 0 0 0 0 0 0 0 0 0 0 0 0 0 0 0 0 0 0 0 0 0 0 0 0 0 0 0 0 0 data 11 0x1000a 0x3 0x3 0x0 0x1517b1e27b0 0x1517b521f20 0x0 0x0 0x9 0x1 0x0 oops 2 4 org/eclipse/jdt/internal/compiler/lookup/BinaryModuleBinding 5  @bci org/eclipse/jdt/internal/compiler/lookup/ModuleBinding dependencyCollector ()Ljava/util/function/Supplier; 1 <appendix> member <vmtarget> ; methods 0
ciMethodData org/eclipse/jdt/internal/compiler/lookup/TypeBinding erasure ()Lorg/eclipse/jdt/internal/compiler/lookup/TypeBinding; 2 1573 orig 80 0 0 0 0 0 0 0 0 0 0 0 0 0 0 0 0 0 0 0 0 0 0 0 0 0 0 0 0 0 0 0 0 0 0 0 0 0 0 0 0 0 0 0 0 0 0 0 0 0 0 0 0 0 0 0 0 0 0 0 0 0 0 0 0 0 0 0 0 0 0 0 0 0 0 0 0 0 0 0 0 data 5 0x0 0x0 0x9 0x1 0x0 oops 0 methods 0
ciMethodData org/eclipse/jdt/internal/compiler/env/ITypeAnnotationWalker$1 toThrows (I)Lorg/eclipse/jdt/internal/compiler/env/ITypeAnnotationWalker; 1 610 orig 80 0 0 0 0 0 0 0 0 0 0 0 0 0 0 0 0 0 0 0 0 0 0 0 0 0 0 0 0 0 0 0 0 0 0 0 0 0 0 0 0 0 0 0 0 0 0 0 0 0 0 0 0 0 0 0 0 0 0 0 0 0 0 0 0 0 0 0 0 0 0 0 0 0 0 0 0 0 0 0 0 data 6 0x0 0x0 0x9 0x2 0x0 0x0 oops 0 methods 0
compile org/eclipse/jdt/internal/compiler/lookup/BinaryTypeBinding createMethod (Lorg/eclipse/jdt/internal/compiler/env/IBinaryMethod;Lorg/eclipse/jdt/internal/compiler/env/IBinaryType;J[[[C)Lorg/eclipse/jdt/internal/compiler/lookup/MethodBinding; -1 4 inline 151 0 -1 0 org/eclipse/jdt/internal/compiler/lookup/BinaryTypeBinding createMethod (Lorg/eclipse/jdt/internal/compiler/env/IBinaryMethod;Lorg/eclipse/jdt/internal/compiler/env/IBinaryType;J[[[C)Lorg/eclipse/jdt/internal/compiler/lookup/MethodBinding; 1 1 0 org/eclipse/jdt/internal/compiler/lookup/BinaryTypeBinding isPrototype ()Z 1 16 0 org/eclipse/jdt/internal/compiler/classfmt/MethodInfo getModifiers ()I 2 9 0 org/eclipse/jdt/internal/compiler/classfmt/MethodInfo readModifierRelatedAttributes ()V 3 2 0 org/eclipse/jdt/internal/compiler/classfmt/ClassFileStruct u2At (I)I 3 9 0 org/eclipse/jdt/internal/compiler/classfmt/ClassFileStruct u2At (I)I 3 28 0 org/eclipse/jdt/internal/compiler/classfmt/ClassFileStruct u2At (I)I 3 49 0 org/eclipse/jdt/internal/compiler/classfmt/ClassFileStruct u2At (I)I 3 52 0 org/eclipse/jdt/internal/compiler/classfmt/ClassFileStruct utf8At (II)[C 3 133 0 org/eclipse/jdt/core/compiler/CharOperation equals ([C[C)Z 3 113 0 org/eclipse/jdt/core/compiler/CharOperation equals ([C[C)Z 3 153 0 org/eclipse/jdt/core/compiler/CharOperation equals ([C[C)Z 3 192 0 org/eclipse/jdt/internal/compiler/classfmt/ClassFileStruct u4At (I)I 1 28 0 org/eclipse/jdt/internal/compiler/lookup/ReferenceBinding isInterface ()Z 1 88 0 org/eclipse/jdt/internal/compiler/classfmt/MethodInfo getArgumentNames ()[[C 2 8 0 org/eclipse/jdt/internal/compiler/classfmt/MethodInfo readCodeAttribute ()V 3 3 0 org/eclipse/jdt/internal/compiler/classfmt/ClassFileStruct u2At (I)I 3 25 0 org/eclipse/jdt/internal/compiler/classfmt/ClassFileStruct u2At (I)I 3 46 0 org/eclipse/jdt/internal/compiler/classfmt/ClassFileStruct u2At (I)I 3 49 0 org/eclipse/jdt/internal/compiler/classfmt/ClassFileStruct utf8At (II)[C 3 59 0 org/eclipse/jdt/core/compiler/CharOperation equals ([C[C)Z 3 67 0 org/eclipse/jdt/internal/compiler/classfmt/MethodInfo decodeCodeAttribute (I)V 4 7 0 org/eclipse/jdt/internal/compiler/classfmt/ClassFileStruct u4At (I)I 4 19 0 org/eclipse/jdt/internal/compiler/classfmt/ClassFileStruct u2At (I)I 4 53 0 org/eclipse/jdt/internal/compiler/classfmt/ClassFileStruct u2At (I)I 4 73 0 org/eclipse/jdt/internal/compiler/classfmt/ClassFileStruct u2At (I)I 4 94 0 org/eclipse/jdt/internal/compiler/classfmt/ClassFileStruct u2At (I)I 4 97 0 org/eclipse/jdt/internal/compiler/classfmt/ClassFileStruct utf8At (II)[C 4 107 0 org/eclipse/jdt/core/compiler/CharOperation equals ([C[C)Z 4 116 0 org/eclipse/jdt/internal/compiler/classfmt/MethodInfo decodeLocalVariableAttribute (II)V 5 7 0 org/eclipse/jdt/internal/compiler/classfmt/ClassFileStruct u2At (I)I 5 38 0 org/eclipse/jdt/internal/compiler/classfmt/ClassFileStruct u2At (I)I 5 52 0 org/eclipse/jdt/internal/compiler/classfmt/ClassFileStruct u2At (I)I 5 81 0 org/eclipse/jdt/internal/compiler/classfmt/ClassFileStruct u2At (I)I 5 84 0 org/eclipse/jdt/internal/compiler/classfmt/ClassFileStruct utf8At (II)[C 5 94 0 org/eclipse/jdt/core/compiler/CharOperation equals ([C[C)Z 5 109 0 org/eclipse/jdt/internal/compiler/util/CharDeduplication intern ([C)[C 6 0 0 org/eclipse/jdt/internal/compiler/util/CharDeduplication getThreadLocalInstance ()Lorg/eclipse/jdt/internal/compiler/util/CharDeduplication; 7 3 0 java/lang/ThreadLocal get ()Ljava/lang/Object; 8 4 0 java/lang/ThreadLocal get (Ljava/lang/Thread;)Ljava/lang/Object; 9 2 0 java/lang/ThreadLocal getMap (Ljava/lang/Thread;)Ljava/lang/ThreadLocal$ThreadLocalMap; 9 12 0 java/lang/ThreadLocal$ThreadLocalMap getEntry (Ljava/lang/ThreadLocal;)Ljava/lang/ThreadLocal$ThreadLocalMap$Entry; 10 26 0 java/lang/ref/Reference refersTo (Ljava/lang/Object;)Z 11 2 0 java/lang/ref/Reference refersToImpl (Ljava/lang/Object;)Z 7 9 0 java/lang/ref/SoftReference get ()Ljava/lang/Object; 4 126 0 org/eclipse/jdt/internal/compiler/classfmt/ClassFileStruct u4At (I)I 1 96 0 org/eclipse/jdt/internal/compiler/classfmt/MethodInfo getAnnotations ()[Lorg/eclipse/jdt/internal/compiler/env/IBinaryAnnotation; 1 105 0 org/eclipse/jdt/internal/compiler/classfmt/MethodInfo getTypeAnnotations ()[Lorg/eclipse/jdt/internal/compiler/env/IBinaryTypeAnnotation; 1 113 0 org/eclipse/jdt/internal/compiler/lookup/BinaryTypeBinding getNullDefaultFrom ([Lorg/eclipse/jdt/internal/compiler/env/IBinaryAnnotation;)I 2 26 0 org/eclipse/jdt/internal/compiler/classfmt/AnnotationInfo getTypeName ()[C 2 31 0 org/eclipse/jdt/internal/compiler/lookup/BinaryTypeBinding signature2qualifiedTypeName ([C)[[C 1 116 0 org/eclipse/jdt/internal/compiler/lookup/BinaryTypeBinding getTypeAnnotationWalker ([Lorg/eclipse/jdt/internal/compiler/env/IBinaryTypeAnnotation;I)Lorg/eclipse/jdt/internal/compiler/env/ITypeAnnotationWalker; 2 1 0 org/eclipse/jdt/internal/compiler/lookup/BinaryTypeBinding isPrototype ()Z 1 122 0 org/eclipse/jdt/internal/compiler/classfmt/MethodInfo getGenericSignature ()[C 2 30 0 org/eclipse/jdt/internal/compiler/classfmt/ClassFileStruct u2At (I)I 2 36 0 org/eclipse/jdt/internal/compiler/util/CharDeduplication intern ([C)[C 3 0 0 org/eclipse/jdt/internal/compiler/util/CharDeduplication getThreadLocalInstance ()Lorg/eclipse/jdt/internal/compiler/util/CharDeduplication; 4 3 0 java/lang/ThreadLocal get ()Ljava/lang/Object; 5 4 0 java/lang/ThreadLocal get (Ljava/lang/Thread;)Ljava/lang/Object; 6 2 0 java/lang/ThreadLocal getMap (Ljava/lang/Thread;)Ljava/lang/ThreadLocal$ThreadLocalMap; 6 12 0 java/lang/ThreadLocal$ThreadLocalMap getEntry (Ljava/lang/ThreadLocal;)Ljava/lang/ThreadLocal$ThreadLocalMap$Entry; 7 26 0 java/lang/ref/Reference refersTo (Ljava/lang/Object;)Z 8 2 0 java/lang/ref/Reference refersToImpl (Ljava/lang/Object;)Z 4 9 0 java/lang/ref/SoftReference get ()Ljava/lang/Object; 1 135 0 org/eclipse/jdt/internal/compiler/classfmt/MethodInfo getMethodDescriptor ()[C 2 13 0 org/eclipse/jdt/internal/compiler/classfmt/ClassFileStruct u2At (I)I 2 32 0 org/eclipse/jdt/internal/compiler/classfmt/ClassFileStruct u2At (I)I 2 35 0 org/eclipse/jdt/internal/compiler/classfmt/ClassFileStruct utf8At (II)[C 2 38 0 org/eclipse/jdt/internal/compiler/util/CharDeduplication intern ([C)[C 3 0 0 org/eclipse/jdt/internal/compiler/util/CharDeduplication getThreadLocalInstance ()Lorg/eclipse/jdt/internal/compiler/util/CharDeduplication; 4 3 0 java/lang/ThreadLocal get ()Ljava/lang/Object; 5 4 0 java/lang/ThreadLocal get (Ljava/lang/Thread;)Ljava/lang/Object; 6 2 0 java/lang/ThreadLocal getMap (Ljava/lang/Thread;)Ljava/lang/ThreadLocal$ThreadLocalMap; 6 12 0 java/lang/ThreadLocal$ThreadLocalMap getEntry (Ljava/lang/ThreadLocal;)Ljava/lang/ThreadLocal$ThreadLocalMap$Entry; 7 26 0 java/lang/ref/Reference refersTo (Ljava/lang/Object;)Z 8 2 0 java/lang/ref/Reference refersToImpl (Ljava/lang/Object;)Z 4 9 0 java/lang/ref/SoftReference get ()Ljava/lang/Object; 1 150 0 org/eclipse/jdt/internal/compiler/classfmt/ClassFileReader enrichWithExternalAnnotationsFor (Lorg/eclipse/jdt/internal/compiler/env/ITypeAnnotationWalker;Ljava/lang/Object;Lorg/eclipse/jdt/internal/compiler/lookup/LookupEnvironment;)Lorg/eclipse/jdt/internal/compiler/env/ITypeAnnotationWalker; 1 219 0 org/eclipse/jdt/internal/compiler/classfmt/MethodInfo isConstructor ()Z 2 4 0 org/eclipse/jdt/internal/compiler/classfmt/JavaBinaryNames isConstructor ([C)Z 1 228 0 org/eclipse/jdt/internal/compiler/lookup/TypeBinding isMemberType ()Z 1 245 0 org/eclipse/jdt/internal/compiler/lookup/ReferenceBinding isEnum ()Z 1 385 0 org/eclipse/jdt/internal/compiler/env/ITypeAnnotationWalker$1 toMethodParameter (S)Lorg/eclipse/jdt/internal/compiler/env/ITypeAnnotationWalker; 1 448 0 org/eclipse/jdt/internal/compiler/classfmt/MethodInfo getExceptionTypeNames ()[[C 2 8 0 org/eclipse/jdt/internal/compiler/classfmt/MethodInfo readExceptionAttributes ()V 3 3 0 org/eclipse/jdt/internal/compiler/classfmt/ClassFileStruct u2At (I)I 3 24 0 org/eclipse/jdt/internal/compiler/classfmt/ClassFileStruct u2At (I)I 3 45 0 org/eclipse/jdt/internal/compiler/classfmt/ClassFileStruct u2At (I)I 3 48 0 org/eclipse/jdt/internal/compiler/classfmt/ClassFileStruct utf8At (II)[C 3 58 0 org/eclipse/jdt/core/compiler/CharOperation equals ([C[C)Z 3 69 0 org/eclipse/jdt/internal/compiler/classfmt/ClassFileStruct u2At (I)I 3 112 0 org/eclipse/jdt/internal/compiler/classfmt/ClassFileStruct u2At (I)I 3 123 0 org/eclipse/jdt/internal/compiler/classfmt/ClassFileStruct u2At (I)I 3 147 0 org/eclipse/jdt/internal/compiler/classfmt/ClassFileStruct u2At (I)I 3 150 0 org/eclipse/jdt/internal/compiler/classfmt/ClassFileStruct utf8At (II)[C 3 177 0 org/eclipse/jdt/internal/compiler/classfmt/ClassFileStruct u4At (I)I 1 505 0 org/eclipse/jdt/internal/compiler/env/ITypeAnnotationWalker$1 toThrows (I)Lorg/eclipse/jdt/internal/compiler/env/ITypeAnnotationWalker; 1 510 0 org/eclipse/jdt/internal/compiler/lookup/LookupEnvironment getTypeFromConstantPoolName ([CIIZ[[[CLorg/eclipse/jdt/internal/compiler/env/ITypeAnnotationWalker;)Lorg/eclipse/jdt/internal/compiler/lookup/ReferenceBinding; 2 80 0 org/eclipse/jdt/internal/compiler/lookup/LookupEnvironment getTypeFromCompoundName ([[CZZ)Lorg/eclipse/jdt/internal/compiler/lookup/ReferenceBinding; 3 2 0 org/eclipse/jdt/internal/compiler/lookup/LookupEnvironment getCachedType ([[C)Lorg/eclipse/jdt/internal/compiler/lookup/ReferenceBinding; 4 21 0 org/eclipse/jdt/internal/compiler/lookup/ModuleBinding isUnnamed ()Z 4 21 0 org/eclipse/jdt/internal/compiler/lookup/ModuleBinding$UnNamedModule isUnnamed ()Z 4 101 0 org/eclipse/jdt/internal/compiler/lookup/Binding isValidBinding ()Z 3 56 0 org/eclipse/jdt/internal/compiler/lookup/UnresolvedReferenceBinding <init> ([[CLorg/eclipse/jdt/internal/compiler/lookup/PackageBinding;Lorg/eclipse/jdt/internal/compiler/lookup/ReferenceBinding;)V 4 1 0 org/eclipse/jdt/internal/compiler/lookup/ReferenceBinding <init> ()V 5 1 0 org/eclipse/jdt/internal/compiler/lookup/TypeBinding <init> ()V 6 1 0 org/eclipse/jdt/internal/compiler/lookup/Binding <init> ()V 7 1 0 java/lang/Object <init> ()V 3 149 0 org/eclipse/jdt/internal/compiler/lookup/LookupEnvironment convertUnresolvedBinaryToRawType (Lorg/eclipse/jdt/internal/compiler/lookup/TypeBinding;)Lorg/eclipse/jdt/internal/compiler/lookup/TypeBinding; 4 94 0 org/eclipse/jdt/internal/compiler/lookup/BinaryTypeBinding kind ()I 5 1 0 org/eclipse/jdt/internal/compiler/lookup/BinaryTypeBinding isPrototype ()Z 4 94 0 org/eclipse/jdt/internal/compiler/lookup/TypeBinding kind ()I 4 163 0 org/eclipse/jdt/internal/compiler/lookup/BinaryTypeBinding enclosingType ()Lorg/eclipse/jdt/internal/compiler/lookup/ReferenceBinding; 4 163 0 org/eclipse/jdt/internal/compiler/lookup/TypeBinding enclosingType ()Lorg/eclipse/jdt/internal/compiler/lookup/ReferenceBinding; 4 180 0 org/eclipse/jdt/internal/compiler/lookup/TypeBinding erasure ()Lorg/eclipse/jdt/internal/compiler/lookup/TypeBinding; 4 266 0 org/eclipse/jdt/internal/compiler/lookup/TypeBinding notEquals (Lorg/eclipse/jdt/internal/compiler/lookup/TypeBinding;Lorg/eclipse/jdt/internal/compiler/lookup/TypeBinding;)Z 1 525 0 org/eclipse/jdt/internal/compiler/classfmt/MethodInfo isConstructor ()Z 2 4 0 org/eclipse/jdt/internal/compiler/classfmt/JavaBinaryNames isConstructor ([C)Z 1 550 0 org/eclipse/jdt/internal/compiler/env/ITypeAnnotationWalker$1 toMethodReturn ()Lorg/eclipse/jdt/internal/compiler/env/ITypeAnnotationWalker; 1 690 0 org/eclipse/jdt/internal/compiler/lookup/SignatureWrapper <init> ([C)V 2 3 0 org/eclipse/jdt/internal/compiler/lookup/SignatureWrapper <init> ([CZ)V 3 1 0 java/lang/Object <init> ()V 1 809 0 java/util/ArrayList <init> (I)V 2 1 0 java/util/AbstractList <init> ()V 3 1 0 java/util/AbstractCollection <init> ()V 4 1 0 java/lang/Object <init> ()V 1 827 0 org/eclipse/jdt/internal/compiler/classfmt/MethodInfo getParameterAnnotations (I[C)[Lorg/eclipse/jdt/internal/compiler/env/IBinaryAnnotation; 1 839 0 org/eclipse/jdt/internal/compiler/lookup/BinaryTypeBinding getNullDefaultFrom ([Lorg/eclipse/jdt/internal/compiler/env/IBinaryAnnotation;)I 1 846 0 org/eclipse/jdt/internal/compiler/classfmt/NonNullDefaultAwareTypeAnnotationWalker updateWalkerForParamNonNullDefault (Lorg/eclipse/jdt/internal/compiler/env/ITypeAnnotationWalker;ILorg/eclipse/jdt/internal/compiler/lookup/LookupEnvironment;)Lorg/eclipse/jdt/internal/compiler/env/ITypeAnnotationWalker; 1 868 0 org/eclipse/jdt/internal/compiler/env/ITypeAnnotationWalker$1 toMethodParameter (S)Lorg/eclipse/jdt/internal/compiler/env/ITypeAnnotationWalker; 1 876 0 java/util/ArrayList add (Ljava/lang/Object;)Z 2 20 0 java/util/ArrayList add (Ljava/lang/Object;[Ljava/lang/Object;I)V 3 7 0 java/util/ArrayList grow ()[Ljava/lang/Object; 4 7 0 java/util/ArrayList grow (I)[Ljava/lang/Object; 5 27 0 jdk/internal/util/ArraysSupport newLength (III)I 1 916 0 java/util/ArrayList size ()I 1 1011 0 org/eclipse/jdt/internal/compiler/env/ITypeAnnotationWalker$1 toMethodReturn ()Lorg/eclipse/jdt/internal/compiler/env/ITypeAnnotationWalker; 1 1023 0 org/eclipse/jdt/internal/compiler/lookup/SignatureWrapper atEnd ()Z 1 1147 0 org/eclipse/jdt/internal/compiler/classfmt/MethodInfo getExceptionTypeNames ()[[C 2 8 0 org/eclipse/jdt/internal/compiler/classfmt/MethodInfo readExceptionAttributes ()V 3 3 0 org/eclipse/jdt/internal/compiler/classfmt/ClassFileStruct u2At (I)I 3 24 0 org/eclipse/jdt/internal/compiler/classfmt/ClassFileStruct u2At (I)I 3 45 0 org/eclipse/jdt/internal/compiler/classfmt/ClassFileStruct u2At (I)I 3 48 0 org/eclipse/jdt/internal/compiler/classfmt/ClassFileStruct utf8At (II)[C 3 58 0 org/eclipse/jdt/core/compiler/CharOperation equals ([C[C)Z 3 69 0 org/eclipse/jdt/internal/compiler/classfmt/ClassFileStruct u2At (I)I 3 112 0 org/eclipse/jdt/internal/compiler/classfmt/ClassFileStruct u2At (I)I 3 123 0 org/eclipse/jdt/internal/compiler/classfmt/ClassFileStruct u2At (I)I 3 147 0 org/eclipse/jdt/internal/compiler/classfmt/ClassFileStruct u2At (I)I 3 150 0 org/eclipse/jdt/internal/compiler/classfmt/ClassFileStruct utf8At (II)[C 3 177 0 org/eclipse/jdt/internal/compiler/classfmt/ClassFileStruct u4At (I)I
